과목명,과목구분,운영학과,강의시간,교수명,성적평가방식,수업형태
사회봉사(1),일반선택,대학 학과공통,,류진석,PASS/FAIL,가상강의(보조강의)
교육봉사 2,교직,대학 학과공통,,박환보,PASS/FAIL,가상강의(보조강의)
교육봉사 1,교직,대학 학과공통,,박환보,PASS/FAIL,가상강의(보조강의)
성인지교육1,교직,대학 학과공통,,박환보,PASS/FAIL,가상강의(보조강의)
성인지교육2,교직,대학 학과공통,,박환보,PASS/FAIL,가상강의(보조강의)
성인지교육3,교직,대학 학과공통,,박환보,PASS/FAIL,가상강의(보조강의)
성인지교육4,교직,대학 학과공통,,박환보,PASS/FAIL,가상강의(보조강의)
현대사회와 직업의 세계,교양(소양),대학 학과공통,목14:00~16:00(교111),이승환,GRADE,가상강의(보조강의)
현대사회와 직업의 세계,교양(소양),대학 학과공통,목16:00~18:00(교111),이승환,GRADE,가상강의(보조강의)
직업과 진로,교양(소양),대학 학과공통,화14:00~16:00(교111),이승환,GRADE,가상강의(보조강의)
직업과 진로,교양(소양),대학 학과공통,화16:00~18:00(교111),이승환,GRADE,가상강의(보조강의)
스포츠융복합산업론,교양(소양),대학 학과공통,"수10:30~12:00(교202A), 금09:00~10:30(교207)",최재선,GRADE,가상강의(보조강의)
현대인의 경제활동과 법률,교양(소양),대학 학과공통,목15:00~18:00(교204A),김종희,GRADE,가상강의(보조강의)
표현과예술심리치료,교양(소양),대학 학과공통,화09:00~12:00(교208),고홍월,GRADE,가상강의(보조강의)
과학과문화,교양(소양),대학 학과공통,목09:00~12:00(농2402),최인철,GRADE,가상강의(보조강의)
정의란무엇인가,교양(소양),대학 학과공통,금09:00~12:00(교408),신진,GRADE,가상강의(보조강의)
범죄의진실과오해,교양(소양),대학 학과공통,"월10:30~12:00, 수10:30~12:00",곽대훈,GRADE,가상강의(보조강의)
범죄의진실과오해,교양(소양),대학 학과공통,"월13:00~14:30, 수13:00~14:30",곽대훈,GRADE,가상강의(보조강의)
공존을위한창의적설계,교양(소양),대학 학과공통,금09:00~12:00(공2258-B),권재열,GRADE,가상강의(보조강의)
창의적발상론,교양(소양),대학 학과공통,금09:00~12:00(공2258-C),박경혜,GRADE,가상강의(보조강의)
생활속텍스트의이해,교양(소양),대학 학과공통,목15:00~18:00(인0102),백미현,GRADE,가상강의(보조강의)
말하기와토론,교양(소양),대학 학과공통,"화16:30~18:00(사강404), 수16:30~18:00(사강404)",김수정,GRADE,가상강의(보조강의)
마음과행동의뇌과학,교양(소양),대학 학과공통,"화12:00~13:30(교301), 금10:30~12:00(교105)",한석원,GRADE,가상강의(보조강의)
K-Culture와문화마케팅,교양(소양),대학 학과공통,"화15:00~16:30(교404A), 금10:30~12:00(교202A)",황복희,GRADE,가상강의(보조강의)
4차산업혁명과공공가치,교양(소양),대학 학과공통,금12:00~15:00(교408),신진,GRADE,가상강의(보조강의)
4차산업혁명시대를위한인문학입문,교양(소양),대학 학과공통,"수15:00~16:00(교104A), 목10:00~12:00(교305)",김경배,GRADE,가상강의(보조강의)
컴퓨팅 사고와 고전읽기,교양(소양),대학 학과공통,목14:00~17:00(교407),김정숙,GRADE,가상강의(보조강의)
글로벌 네트워킹과 협력: 기본 이해와 실제,교양(소양),대학 학과공통,목15:00~18:00(공2258-G),권재열,GRADE,가상강의(보조강의)
미래지속가능 웰니스융합,교양(소양),대학 학과공통,월10:00~12:00(교303B),송영신,GRADE,가상강의(보조강의)
융복합 학문의 원리에서 배우는 삶의 지혜,교양(소양),대학 학과공통,수15:00~18:00(사강405),고세일,GRADE,가상강의(보조강의)
프로그래밍언어,교양(균형),대학 학과공통,"월10:00~11:00(공4413), 월11:00~13:00(공4413)",박승환,GRADE,가상강의(보조강의)
프로그래밍언어,교양(균형),대학 학과공통,"월13:00~14:00(공4413), 월14:00~16:00(공4413)",박승환,GRADE,가상강의(보조강의)
프로그래밍언어,교양(균형),대학 학과공통,"월16:00~17:00(공4413), 월17:00~19:00(공4413)",박승환,GRADE,가상강의(보조강의)
프로그래밍언어,교양(균형),대학 학과공통,"목14:00~15:00(산학연0210), 목15:00~17:00(산학연0210)",노경숙,GRADE,가상강의(보조강의)
컴퓨터과학적사고,교양(기초),대학 학과공통,"화16:00~18:00(교106A), 목10:00~12:00(교106A)",최미선,GRADE,가상강의(보조강의)
컴퓨터과학적사고,교양(기초),대학 학과공통,"화10:00~12:00(공5409), 금16:00~18:00(교106A)",최미선,GRADE,가상강의(보조강의)
컴퓨터과학적사고,교양(기초),대학 학과공통,"월16:00~18:00(교106A), 수13:00~15:00(교106A)",천은영,GRADE,가상강의(보조강의)
컴퓨터과학적사고,교양(기초),대학 학과공통,"월14:00~16:00(교106A), 수11:00~13:00(교106A)",천은영,GRADE,가상강의(보조강의)
컴퓨터과학적사고,교양(기초),대학 학과공통,"월10:00~12:00(교106A), 수15:00~17:00(교106A)",신효정,GRADE,가상강의(보조강의)
컴퓨터과학적사고,교양(기초),대학 학과공통,"화14:00~16:00(교106A), 목16:00~18:00(교106A)",이은주,GRADE,가상강의(보조강의)
컴퓨터과학적사고,교양(기초),대학 학과공통,"화10:00~12:00(교104A), 금16:00~18:00(교104A)",서정주,GRADE,가상강의(보조강의)
컴퓨터과학적사고,교양(기초),대학 학과공통,"월10:00~12:00(교209A), 목16:00~18:00(교408)",최미선,GRADE,가상강의(보조강의)
인공지능과 미래사회,교양(기초),대학 학과공통,,전중양,GRADE,가상강의(보조강의)
인공지능과 미래사회,교양(기초),대학 학과공통,,이민선,GRADE,가상강의(보조강의)
인공지능과 미래사회,교양(기초),대학 학과공통,,노창배,GRADE,가상강의(보조강의)
인공지능과 미래사회,교양(기초),대학 학과공통,,이상길,GRADE,가상강의(보조강의)
인공지능과 미래사회,교양(기초),대학 학과공통,,이홍로,GRADE,가상강의(보조강의)
인공지능과 미래사회,교양(기초),대학 학과공통,"수16:30~18:00(교209A), 금15:00~16:30(교209A)",이홍로,GRADE,가상강의(보조강의)
인공지능과 미래사회,교양(기초),대학 학과공통,"월13:30~15:00(교209A), 수12:00~13:30(교209A)",한희원,GRADE,가상강의(보조강의)
인공지능과 미래사회,교양(기초),대학 학과공통,"수13:30~15:00(교209A), 금12:00~13:30(교209A)",한희원,GRADE,가상강의(보조강의)
인공지능과 미래사회,교양(기초),대학 학과공통,"월12:00~13:30(농1101), 금13:30~15:00(농1101)",이돈오,GRADE,가상강의(보조강의)
인공지능과 미래사회,교양(기초),대학 학과공통,"월16:30~18:00(농1101), 금12:00~13:30(농1101)",이돈오,GRADE,가상강의(보조강의)
인공지능과 미래사회,교양(기초),대학 학과공통,"화09:00~10:30(교106A), 금09:00~10:30(교214)",노창배,GRADE,가상강의(보조강의)
인공지능과 미래사회,교양(기초),대학 학과공통,토16:00~19:00(경E203),전중양,GRADE,가상강의(보조강의)
인공지능과 미래사회,교양(기초),대학 학과공통,수15:00~18:00(교214),최훈,GRADE,가상강의(보조강의)
파이썬프로그래밍,교양(균형),대학 학과공통,"화10:00~12:00(교408), 금16:00~18:00(교408)",김대엽,GRADE,가상강의(보조강의)
파이썬프로그래밍,교양(균형),대학 학과공통,"목14:00~16:00(교106A), 금10:00~12:00(교106A)",김대엽,GRADE,가상강의(보조강의)
데이터분석 입문과활용,교양(균형),대학 학과공통,"월16:00~18:00(교408), 수13:00~15:00(교408)",신효정,GRADE,가상강의(보조강의)
컴퓨터 이해와 활용,교양(소양),대학 학과공통,"월15:00~16:30(교214), 목16:30~18:00(교214)",김상형,GRADE,가상강의(보조강의)
컴퓨터 이해와 활용,교양(소양),대학 학과공통,,김상형,GRADE,가상강의(보조강의)
컴퓨터 이해와 활용,교양(소양),대학 학과공통,"화10:30~12:00(교211), 목09:00~10:30(교211)",이민선,GRADE,가상강의(보조강의)
정보보호입문과활용,교양(소양),대학 학과공통,"월14:00~16:00(공5404), 수10:00~12:00(공5416)",원유재,GRADE,가상강의(보조강의)
법학개론,교양(균형),대학 학과공통,월15:00~18:00(법109),김권일,GRADE,가상강의(보조강의)
생활법률,교양(균형),대학 학과공통,화15:00~18:00(법101),신현석,GRADE,가상강의(보조강의)
생활법률,교양(균형),대학 학과공통,"화10:30~12:00(교214), 금15:00~16:30(교214)",류광해,GRADE,가상강의(보조강의)
생활법률,교양(균형),대학 학과공통,"화15:00~16:30(교408), 목09:00~10:30(교408)",홍승희,GRADE,가상강의(보조강의)
생활법률,교양(균형),대학 학과공통,"월10:30~12:00(교408), 수09:00~10:30(교408)",정상민,GRADE,가상강의(보조강의)
생활법률,교양(균형),대학 학과공통,화12:00~15:00(법109),류광해,GRADE,가상강의(보조강의)
인터넷과 법,교양(소양),대학 학과공통,월13:30~16:30(교301),김도경,GRADE,가상강의(보조강의)
공학법제,교양(소양),대학 학과공통,월10:30~13:30(교407),김도경,GRADE,가상강의(보조강의)
인권과 법,교양(소양),대학 학과공통,월14:00~17:00(교202A),송영현,GRADE,가상강의(보조강의)
영화속법률,교양(소양),대학 학과공통,"목10:30~12:00(교301), 금13:30~15:00(교301)",민지원,GRADE,가상강의(보조강의)
창업과법률,교양(소양),대학 학과공통,금15:00~18:00(교105),이형욱,GRADE,가상강의(보조강의)
국제사회와법이야기,교양(소양),대학 학과공통,화15:00~18:00(법106),도경옥,GRADE,가상강의(보조강의)
교양 헌법,교양(소양),대학 학과공통,목09:00~12:00(법106),명재진,GRADE,가상강의(보조강의)
교양 형법,교양(소양),대학 학과공통,월15:00~18:00(법106),김혜미,GRADE,가상강의(보조강의)
처음 만나는 민주주의,교양(소양),대학 학과공통,수15:00~18:00(법106),이승택,GRADE,가상강의(보조강의)
취업의 세계와 법,교양(소양),대학 학과공통,화15:00~18:00(법212),김기선,GRADE,가상강의(보조강의)
국제개발협력의 이해,교양(소양),대학 학과공통,금12:00~15:00(교104A),한석호,GRADE,가상강의(보조강의)
인문학적 사고와 논리,교양(기초),대학 학과공통,월11:00~13:00(교101),황인지,GRADE,가상강의(보조강의)
인문학적 사고와 논리,교양(기초),대학 학과공통,월14:00~16:00(교101),이한균,GRADE,가상강의(보조강의)
인문학적 사고와 논리,교양(기초),대학 학과공통,수13:00~15:00(교101),이윤철,GRADE,가상강의(보조강의)
인문학적 사고와 논리,교양(기초),대학 학과공통,금14:00~16:00(교101),서원혁,GRADE,가상강의(보조강의)
인문학적 사고와 논리,교양(기초),대학 학과공통,화10:00~12:00(교101),최정묵,GRADE,가상강의(보조강의)
인문학적 사고와 논리,교양(기초),대학 학과공통,수14:00~16:00(인0460),주나미,GRADE,가상강의(보조강의)
인문학적 사고와 논리,교양(기초),대학 학과공통,화10:00~12:00(인0118),김충현,GRADE,가상강의(보조강의)
인문학적 사고와 논리,교양(기초),대학 학과공통,화16:00~18:00(교101),강미숙,GRADE,가상강의(보조강의)
인문학적 사고와 논리,교양(기초),대학 학과공통,수10:00~12:00(교101),원재린,GRADE,가상강의(보조강의)
인문학적 사고와 논리,교양(기초),대학 학과공통,금12:00~14:00(교101),박서진,GRADE,가상강의(보조강의)
인문학적 사고와 논리,교양(기초),대학 학과공통,화12:00~14:00(교101),이성우,GRADE,가상강의(보조강의)
인문학적 사고와 논리,교양(기초),대학 학과공통,화14:00~16:00(교101),이양희,GRADE,가상강의(보조강의)
인문학적 사고와 논리,교양(기초),대학 학과공통,수15:00~17:00(교101),백미선,GRADE,가상강의(보조강의)
인문학적 사고와 논리,교양(기초),대학 학과공통,목16:00~18:00(교101),이기봉,GRADE,가상강의(보조강의)
인문학적 사고와 논리,교양(기초),대학 학과공통,금10:00~12:00(교101),이정란,GRADE,가상강의(보조강의)
슬기로운 대학생활,일반선택,대학 학과공통,수20:00~22:00(교308A),한동숙,PASS/FAIL,가상강의(보조강의)
3D 프린팅 입문,일반선택,대학 학과공통,월16:00~18:00(마루빌(인재개발원3층)),유태우,PASS/FAIL,가상강의(보조강의)
창업실무 특강,일반선택,대학 학과공통,목12:00~14:00(마루빌(인재개발원3층)),유태우,PASS/FAIL,가상강의(보조강의)
지역사회 연계 디지털 직무능력 개발과정,일반선택,대학 학과공통,목12:00~14:00(인0102),류병래,GRADE,가상강의(보조강의)
데이터 활용과 문제해결 실무과정,일반선택,대학 학과공통,목14:00~16:00(인0246),류병래,GRADE,가상강의(보조강의)
디지털 융합인재 양성과정,일반선택,대학 학과공통,목16:00~18:00(인0251),류병래,GRADE,가상강의(보조강의)
과학적 사고와 논리,교양(기초),대학 학과공통,월09:00~11:00(교103A),송종현,GRADE,가상강의(보조강의)
과학적 사고와 논리,교양(기초),대학 학과공통,월11:00~13:00(교103A),심경무,GRADE,가상강의(보조강의)
과학적 사고와 논리,교양(기초),대학 학과공통,월13:00~15:00(교103A),민경국,GRADE,가상강의(보조강의)
과학적 사고와 논리,교양(기초),대학 학과공통,월15:00~17:00(교103A),민경국,GRADE,가상강의(보조강의)
과학적 사고와 논리,교양(기초),대학 학과공통,월17:00~19:00(교103A),민경국,GRADE,가상강의(보조강의)
과학적 사고와 논리,교양(기초),대학 학과공통,화09:00~11:00(교103A),조창우,GRADE,가상강의(보조강의)
과학적 사고와 논리,교양(기초),대학 학과공통,화11:00~13:00(교103A),조창우,GRADE,가상강의(보조강의)
과학적 사고와 논리,교양(기초),대학 학과공통,화13:00~15:00(교103A),박종철,GRADE,가상강의(보조강의)
과학적 사고와 논리,교양(기초),대학 학과공통,화15:00~17:00(교103A),유영준,GRADE,가상강의(보조강의)
과학적 사고와 논리,교양(기초),대학 학과공통,화17:00~19:00(교103A),박종철,GRADE,가상강의(보조강의)
과학적 사고와 논리,교양(기초),대학 학과공통,수09:00~11:00(교103A),신창섭,GRADE,가상강의(보조강의)
과학적 사고와 논리,교양(기초),대학 학과공통,수11:00~13:00(교103A),박종철,GRADE,가상강의(보조강의)
과학적 사고와 논리,교양(기초),대학 학과공통,수13:00~15:00(교103A),신창섭,GRADE,가상강의(보조강의)
과학적 사고와 논리,교양(기초),대학 학과공통,수15:00~17:00(교103A),신창섭,GRADE,가상강의(보조강의)
과학적 사고와 논리,교양(기초),대학 학과공통,목09:00~11:00(교103A),유영준,GRADE,가상강의(보조강의)
과학적 사고와 논리,교양(기초),대학 학과공통,목11:00~13:00(교103A),유영준,GRADE,가상강의(보조강의)
과학적 사고와 논리,교양(기초),대학 학과공통,목13:00~15:00(교103A),조창우,GRADE,가상강의(보조강의)
과학적 사고와 논리,교양(기초),대학 학과공통,목15:00~17:00(교103A),송종현,GRADE,가상강의(보조강의)
과학적 사고와 논리,교양(기초),대학 학과공통,금09:00~11:00(교103A),심경무,GRADE,가상강의(보조강의)
과학적 사고와 논리,교양(기초),대학 학과공통,금11:00~13:00(교103A),심경무,GRADE,가상강의(보조강의)
공학입문,교양(소양),대학 학과공통,"화15:00~16:30(공4108), 금16:30~18:00(공4108)",조은현,GRADE,가상강의(보조강의)
공학입문,교양(소양),대학 학과공통,"화15:00~16:30(공4212), 금16:30~18:00(공4212)",황인찬,GRADE,가상강의(보조강의)
공학입문,교양(소양),대학 학과공통,"화16:30~18:00(공1312), 목15:00~16:30(공1312)",황인찬,GRADE,가상강의(보조강의)
공학입문,교양(소양),대학 학과공통,,,GRADE,가상강의(보조강의)
CEO의리더십과창업,교양(소양),대학 학과공통,수14:00~17:00(개발실(인재개발원3층)),김완재,GRADE,가상강의(보조강의)
독서지도의 이해,일반선택,대학 학과공통,,,GRADE,가상강의(보조강의)
알기 쉬운 기업 살림살이,일반선택,대학 학과공통,,,GRADE,가상강의(보조강의)
에듀테크의 이해,일반선택,대학 학과공통,,,GRADE,가상강의(보조강의)
인류와 문명의 이해,일반선택,대학 학과공통,화14:00~17:00,,GRADE,가상강의(보조강의)
수목보호학,일반선택,대학 학과공통,,,GRADE,가상강의(보조강의)
빅데이터이해및활용,일반선택,대학 학과공통,"월11:00~13:00, 수11:00~12:00",,GRADE,가상강의(보조강의)
영화제작에 대해 알고싶은 모든 것,일반선택,대학 학과공통,,,GRADE,가상강의(보조강의)
디지털 스토리텔링과 게임,일반선택,대학 학과공통,목16:00~17:00,,GRADE,가상강의(보조강의)
생활 속의 반도체,일반선택,대학 학과공통,수09:00~12:00,,GRADE,가상강의(보조강의)
혁신을위한모순해결,일반선택,대학 학과공통,,,GRADE,가상강의(보조강의)
로마문화와 함께 배우는 교양 라틴어,일반선택,대학 학과공통,,,GRADE,가상강의(보조강의)
비유와 우화로 보는 철학 산책,일반선택,대학 학과공통,,,GRADE,가상강의(보조강의)
잉글리시 커뮤니케이션,일반선택,대학 학과공통,,,GRADE,가상강의(보조강의)
이지중국어,일반선택,대학 학과공통,,,GRADE,가상강의(보조강의)
지구환경과 자원,일반선택,대학 학과공통,,,GRADE,가상강의(보조강의)
동양의 고전,일반선택,대학 학과공통,목16:00~17:00,,GRADE,가상강의(보조강의)
세계종교입문,일반선택,대학 학과공통,목14:00~17:00,,GRADE,가상강의(보조강의)
"(공유)빅데이터, 인공지능과 예술",일반선택,대학 학과공통,월18:30~19:30,,GRADE,가상강의(보조강의)
전염병과인류의역사,일반선택,대학 학과공통,,,GRADE,가상강의(보조강의)
광고학원론,일반선택,대학 학과공통,,,GRADE,가상강의(보조강의)
능력검정한국사따라가기,일반선택,대학 학과공통,,,GRADE,가상강의(보조강의)
실용한자와고사성어,일반선택,대학 학과공통,,,GRADE,가상강의(보조강의)
소비의이해,일반선택,대학 학과공통,,,GRADE,가상강의(보조강의)
미술 감상법,일반선택,대학 학과공통,,,GRADE,가상강의(보조강의)
심리학의 이해,일반선택,대학 학과공통,,,GRADE,가상강의(보조강의)
영어로공부하는아시아경제의이슈,일반선택,대학 학과공통,,,GRADE,가상강의(보조강의)
생활속의헌법탐험,일반선택,대학 학과공통,,,GRADE,가상강의(보조강의)
중국문자의이해,일반선택,대학 학과공통,,,GRADE,가상강의(보조강의)
생활속의 한자,일반선택,대학 학과공통,,,GRADE,가상강의(보조강의)
정보보호개론,일반선택,대학 학과공통,,,GRADE,가상강의(보조강의)
문화창업마케팅,일반선택,대학 학과공통,,,GRADE,가상강의(보조강의)
다문화사회의 이해,일반선택,대학 학과공통,,,GRADE,가상강의(보조강의)
평화사상과 통일의 길,일반선택,대학 학과공통,,,GRADE,가상강의(보조강의)
위험사회와 미래직업,일반선택,대학 학과공통,,,GRADE,가상강의(보조강의)
한옥개론,일반선택,대학 학과공통,,,GRADE,가상강의(보조강의)
환경문제와 윤리,일반선택,대학 학과공통,,,GRADE,가상강의(보조강의)
우주로의 여행,일반선택,대학 학과공통,,,GRADE,가상강의(보조강의)
여행과문화,일반선택,대학 학과공통,,,GRADE,가상강의(보조강의)
강원문화사,일반선택,대학 학과공통,,,GRADE,가상강의(보조강의)
서양고대철학,일반선택,대학 학과공통,,,GRADE,가상강의(보조강의)
중국고대철학,일반선택,대학 학과공통,,,GRADE,가상강의(보조강의)
심리학의 이해,일반선택,대학 학과공통,,,GRADE,가상강의(보조강의)
무역실무,일반선택,대학 학과공통,,,GRADE,가상강의(보조강의)
한국지형여행,일반선택,대학 학과공통,,,GRADE,가상강의(보조강의)
불교가 묻고 내가 답한다,일반선택,대학 학과공통,,,GRADE,가상강의(보조강의)
인간커뮤니케이션,일반선택,대학 학과공통,,,GRADE,가상강의(보조강의)
산업경영의이해,일반선택,대학 학과공통,,,GRADE,가상강의(보조강의)
아시아공동체의 과학과 문명,일반선택,대학 학과공통,목13:00~16:00,,GRADE,가상강의(보조강의)
대전학,일반선택,대학 학과공통,,,PASS/FAIL,가상강의(보조강의)
인문학의향기,일반선택,대학 학과공통,,,PASS/FAIL,가상강의(보조강의)
취업과 창업,교양(소양필수),대학 학과공통,,안기돈,GRADE,가상강의(보조강의)
취업과 창업,교양(소양필수),대학 학과공통,,안기돈,GRADE,가상강의(보조강의)
취업과 창업,교양(소양필수),대학 학과공통,,안기돈,GRADE,가상강의(보조강의)
취업과 창업,교양(소양필수),대학 학과공통,,안기돈,GRADE,가상강의(보조강의)
취업과 창업,교양(소양필수),대학 학과공통,,안기돈,GRADE,가상강의(보조강의)
취업과 창업,교양(소양필수),대학 학과공통,,박기문,GRADE,가상강의(보조강의)
취업과 창업,교양(소양필수),대학 학과공통,,최수훈,GRADE,가상강의(보조강의)
취업과 창업,교양(소양필수),대학 학과공통,,최수훈,GRADE,가상강의(보조강의)
취업과 창업,교양(소양필수),대학 학과공통,,최수훈,GRADE,가상강의(보조강의)
취업과 창업,교양(소양필수),대학 학과공통,,최수훈,GRADE,가상강의(보조강의)
취업과 창업,교양(소양필수),대학 학과공통,,최수훈,GRADE,가상강의(보조강의)
취업과 창업,교양(소양필수),대학 학과공통,,최수훈,GRADE,가상강의(보조강의)
취업과 창업,교양(소양필수),대학 학과공통,,최수훈,GRADE,가상강의(보조강의)
취업과 창업,교양(소양필수),대학 학과공통,월13:00~14:00(진료실기센터106),이소영,GRADE,가상강의(보조강의)
백마인턴십 Ⅱ,일반선택,대학 학과공통,,이승환,PASS/FAIL,가상강의(보조강의)
안보학,일반선택,대학 학과공통,"월15:00~16:00(학군단2층강의실), 월16:00~18:00(학군단2층강의실), 금08:00~10:00(학군단2층강의실)",학군단교관,GRADE,가상강의(보조강의)
조직리더십,일반선택,대학 학과공통,"월08:00~10:00(학군단3층강의실), 금14:00~15:00(학군단3층강의실), 금15:00~17:00(학군단3층강의실)",학군단교관,GRADE,가상강의(보조강의)
미래설계상담1,전공(기초),인문대학 국어국문학과,,윤준섭,PASS/FAIL,가상강의(보조강의)
국문학개론,전공(핵심),인문대학 국어국문학과,"월13:00~15:00(인0105), 화14:00~15:00(인0105)",윤준섭,GRADE,가상강의(보조강의)
국문학개론,전공(핵심),인문대학 국어국문학과,"월10:00~12:00(인0104), 수10:00~11:00(인0104)",윤보윤,GRADE,가상강의(보조강의)
국어학개론,전공(핵심),인문대학 국어국문학과,"화16:00~17:00(인0104), 목10:00~12:00(인0104)",이금영,GRADE,가상강의(보조강의)
국어학개론,전공(핵심),인문대학 국어국문학과,"화15:00~16:00(인0120), 수16:00~18:00(인0120)",박재희,GRADE,가상강의(보조강의)
영화와문학,교양(소양),인문대학 국어국문학과,"수10:30~12:00(교208), 금09:00~10:30(교208)",조규찬,GRADE,가상강의(보조강의)
영화와문학,교양(소양),인문대학 국어국문학과,"월15:00~16:30(교208), 목16:30~18:00(교208)",권양현,GRADE,가상강의(보조강의)
공학논문작성과 발표,교양(소양),인문대학 국어국문학과,"월16:30~18:00(교208), 수15:00~16:30(교208)",김현화,GRADE,가상강의(보조강의)
자연과학글쓰기,교양(소양),인문대학 국어국문학과,"월09:00~10:30(교307), 목10:30~12:00(교307)",오영록,GRADE,가상강의(보조강의)
한국어 쓰기 1,교양(소양),인문대학 국어국문학과,"화12:00~13:30(교211), 금13:30~15:00(교211)",장지현,GRADE,가상강의(보조강의)
한국어 쓰기 1,교양(소양),인문대학 국어국문학과,"화16:30~18:00(교208), 목15:00~16:30(교208)",유소연,GRADE,가상강의(보조강의)
한국어 쓰기 2,교양(소양),인문대학 국어국문학과,"월13:30~15:00(교208), 수12:00~13:30(교208)",이정은,GRADE,가상강의(보조강의)
한국어 쓰기 2,교양(소양),인문대학 국어국문학과,"월09:00~10:30(교208), 목10:30~12:00(교208)",이정은,GRADE,가상강의(보조강의)
콘텐츠 창작 글쓰기,교양(소양),인문대학 국어국문학과,"수10:30~12:00(교307), 금09:00~10:30(교307)",양미영,GRADE,가상강의(보조강의)
콘텐츠 창작 글쓰기,교양(소양),인문대학 국어국문학과,"월12:00~13:30(교208), 목13:30~15:00(교208)",유정미,GRADE,가상강의(보조강의)
현대사회와 실용 글쓰기,교양(소양),인문대학 국어국문학과,"수13:30~15:00(교208), 금12:00~13:30(교208)",홍희정,GRADE,가상강의(보조강의)
현대사회와 실용 글쓰기,교양(소양),인문대학 국어국문학과,"화13:30~15:00(교208), 목12:00~13:30(교208)",이윤희,GRADE,가상강의(보조강의)
대학글쓰기,교양(기초),인문대학 국어국문학과,월10:00~12:00(교213),유정미,GRADE,가상강의(보조강의)
대학글쓰기,교양(기초),인문대학 국어국문학과,월12:00~14:00(교213),박종윤,GRADE,가상강의(보조강의)
대학글쓰기,교양(기초),인문대학 국어국문학과,월14:00~16:00(교213),박상완,GRADE,가상강의(보조강의)
대학글쓰기,교양(기초),인문대학 국어국문학과,월16:00~18:00(교213),박종윤,GRADE,가상강의(보조강의)
대학글쓰기,교양(기초),인문대학 국어국문학과,화09:00~11:00(교213),윤준섭,GRADE,가상강의(보조강의)
대학글쓰기,교양(기초),인문대학 국어국문학과,화11:00~13:00(교213),차진명,GRADE,가상강의(보조강의)
대학글쓰기,교양(기초),인문대학 국어국문학과,화14:00~16:00(교213),송미영,GRADE,가상강의(보조강의)
대학글쓰기,교양(기초),인문대학 국어국문학과,화16:00~18:00(교213),김순재,GRADE,가상강의(보조강의)
대학글쓰기,교양(기초),인문대학 국어국문학과,수10:00~12:00(교213),홍희정,GRADE,가상강의(보조강의)
대학글쓰기,교양(기초),인문대학 국어국문학과,수12:00~14:00(교213),임은경,GRADE,가상강의(보조강의)
대학글쓰기,교양(기초),인문대학 국어국문학과,수14:00~16:00(교213),김성옥,GRADE,가상강의(보조강의)
대학글쓰기,교양(기초),인문대학 국어국문학과,수16:00~18:00(교213),임은경,GRADE,가상강의(보조강의)
대학글쓰기,교양(기초),인문대학 국어국문학과,목10:00~12:00(교213),홍희정,GRADE,가상강의(보조강의)
대학글쓰기,교양(기초),인문대학 국어국문학과,목12:00~14:00(교213),백윤경,GRADE,가상강의(보조강의)
대학글쓰기,교양(기초),인문대학 국어국문학과,목14:00~16:00(교213),김성옥,GRADE,가상강의(보조강의)
대학글쓰기,교양(기초),인문대학 국어국문학과,목16:00~18:00(교213),김기영,GRADE,가상강의(보조강의)
대학글쓰기,교양(기초),인문대학 국어국문학과,금09:00~11:00(교213),송지혜,GRADE,가상강의(보조강의)
대학글쓰기,교양(기초),인문대학 국어국문학과,금11:00~13:00(교213),정기선,GRADE,가상강의(보조강의)
대학글쓰기,교양(기초),인문대학 국어국문학과,금13:00~15:00(교213),오영록,GRADE,가상강의(보조강의)
대학글쓰기,교양(기초),인문대학 국어국문학과,금15:00~17:00(교213),정기선,GRADE,가상강의(보조강의)
대학글쓰기,교양(기초),인문대학 국어국문학과,금11:00~13:00(교210),송지혜,GRADE,가상강의(보조강의)
대학글쓰기,교양(기초),인문대학 국어국문학과,월12:00~14:00(교306),김현화,GRADE,가상강의(보조강의)
대학글쓰기,교양(기초),인문대학 국어국문학과,월14:00~16:00(교306),유정미,GRADE,가상강의(보조강의)
대학글쓰기,교양(기초),인문대학 국어국문학과,월16:00~18:00(교306),오세란,GRADE,가상강의(보조강의)
대학글쓰기,교양(기초),인문대학 국어국문학과,화10:00~12:00(교306),박성준,GRADE,가상강의(보조강의)
대학글쓰기,교양(기초),인문대학 국어국문학과,화12:00~14:00(교306),박성준,GRADE,가상강의(보조강의)
대학글쓰기,교양(기초),인문대학 국어국문학과,화14:00~16:00(교306),한주희,GRADE,가상강의(보조강의)
대학글쓰기,교양(기초),인문대학 국어국문학과,화16:00~18:00(교306),한주희,GRADE,가상강의(보조강의)
대학글쓰기,교양(기초),인문대학 국어국문학과,수10:00~12:00(교306),오세란,GRADE,가상강의(보조강의)
대학글쓰기,교양(기초),인문대학 국어국문학과,수12:00~14:00(교306),오세란,GRADE,가상강의(보조강의)
대학글쓰기,교양(기초),인문대학 국어국문학과,수14:00~16:00(교306),김정인,GRADE,가상강의(보조강의)
대학글쓰기,교양(기초),인문대학 국어국문학과,수16:00~18:00(교306),유현승,GRADE,가상강의(보조강의)
대학글쓰기,교양(기초),인문대학 국어국문학과,목10:00~12:00(교306),김순재,GRADE,가상강의(보조강의)
대학글쓰기,교양(기초),인문대학 국어국문학과,목12:00~14:00(교306),김순재,GRADE,가상강의(보조강의)
대학글쓰기,교양(기초),인문대학 국어국문학과,목14:00~16:00(교306),이근영,GRADE,가상강의(보조강의)
대학글쓰기,교양(기초),인문대학 국어국문학과,목16:00~18:00(교306),박종덕,GRADE,가상강의(보조강의)
대학글쓰기,교양(기초),인문대학 국어국문학과,금09:00~11:00(교306),지민재,GRADE,가상강의(보조강의)
대학글쓰기,교양(기초),인문대학 국어국문학과,금11:00~13:00(교306),지민재,GRADE,가상강의(보조강의)
대학글쓰기,교양(기초),인문대학 국어국문학과,금13:00~15:00(교306),이미경,GRADE,가상강의(보조강의)
대학글쓰기,교양(기초),인문대학 국어국문학과,금15:00~17:00(교307),이미경,GRADE,가상강의(보조강의)
대학글쓰기,교양(기초),인문대학 국어국문학과,월10:00~12:00(교201),류상범,GRADE,가상강의(보조강의)
대학글쓰기,교양(기초),인문대학 국어국문학과,월12:00~14:00(교201),류상범,GRADE,가상강의(보조강의)
대학글쓰기,교양(기초),인문대학 국어국문학과,월14:00~16:00(교201),백민정,GRADE,가상강의(보조강의)
대학글쓰기,교양(기초),인문대학 국어국문학과,월16:00~18:00(교201),백민정,GRADE,가상강의(보조강의)
대학글쓰기,교양(기초),인문대학 국어국문학과,화10:00~12:00(교201),박종윤,GRADE,가상강의(보조강의)
대학글쓰기,교양(기초),인문대학 국어국문학과,화12:00~14:00(교201),이하은,GRADE,가상강의(보조강의)
대학글쓰기,교양(기초),인문대학 국어국문학과,화14:00~16:00(교201),권양현,GRADE,가상강의(보조강의)
대학글쓰기,교양(기초),인문대학 국어국문학과,화16:00~18:00(교201),백민정,GRADE,가상강의(보조강의)
대학글쓰기,교양(기초),인문대학 국어국문학과,수09:00~11:00(교201),이근영,GRADE,가상강의(보조강의)
대학글쓰기,교양(기초),인문대학 국어국문학과,수11:00~13:00(교201),장지현,GRADE,가상강의(보조강의)
대학글쓰기,교양(기초),인문대학 국어국문학과,수13:00~15:00(교201),김기영,GRADE,가상강의(보조강의)
대학글쓰기,교양(기초),인문대학 국어국문학과,수15:00~17:00(교201),함병호,GRADE,가상강의(보조강의)
대학글쓰기,교양(기초),인문대학 국어국문학과,목09:00~11:00(교201),김성옥,GRADE,가상강의(보조강의)
대학글쓰기,교양(기초),인문대학 국어국문학과,목11:00~13:00(교201),김성옥,GRADE,가상강의(보조강의)
대학글쓰기,교양(기초),인문대학 국어국문학과,금13:00~15:00(교210),조규찬,GRADE,가상강의(보조강의)
대학글쓰기,교양(기초),인문대학 국어국문학과,목16:00~18:00(교201),이근영,GRADE,가상강의(보조강의)
대학글쓰기,교양(기초),인문대학 국어국문학과,목12:00~14:00(교101),이미경,GRADE,가상강의(보조강의)
대학글쓰기,교양(기초),인문대학 국어국문학과,금11:00~13:00(교201),이상숙,GRADE,가상강의(보조강의)
대학글쓰기,교양(기초),인문대학 국어국문학과,금13:00~15:00(교201),류상범,GRADE,가상강의(보조강의)
대학글쓰기,교양(기초),인문대학 국어국문학과,화09:00~11:00(교207),이정은,GRADE,가상강의(보조강의)
대학글쓰기,교양(기초),인문대학 국어국문학과,월10:00~12:00(교210),지민재,GRADE,가상강의(보조강의)
대학글쓰기,교양(기초),인문대학 국어국문학과,화09:00~11:00(교210),차진명,GRADE,가상강의(보조강의)
대학글쓰기,교양(기초),인문대학 국어국문학과,화11:00~13:00(교210),박종덕,GRADE,가상강의(보조강의)
대학글쓰기,교양(기초),인문대학 국어국문학과,화13:00~15:00(교210),유현승,GRADE,가상강의(보조강의)
대학글쓰기,교양(기초),인문대학 국어국문학과,화16:00~18:00(교210),송지혜,GRADE,가상강의(보조강의)
대학글쓰기,교양(기초),인문대학 국어국문학과,수09:00~11:00(교210),차진명,GRADE,가상강의(보조강의)
대학글쓰기,교양(기초),인문대학 국어국문학과,수13:00~15:00(교210),양미영,GRADE,가상강의(보조강의)
대학글쓰기,교양(기초),인문대학 국어국문학과,수16:00~18:00(교210),차진명,GRADE,가상강의(보조강의)
대학글쓰기,교양(기초),인문대학 국어국문학과,목09:00~11:00(교210),백윤경,GRADE,가상강의(보조강의)
대학글쓰기,교양(기초),인문대학 국어국문학과,목11:00~13:00(교210),고영진,GRADE,가상강의(보조강의)
대학글쓰기,교양(기초),인문대학 국어국문학과,목13:00~15:00(교210),고영진,GRADE,가상강의(보조강의)
대학글쓰기,교양(기초),인문대학 국어국문학과,월12:00~14:00(인0460),신효경,GRADE,가상강의(보조강의)
대학글쓰기,교양(기초),인문대학 국어국문학과,목14:00~16:00(교201),함병호,GRADE,가상강의(보조강의)
대학글쓰기,교양(기초),인문대학 국어국문학과,금16:00~18:00(경E203),이하은,GRADE,가상강의(보조강의)
한국인의 삶과 문학,교양(균형),인문대학 국어국문학과,"화10:30~12:00(교307), 목09:00~10:30(교307)",이하은,GRADE,가상강의(보조강의)
행복한 삶을 위한 말하기,교양(균형),인문대학 국어국문학과,"월10:30~12:00(교208), 수09:00~10:30(교208)",장지현,GRADE,가상강의(보조강의)
미래설계상담3,전공(기초),인문대학 국어국문학과,,윤준섭,PASS/FAIL,가상강의(보조강의)
국어문법론,전공(핵심),인문대학 국어국문학과,"화13:00~14:00(인0120), 수13:00~15:00(인0120)",박재희,GRADE,가상강의(보조강의)
영상예술시대의희곡론,전공(핵심),인문대학 국어국문학과,"월16:00~18:00(인0120), 목15:00~16:00(인0120)",윤석진,GRADE,가상강의(보조강의)
현대시명작읽기,전공(심화),인문대학 국어국문학과,"월12:00~13:00(인0120), 화10:00~12:00(인0120)",이형권,GRADE,가상강의(보조강의)
시조가사명작감상,전공(심화),인문대학 국어국문학과,"수11:00~12:00(인0105), 목10:00~12:00(인0105)",정기선,GRADE,가상강의(보조강의)
텍스트의이해와실제,전공(심화),인문대학 국어국문학과,"수15:00~16:00(인0105), 목16:00~18:00(인0105)",유세진,GRADE,가상강의(보조강의)
미래설계상담5,전공(기초),인문대학 국어국문학과,,윤준섭,PASS/FAIL,가상강의(보조강의)
현대문학교육론,전공(심화),인문대학 국어국문학과,"수14:00~16:00(인0104), 목15:00~16:00(인0104)",송기섭,GRADE,가상강의(보조강의)
국문학사,전공(핵심),인문대학 국어국문학과,"월12:00~13:00(인0105), 수12:00~14:00(인0105)",윤보윤,GRADE,가상강의(보조강의)
국어의미론,전공(핵심),인문대학 국어국문학과,"월14:00~16:00(인0104), 수11:00~12:00(인0104)",함병호,GRADE,가상강의(보조강의)
소설론,전공(심화),인문대학 국어국문학과,"화14:00~16:00(인0104), 목13:00~14:00(인0104)",송기섭,GRADE,가상강의(보조강의)
조선조시가론,전공(심화),인문대학 국어국문학과,"월10:00~12:00(인0105), 수10:00~11:00(인0105)",정기선,GRADE,가상강의(보조강의)
민속학의 이해,전공(핵심),인문대학 국어국문학과,"월16:00~18:00(인0105), 화11:00~12:00(인0105)",윤준섭,GRADE,가상강의(보조강의)
국어규범론,전공(심화),인문대학 국어국문학과,"화16:00~18:00(인0120), 목14:00~15:00(인0120)",김정태,GRADE,가상강의(보조강의)
비교문학의이해,전공(심화),인문대학 국어국문학과,"화13:00~14:00(인0105), 수16:00~18:00(인0105)",홍혜원,GRADE,가상강의(보조강의)
비평론,전공(심화),인문대학 국어국문학과,"화15:00~17:00(인0105), 수14:00~15:00(인0105)",홍혜원,GRADE,가상강의(보조강의)
국어방언학,전공(심화),인문대학 국어국문학과,"월12:00~14:00(인0104), 화13:00~14:00(인0104)",유소연,GRADE,가상강의(보조강의)
외국어로서의 한국어교육,전공(심화),인문대학 국어국문학과,"화10:00~12:00(인0104), 목16:00~17:00(인0104)",이금영,GRADE,가상강의(보조강의)
고전소설론,전공(심화),인문대학 국어국문학과,"수10:00~12:00(인0120), 목13:00~14:00(인0120)",김현화,GRADE,가상강의(보조강의)
고전시가의이해,전공(심화),인문대학 국어국문학과,"화17:00~18:00(인0104), 수16:00~18:00(인0104)",김기영,GRADE,가상강의(보조강의)
영어회화1,전공(기초),인문대학 영어영문학과,월16:00~18:00(인0456),제러미로렌스셜리번,GRADE,가상강의(보조강의)
영어회화1,전공(기초),인문대학 영어영문학과,금10:00~12:00(인0501),제러미로렌스셜리번,GRADE,가상강의(보조강의)
영어회화1,전공(기초),인문대학 영어영문학과,월14:00~16:00(인0133),버나드 의성 박,GRADE,가상강의(보조강의)
영어회화1,전공(기초),인문대학 영어영문학과,화14:00~16:00(인0501),버나드 의성 박,GRADE,가상강의(보조강의)
영어회화1,전공(기초),인문대학 영어영문학과,화16:00~18:00(인0501),버나드 의성 박,GRADE,가상강의(보조강의)
영어회화1,전공(기초),인문대학 영어영문학과,수15:00~17:00(인0456),버나드 의성 박,GRADE,가상강의(보조강의)
영작문 1,전공(기초),인문대학 영어영문학과,월14:00~16:00(인0501),제러미로렌스셜리번,GRADE,가상강의(보조강의)
영작문 1,전공(기초),인문대학 영어영문학과,화10:00~12:00(인0501),제러미로렌스셜리번,GRADE,가상강의(보조강의)
영작문 1,전공(기초),인문대학 영어영문학과,화12:00~14:00(인0501),제러미로렌스셜리번,GRADE,가상강의(보조강의)
영작문 1,전공(기초),인문대학 영어영문학과,월16:00~18:00(인0501),버나드 의성 박,GRADE,가상강의(보조강의)
영작문 1,전공(기초),인문대학 영어영문학과,수12:00~14:00(인0456),버나드 의성 박,GRADE,가상강의(보조강의)
영작문 1,전공(기초),인문대학 영어영문학과,목16:00~18:00(인0501),버나드 의성 박,GRADE,가상강의(보조강의)
영미명작읽기,교양(균형),인문대학 영어영문학과,"화12:00~13:00(교106A), 목12:00~14:00(교106A)",정귀훈,GRADE,가상강의(보조강의)
통합영어,교양(소양),인문대학 영어영문학과,"월10:30~12:00(공2258-G), 수09:00~10:30(공2258-G)",러셀커크비,GRADE,가상강의(보조강의)
통합영어,교양(소양),인문대학 영어영문학과,"월13:30~15:00(공2258-G), 수12:00~13:30(공2258-G)",러셀커크비,GRADE,가상강의(보조강의)
통합영어,교양(소양),인문대학 영어영문학과,"월16:30~18:00(공2258-G), 수15:00~16:30(공2258-G)",러셀커크비,GRADE,가상강의(보조강의)
실용의사소통영어,교양(소양),인문대학 영어영문학과,"화16:30~18:00(공2258-H), 목15:00~16:30(공2258-H)",정귀훈,GRADE,가상강의(보조강의)
실용의사소통영어,교양(소양),인문대학 영어영문학과,"수10:30~12:00(공2258-H), 금10:30~12:00(공2258-H)",우든버그 네이든 아서,GRADE,가상강의(보조강의)
실용의사소통영어,교양(소양),인문대학 영어영문학과,"수13:30~15:00(공2258-H), 목13:30~15:00(공2258-H)",우든버그 네이든 아서,GRADE,가상강의(보조강의)
World Englishes and Cross-cultural Communication,교양(소양),인문대학 영어영문학과,"화12:00~13:00(교104A), 목12:00~14:00(교104A)",김웅식,GRADE,가상강의(보조강의)
시사영어,교양(소양),인문대학 영어영문학과,"화13:00~15:00(교104A), 목14:00~15:00(교104A)",유명혜,GRADE,가상강의(보조강의)
고급영문읽기,교양(소양),인문대학 영어영문학과,"화15:00~16:00(교104A), 목15:00~17:00(교104A)",최동오,GRADE,가상강의(보조강의)
영미언어와문화,교양(균형),인문대학 영어영문학과,"화16:00~18:00(교104A), 목17:00~18:00(교104A)",김웅식,GRADE,가상강의(보조강의)
영어발음의기초,교양(소양),인문대학 영어영문학과,목15:00~18:00(인0465),조현관,GRADE,가상강의(보조강의)
중급영어회화,교양(소양),인문대학 영어영문학과,"화13:30~15:00(공2258-E), 목12:00~13:30(공2258-E)",고윤힐,GRADE,가상강의(보조강의)
영미문화읽기:주제별,교양(소양),인문대학 영어영문학과,"월12:00~13:00(인0124), 목12:00~14:00(인0124)",제러미로렌스셜리번,GRADE,가상강의(보조강의)
대학생활과 진로설계,교양(소양필수),인문대학 영어영문학과,수17:00~18:00(인0124),김명주,GRADE,가상강의(보조강의)
대학영어 ,교양(기초),인문대학 영어영문학과,"화15:00~16:30(인0132), 목15:00~16:30(인0133)",김명주,GRADE,가상강의(보조강의)
대학영어 ,교양(기초),인문대학 영어영문학과,"월15:00~16:30(공2258-B), 목16:30~18:00(공2258-B)",박종성,GRADE,가상강의(보조강의)
대학영어 ,교양(기초),인문대학 영어영문학과,"월16:30~18:00(공2258-B), 수15:00~16:30(공2258-B)",박종성,GRADE,가상강의(보조강의)
대학영어 ,교양(기초),인문대학 영어영문학과,"월13:30~15:00(공2258-C), 목12:00~13:30(공2258-C)",최동오,GRADE,가상강의(보조강의)
대학영어 ,교양(기초),인문대학 영어영문학과,"월10:30~12:00(공2258-D), 수10:30~12:00(공2258-D)",한정민,GRADE,가상강의(보조강의)
대학영어 ,교양(기초),인문대학 영어영문학과,"화10:30~12:00(공2258-B), 목15:00~16:30(공2258-B)",채희숙,GRADE,가상강의(보조강의)
대학영어 ,교양(기초),인문대학 영어영문학과,"월10:30~12:00(공2258-E), 화12:00~13:30(공2258-E)",정혜인,GRADE,가상강의(보조강의)
대학영어 ,교양(기초),인문대학 영어영문학과,"목16:30~18:00(공2258-A), 금12:00~13:30(공2258-A)",송숙이,GRADE,가상강의(보조강의)
대학영어 ,교양(기초),인문대학 영어영문학과,"화10:30~12:00(공2258-A), 수12:00~13:30(공2258-A)",전주현,GRADE,가상강의(보조강의)
대학영어 ,교양(기초),인문대학 영어영문학과,"월09:00~10:30(공2258-A), 목10:30~12:00(공2258-A)",스티븐 로랜드,GRADE,가상강의(보조강의)
대학영어 ,교양(기초),인문대학 영어영문학과,"월12:00~13:30(공2258-A), 목13:30~15:00(공2258-A)",스티븐 로랜드,GRADE,가상강의(보조강의)
대학영어 ,교양(기초),인문대학 영어영문학과,"월15:00~16:30(공2258-D), 목16:30~18:00(공2258-D)",스티븐 로랜드,GRADE,가상강의(보조강의)
대학영어 ,교양(기초),인문대학 영어영문학과,"화13:30~15:00(공2258-B), 목12:00~13:30(공2258-B)",루크윌리엄바이비,GRADE,가상강의(보조강의)
대학영어 ,교양(기초),인문대학 영어영문학과,"화16:30~18:00(공2258-C), 목15:00~16:30(공2258-C)",루크윌리엄바이비,GRADE,가상강의(보조강의)
대학영어 ,교양(기초),인문대학 영어영문학과,"화10:30~12:00(공2258-C), 수16:30~18:00(공2258-C)",루크윌리엄바이비,GRADE,가상강의(보조강의)
대학영어 ,교양(기초),인문대학 영어영문학과,"화15:00~16:30(공2258-C), 수15:00~16:30(공2258-C)",매튜앨런렌크,GRADE,가상강의(보조강의)
대학영어 ,교양(기초),인문대학 영어영문학과,"화13:30~15:00(공2258-C), 수13:30~15:00(공2258-C)",매튜앨런렌크,GRADE,가상강의(보조강의)
대학영어 ,교양(기초),인문대학 영어영문학과,"화10:30~12:00(공2258-E), 수10:30~12:00(공2258-E)",매튜앨런렌크,GRADE,가상강의(보조강의)
대학영어 ,교양(기초),인문대학 영어영문학과,"수12:00~13:30(공2258-E), 금10:30~12:00(공2258-E)",대럴 몽크맨,GRADE,가상강의(보조강의)
대학영어 ,교양(기초),인문대학 영어영문학과,"수16:30~18:00(공2258-D), 금12:00~13:30(공2258-D)",대럴 몽크맨,GRADE,가상강의(보조강의)
대학영어 ,교양(기초),인문대학 영어영문학과,"월16:30~18:00(공2258-A), 수15:00~16:30(공2258-A)",유영옥,GRADE,가상강의(보조강의)
대학영어 ,교양(기초),인문대학 영어영문학과,"수09:00~10:30(공2258-C), 목10:30~12:00(공2258-C)",양정연,GRADE,가상강의(보조강의)
대학영어 ,교양(기초),인문대학 영어영문학과,"수10:30~12:00(공2258-A), 목12:00~13:30(공2258-A)",양정연,GRADE,가상강의(보조강의)
대학영어 ,교양(기초),인문대학 영어영문학과,"월13:30~15:00(공2258-D), 수13:30~15:00(공2258-D)",한정민,GRADE,가상강의(보조강의)
대학영어 ,교양(기초),인문대학 영어영문학과,토09:00~12:00(다2358),유영옥,GRADE,가상강의(보조강의)
대학영어 ,교양(기초),인문대학 영어영문학과,토13:00~16:00(경E203),우든버그 네이든 아서,GRADE,가상강의(보조강의)
영어발표와 의사소통,교양(기초),인문대학 영어영문학과,"화16:30~18:00(공2258-E), 목15:00~16:30(공2258-E)",고윤힐,GRADE,가상강의(보조강의)
영어발표와 의사소통,교양(기초),인문대학 영어영문학과,"목15:00~16:30(공2258-A), 금10:30~12:00(공2258-A)",송숙이,GRADE,가상강의(보조강의)
영어발표와 의사소통,교양(기초),인문대학 영어영문학과,"화13:30~15:00(공2258-A), 수13:30~15:00(공2258-A)",전주현,GRADE,가상강의(보조강의)
영어발표와 의사소통,교양(기초),인문대학 영어영문학과,"월13:30~15:00(공2258-E), 화15:00~16:30(공2258-E)",정혜인,GRADE,가상강의(보조강의)
영어발표와 의사소통,교양(기초),인문대학 영어영문학과,"월12:00~13:30(공2258-E), 목13:30~15:00(공2258-E)",마이클존휴즈,GRADE,가상강의(보조강의)
영어발표와 의사소통,교양(기초),인문대학 영어영문학과,"월15:00~16:30(공2258-C), 목16:30~18:00(공2258-C)",마이클존휴즈,GRADE,가상강의(보조강의)
영어발표와 의사소통,교양(기초),인문대학 영어영문학과,"화13:30~15:00(공2258-D), 목12:00~13:30(공2258-D)",마이클존휴즈,GRADE,가상강의(보조강의)
미래설계상담2,전공(기초),인문대학 영어영문학과,,김명주,PASS/FAIL,가상강의(보조강의)
영문법,전공(기초),인문대학 영어영문학과,"화12:00~13:00(인0124), 금11:00~13:00(인0124)",최재훈,GRADE,가상강의(보조강의)
영문법,전공(기초),인문대학 영어영문학과,"월10:00~12:00(인0465), 수16:00~17:00(인0465)",유명혜,GRADE,가상강의(보조강의)
영어음성학,전공(핵심),인문대학 영어영문학과,화15:00~18:00(인0460),조현관,GRADE,가상강의(보조강의)
영어회화 3,전공(심화),인문대학 영어영문학과,금12:00~14:00(인0501),제러미로렌스셜리번,GRADE,가상강의(보조강의)
영어회화 3,전공(심화),인문대학 영어영문학과,월12:00~14:00(인0456),버나드 의성 박,GRADE,가상강의(보조강의)
영국문학의 이해,전공(기초),인문대학 영어영문학과,"화13:00~15:00(인0460), 목14:00~15:00(인0460)",박종성,GRADE,가상강의(보조강의)
영국문학의 이해,전공(기초),인문대학 영어영문학과,"화12:00~13:00(인0465), 목15:00~17:00(인0460)",박은경,GRADE,가상강의(보조강의)
희곡의 이해,전공(핵심),인문대학 영어영문학과,"월14:00~15:00(인0465), 수13:00~15:00(인0465)",정귀훈,GRADE,가상강의(보조강의)
희곡의 이해,전공(핵심),인문대학 영어영문학과,"수16:00~17:00(인0460), 목10:00~12:00(인0460)",오길영,GRADE,가상강의(보조강의)
현대 미국소설,전공(핵심),인문대학 영어영문학과,"월16:00~18:00(인0465), 수15:00~16:00(인0465)",김명주,GRADE,가상강의(보조강의)
미래설계상담4,전공(기초),인문대학 영어영문학과,,김명주,PASS/FAIL,가상강의(보조강의)
19세기 미국소설,전공(핵심),인문대학 영어영문학과,"화09:00~10:00(인0465), 목10:00~12:00(인0465)",엄정헌,GRADE,가상강의(보조강의)
중세·르네상스 영국문학,전공(핵심),인문대학 영어영문학과,"월10:00~12:00(인0460), 화12:00~13:00(인0460)",최동오,GRADE,가상강의(보조강의)
영어통사론,전공(심화),인문대학 영어영문학과,"화11:00~12:00(인0124), 목10:00~12:00(인0124)",최재훈,GRADE,가상강의(보조강의)
멀티미디어 영어교육,전공(심화),인문대학 영어영문학과,"화17:00~18:00(인0124), 수12:00~14:00(인0124)",이상희,GRADE,가상강의(보조강의)
인지와언어,전공(핵심),인문대학 영어영문학과,"화10:00~12:00(인0465), 수11:00~12:00(인0465)",백미현,GRADE,가상강의(보조강의)
인지와언어,전공(핵심),인문대학 영어영문학과,"화15:00~17:00(인0465), 수10:00~11:00(인0465)",백미현,GRADE,가상강의(보조강의)
낭만주의문학,전공(핵심),인문대학 영어영문학과,"화10:00~12:00(인0460), 목17:00~18:00(인0460)",최동오,GRADE,가상강의(보조강의)
기초영한번역,전공(핵심),인문대학 영어영문학과,"월15:00~16:00(인0465), 목12:00~14:00(인0465)",주진국,GRADE,가상강의(보조강의)
기초영한번역,전공(핵심),인문대학 영어영문학과,"월16:00~17:00(인0460), 목15:00~17:00(인0124)",주진국,GRADE,가상강의(보조강의)
미래설계상담6,전공(기초),인문대학 영어영문학과,,김명주,PASS/FAIL,가상강의(보조강의)
영미문예사조,전공(심화),인문대학 영어영문학과,"화16:00~17:00(인0124), 수10:00~12:00(인0124)",오길영,GRADE,가상강의(보조강의)
영어학연구,전공(심화),인문대학 영어영문학과,"화13:00~15:00(인0124), 목14:00~15:00(인0124)",채희숙,GRADE,가상강의(보조강의)
영미아동문학,전공(심화),인문대학 영어영문학과,"월14:00~16:00(인0460), 수11:00~12:00(인0460)",박은경,GRADE,가상강의(보조강의)
독회화1,전공(기초),인문대학 독어독문학과,"화10:00~12:00(인0360), 목13:00~14:00(인0360)",켈핀 말테,GRADE,가상강의(보조강의)
독회화1,전공(기초),인문대학 독어독문학과,"화13:00~14:00(인0360), 목10:00~12:00(인0360)",켈핀 말테,GRADE,가상강의(보조강의)
독문법,전공(핵심),인문대학 독어독문학과,"월14:00~16:00(인0122), 수13:00~14:00(인0122)",이정현,GRADE,가상강의(보조강의)
독일어 발음과 어휘,전공(핵심),인문대학 독어독문학과,"화15:00~17:00(인0122), 목15:00~16:00(인0122)",민향기,GRADE,가상강의(보조강의)
독일영화의 이해,전공(핵심),인문대학 독어독문학과,"화14:00~15:00(인0122), 수15:00~17:00(인0122)",임유영,GRADE,가상강의(보조강의)
기초독일어,교양(기초),인문대학 독어독문학과,"월14:00~16:00(교102A), 수13:00~14:00(교102A)",임유영,GRADE,가상강의(보조강의)
기초독일어,교양(기초),인문대학 독어독문학과,"월16:00~18:00(교102A), 수09:00~10:00(교102A)",이해정,GRADE,가상강의(보조강의)
기초독일어,교양(기초),인문대학 독어독문학과,"월09:00~10:00(교102A), 화09:00~11:00(교102A)",이해정,GRADE,가상강의(보조강의)
기초독일어,교양(기초),인문대학 독어독문학과,"화11:00~12:00(교102A), 목10:00~12:00(교102A)",임유영,GRADE,가상강의(보조강의)
기초독일어,교양(기초),인문대학 독어독문학과,"화16:00~18:00(교102A), 목17:00~18:00(교102A)",함수옥,GRADE,가상강의(보조강의)
독일명작의 이해,교양(균형),인문대학 독어독문학과,"월10:00~12:00(교102A), 수12:00~13:00(교102A)",임유영,GRADE,가상강의(보조강의)
독일문화 산책,교양(균형),인문대학 독어독문학과,"월12:00~14:00(교102A), 수11:00~12:00(교102A)",이군호,GRADE,가상강의(보조강의)
대학생활과 진로설계,교양(소양필수),인문대학 독어독문학과,목14:00~15:00(인0122),이정현,GRADE,가상강의(보조강의)
미래설계상담2,전공(기초),인문대학 독어독문학과,,이정현,PASS/FAIL,가상강의(보조강의)
독문학입문,전공(기초),인문대학 독어독문학과,"화12:00~13:00(인0110), 목10:00~12:00(인0110)",이군호,GRADE,가상강의(보조강의)
독회화3,전공(기초),인문대학 독어독문학과,"월10:00~12:00(인0360), 수13:00~14:00(인0360)",켈핀 말테,GRADE,가상강의(보조강의)
독회화3,전공(기초),인문대학 독어독문학과,"월13:00~14:00(인0360), 수10:00~12:00(인0360)",켈핀 말테,GRADE,가상강의(보조강의)
독일어권 지역학 입문,전공(핵심),인문대학 독어독문학과,"화10:00~12:00(인0110), 목14:00~15:00(인0110)",서경홍,GRADE,가상강의(보조강의)
독일의 언어와 비즈니스 문화,전공(심화),인문대학 독어독문학과,월14:00~17:00(인0110),정영호,GRADE,가상강의(보조강의)
미래설계상담4,전공(기초),인문대학 독어독문학과,,이정현,PASS/FAIL,가상강의(보조강의)
독일드라마감상,전공(심화),인문대학 독어독문학과,"월15:00~17:00(인0103), 수16:00~17:00(인0103)",함수옥,GRADE,가상강의(보조강의)
시대와 문학,전공(심화),인문대학 독어독문학과,"화14:00~15:00(인0103), 목10:00~12:00(인0103)",서경홍,GRADE,가상강의(보조강의)
심화독일어,전공(심화),인문대학 독어독문학과,"월14:00~15:00(인0103), 수14:00~16:00(인0103)",켈핀 말테,GRADE,가상강의(보조강의)
의사소통의 이론과 실제,전공(심화),인문대학 독어독문학과,"수10:00~12:00(인0103), 목13:00~14:00(인0103)",이정현,GRADE,가상강의(보조강의)
경제로 읽는 독일문학,전공(심화),인문대학 독어독문학과,"화15:00~17:00(인0103), 목14:00~15:00(인0103)",이군호,GRADE,가상강의(보조강의)
미래설계상담6,전공(기초),인문대학 독어독문학과,,이정현,PASS/FAIL,가상강의(보조강의)
독일어교육론,전공(심화),인문대학 독어독문학과,목16:00~18:00(인0360),민향기,GRADE,가상강의(보조강의)
유럽 아동청소년 문학,전공(심화),인문대학 독어독문학과,월10:00~13:00(인0103),정영호,GRADE,가상강의(보조강의)
프랑스어발음1,전공(기초),인문대학 불어불문학과,"수10:00~11:00(인0113), 금09:00~11:00(인0113)",바네사부르봉,GRADE,가상강의(보조강의)
프랑스어발음1,전공(기초),인문대학 불어불문학과,"수12:00~13:00(인0113), 금11:00~13:00(인0113)",바네사부르봉,GRADE,가상강의(보조강의)
프랑스어문법1,전공(기초),인문대학 불어불문학과,"월12:00~14:00(인0122), 수11:00~12:00(인0122)",박문규,GRADE,가상강의(보조강의)
프랑스문화 테마기행,교양(균형),인문대학 불어불문학과,"월10:30~12:00(교404A), 수09:00~10:30(교404A)",권수경,GRADE,가상강의(보조강의)
프랑스문화 테마기행,교양(균형),인문대학 불어불문학과,"월15:00~16:30(교404A), 목16:30~18:00(교404A)",김영모,GRADE,가상강의(보조강의)
프랑스문화 테마기행,교양(균형),인문대학 불어불문학과,"화12:00~13:30(교209A), 금13:30~15:00(교209A)",조현진,GRADE,가상강의(보조강의)
프랑스문화 테마기행,교양(균형),인문대학 불어불문학과,"월16:30~18:00(교111), 수15:00~16:30(교111)",정재훈,GRADE,가상강의(보조강의)
프랑스문화 테마기행,교양(균형),인문대학 불어불문학과,"화13:30~15:00(교404A), 목12:00~13:30(교404A)",송진석,GRADE,가상강의(보조강의)
생활프랑스어,교양(기초),인문대학 불어불문학과,"화12:00~13:30(교205), 목15:00~16:30(교214)",구인모,GRADE,가상강의(보조강의)
생활프랑스어,교양(기초),인문대학 불어불문학과,"수10:30~12:00(교404A), 금09:00~10:30(교404A)",조현진,GRADE,가상강의(보조강의)
생활프랑스어,교양(기초),인문대학 불어불문학과,"화10:30~12:00(교404A), 목09:00~10:30(교404A)",김미현,GRADE,가상강의(보조강의)
프랑스축제와문화콘텐츠,교양(균형),인문대학 불어불문학과,"수13:30~15:00(교214), 금12:00~13:30(교214)",정재훈,GRADE,가상강의(보조강의)
아프리카 사회와 문화,교양(소양),인문대학 불어불문학과,"월16:30~18:00(교214), 수15:00~16:30(교214)",박문규,GRADE,가상강의(보조강의)
대학생활과 진로설계,교양(소양필수),인문대학 불어불문학과,수14:00~15:00(인0122),김미현,GRADE,가상강의(보조강의)
미래설계상담2,전공(기초),인문대학 불어불문학과,,김미현,PASS/FAIL,가상강의(보조강의)
초급프랑스어회화,전공(기초),인문대학 불어불문학과,"수14:00~15:00(인0113), 금13:00~15:00(인0113)",바네사부르봉,GRADE,가상강의(보조강의)
프랑스문학입문,전공(핵심),인문대학 불어불문학과,"월12:00~14:00(인0113), 수11:00~12:00(인0113)",송진석,GRADE,가상강의(보조강의)
프랑스어권 만화읽기,전공(심화),인문대학 불어불문학과,"수12:00~13:00(인0132), 금11:00~13:00(인0132)",조현진,GRADE,가상강의(보조강의)
프랑스 사회와 문화,전공(기초),인문대학 불어불문학과,"월14:00~16:00(인0113), 수13:00~14:00(인0113)",권수경,GRADE,가상강의(보조강의)
미래설계상담4,전공(기초),인문대학 불어불문학과,,김미현,PASS/FAIL,가상강의(보조강의)
프랑스어뉘앙스,전공(핵심),인문대학 불어불문학과,"화12:00~13:00(인0113), 목12:00~14:00(인0113)",김미현,GRADE,가상강의(보조강의)
중급프랑스어회화,전공(핵심),인문대학 불어불문학과,"월16:00~18:00(인0113), 수15:00~16:00(인0113)",바네사부르봉,GRADE,가상강의(보조강의)
프랑스소설,전공(핵심),인문대학 불어불문학과,"화11:00~12:00(인0132), 목10:00~12:00(인0132)",구인모,GRADE,가상강의(보조강의)
프랑스어텍스트번역,전공(핵심),인문대학 불어불문학과,"화15:00~16:00(인0113), 목15:00~17:00(인0113)",송진석,GRADE,가상강의(보조강의)
실무 프랑스어,전공(심화),인문대학 불어불문학과,"화16:00~18:00(인0113), 목17:00~18:00(인0113)",김미현,GRADE,가상강의(보조강의)
프랑스어논술,전공(심화),인문대학 불어불문학과,월10:00~12:00(인0113),바네사부르봉,GRADE,가상강의(보조강의)
미래설계상담6,전공(기초),인문대학 불어불문학과,,김미현,PASS/FAIL,가상강의(보조강의)
프랑스어교수법및평가,전공(심화),인문대학 불어불문학과,수16:00~18:00(인0113),김영모,GRADE,가상강의(보조강의)
프랑스어권 아메리카의 사회와 문화,전공(심화),인문대학 불어불문학과,"화13:00~15:00(인0113), 목14:00~15:00(인0113)",김미현,GRADE,가상강의(보조강의)
프랑스 도시와 문화콘텐츠,전공(심화),인문대학 불어불문학과,"화09:00~11:00(인0113), 목11:00~12:00(인0113)",박문규,GRADE,가상강의(보조강의)
미래설계상담1,전공(기초),인문대학 중어중문학과,,이근석,PASS/FAIL,가상강의(보조강의)
중국기초고문,전공(핵심),인문대학 중어중문학과,"화09:00~11:00(인0135), 목09:00~10:00(인0135)",이은수,GRADE,가상강의(보조강의)
기초중국어,전공(핵심),인문대학 중어중문학과,"화11:00~12:00(인0135), 목10:00~12:00(인0135)",김선희,GRADE,가상강의(보조강의)
중국의문화와예술,전공(핵심),인문대학 중어중문학과,"월13:00~14:00(인0135), 수10:00~12:00(인0135)",권혜리,GRADE,가상강의(보조강의)
중국어연습,전공(핵심),인문대학 중어중문학과,월09:00~11:00(인0135),양남,GRADE,가상강의(보조강의)
중국어연습,전공(핵심),인문대학 중어중문학과,금09:00~11:00(인0135),양남,GRADE,가상강의(보조강의)
중국의 고사성어,교양(균형),인문대학 중어중문학과,"월10:00~12:00(교306), 수09:00~10:00(교306)",권혜리,GRADE,가상강의(보조강의)
중국어,교양(기초),인문대학 중어중문학과,"화12:00~13:00(교102A), 목12:00~14:00(교102A)",이수연,GRADE,가상강의(동시강좌-조기취업자용)
중국어,교양(기초),인문대학 중어중문학과,"수10:00~11:00(교102A), 금09:00~11:00(교102A)",이수연,GRADE,가상강의(동시강좌-조기취업자용)
중국어,교양(기초),인문대학 중어중문학과,"화13:00~15:00(교102A), 목14:00~15:00(교102A)",이근석,GRADE,가상강의(보조강의)
중국테마기행,교양(균형),인문대학 중어중문학과,"월10:00~12:00(교207), 수09:00~10:00(교207)",성나영,GRADE,가상강의(보조강의)
중국테마기행,교양(균형),인문대학 중어중문학과,"화13:00~15:00(교408), 목14:00~15:00(교209A)",이동훈,GRADE,가상강의(보조강의)
대학생활과 진로설계,교양(소양필수),인문대학 중어중문학과,목13:00~14:00(인0135),이근석,GRADE,가상강의(보조강의)
미래설계상담3,전공(기초),인문대학 중어중문학과,,이근석,PASS/FAIL,가상강의(보조강의)
중국문학사1,전공(기초),인문대학 중어중문학과,"화17:00~18:00(인0135), 목16:00~18:00(인0135)",이동훈,GRADE,가상강의(보조강의)
중국어문법,전공(핵심),인문대학 중어중문학과,"월14:00~15:00(인0135), 수14:00~16:00(인0135)",이은수,GRADE,가상강의(보조강의)
중국고전시가감상,전공(기초),인문대학 중어중문학과,"화15:00~17:00(인0136), 목15:00~16:00(인0136)",박양화,GRADE,가상강의(보조강의)
중국어강독2,전공(핵심),인문대학 중어중문학과,"화10:00~11:00(인0136), 수10:00~12:00(인0136)",강혜근,GRADE,가상강의(보조강의)
중국어회화2,전공(핵심),인문대학 중어중문학과,"월15:00~17:00(인0135), 수13:00~14:00(인0135)",김홍실,GRADE,가상강의(보조강의)
중국어회화2,전공(핵심),인문대학 중어중문학과,"화13:00~15:00(인0119), 목13:00~14:00(인0119)",김홍실,GRADE,가상강의(보조강의)
중국문화콘텐츠의이해,전공(핵심),인문대학 중어중문학과,"화11:00~12:00(인0136), 목10:00~12:00(인0136)",이근석,GRADE,가상강의(보조강의)
미래설계상담5,전공(기초),인문대학 중어중문학과,,이근석,PASS/FAIL,가상강의(보조강의)
중국현대문학사,전공(심화),인문대학 중어중문학과,"화14:00~15:00(인0136), 목13:00~15:00(인0136)",박양화,GRADE,가상강의(보조강의)
중국어작문,전공(심화),인문대학 중어중문학과,"화15:00~17:00(인0119), 목15:00~16:00(인0119)",김선희,GRADE,가상강의(보조강의)
중국어토론,전공(심화),인문대학 중어중문학과,"월10:00~12:00(인0119), 목11:00~12:00(인0119)",김홍실,GRADE,가상강의(보조강의)
중국현대소설감상,전공(심화),인문대학 중어중문학과,"수13:00~14:00(인0136), 금14:00~16:00(인0136)",이현정,GRADE,가상강의(보조강의)
중국어논술,전공(심화),인문대학 중어중문학과,월15:00~17:00(인0119),김선희,GRADE,가상강의(보조강의)
중국의 사회와 문화,전공(심화),인문대학 중어중문학과,"월13:00~14:00(인0119), 수10:00~12:00(인0119)",성나영,GRADE,가상강의(보조강의)
미래설계상담7,전공(기초),인문대학 중어중문학과,,이근석,PASS/FAIL,가상강의(보조강의)
중국문학번역실습,전공(심화),인문대학 중어중문학과,"수14:00~16:00(인0136), 금13:00~14:00(인0136)",이현정,GRADE,가상강의(보조강의)
중국어 교육과정 및 교재연구,전공(심화),인문대학 중어중문학과,금11:00~13:00(인0119),김선희,GRADE,가상강의(보조강의)
미래설계상담1,전공(기초),인문대학 일어일문학과,,금종애,PASS/FAIL,가상강의(보조강의)
일본의이해1,전공(기초),인문대학 일어일문학과,"화11:00~13:00(인0233), 수12:00~13:00(인0233)",윤혜영,GRADE,가상강의(보조강의)
일본어문장표현연습1,전공(기초),인문대학 일어일문학과,"수14:00~16:00(인0233), 목12:00~13:00(인0233)",도현아,GRADE,가상강의(보조강의)
기초일본어,전공(핵심),인문대학 일어일문학과,"월15:00~17:00(인0233), 목14:00~15:00(인0233)",금종애,GRADE,가상강의(보조강의)
생활일본어1,교양(기초),인문대학 일어일문학과,"화12:00~13:30(교407), 수10:30~12:00(교207)",임성숙,GRADE,가상강의(보조강의)
생활일본어1,교양(기초),인문대학 일어일문학과,"월12:00~13:30(교305), 목13:30~15:00(교305)",도현아,GRADE,가상강의(보조강의)
생활일본어1,교양(기초),인문대학 일어일문학과,"화16:30~18:00(교305), 목15:00~16:30(교305)",이지숙,GRADE,가상강의(보조강의)
일본문화,교양(균형),인문대학 일어일문학과,"화16:30~18:00(교404A), 목15:00~16:30(교404A)",이혜인,GRADE,가상강의(보조강의)
일본문화,교양(균형),인문대학 일어일문학과,"월16:30~18:00(교404A), 수15:00~16:30(교404A)",박유미,GRADE,가상강의(보조강의)
일본문화,교양(균형),인문대학 일어일문학과,"수13:30~15:00(교404A), 금12:00~13:30(교404A)",김학순,GRADE,가상강의(보조강의)
일본문화,교양(균형),인문대학 일어일문학과,"화12:00~13:30(교404A), 목13:30~15:00(교404A)",김은영,GRADE,가상강의(보조강의)
미디어로 배우는 일본어,교양(소양),인문대학 일어일문학과,"화12:00~13:30(교202A), 금13:30~15:00(교202A)",김은모,GRADE,가상강의(보조강의)
미래설계상담3,전공(기초),인문대학 일어일문학과,,금종애,PASS/FAIL,가상강의(보조강의)
일문학개론,전공(기초),인문대학 일어일문학과,"화15:00~17:00(인0233), 수11:00~12:00(인0233)",윤혜영,GRADE,가상강의(보조강의)
일본어강독1,전공(핵심),인문대학 일어일문학과,"월13:00~14:00(인0109), 수12:00~14:00(인0109)",박미경,GRADE,가상강의(보조강의)
현대일본어문법,전공(핵심),인문대학 일어일문학과,"월14:00~15:00(인0233), 목15:00~17:00(인0233)",금종애,GRADE,가상강의(보조강의)
초급일본어회화1,전공(핵심),인문대학 일어일문학과,"월11:00~13:00(인0233), 수16:00~17:00(인0233)",임성숙,GRADE,가상강의(보조강의)
일본의대중문화,전공(핵심),인문대학 일어일문학과,"화11:00~13:00(인0109), 목13:00~14:00(인0233)",이혜인,GRADE,가상강의(보조강의)
일본사회와 서브컬처,전공(핵심),인문대학 일어일문학과,"화13:00~15:00(인0233), 수10:00~11:00(인0233)",김학순,GRADE,가상강의(보조강의)
미래설계상담5,전공(기초),인문대학 일어일문학과,,금종애,PASS/FAIL,가상강의(보조강의)
중급일본어회화1,전공(핵심),인문대학 일어일문학과,"화17:00~18:00(인0254), 수14:00~16:00(인0254)",임성숙,GRADE,가상강의(보조강의)
인물로보는일본문화,전공(핵심),인문대학 일어일문학과,"화14:00~15:00(인0109), 목11:00~13:00(인0109)",김은영,GRADE,가상강의(보조강의)
비즈니스무역일본어,전공(심화),인문대학 일어일문학과,"월15:00~17:00(인0109), 수11:00~12:00(인0109)",박미경,GRADE,가상강의(보조강의)
일본근현대문학감상,전공(심화),인문대학 일어일문학과,"화13:00~14:00(인0109), 목13:00~15:00(인0109)",이지숙,GRADE,가상강의(보조강의)
일본어교육과정및교재연구,전공(심화),인문대학 일어일문학과,월10:00~12:00(인0109),박미경,GRADE,가상강의(보조강의)
일본어통역연습,전공(심화),인문대학 일어일문학과,"월13:00~14:00(인0233), 화15:00~17:00(인0109)",임성숙,GRADE,가상강의(보조강의)
일본의기업론,전공(심화),인문대학 일어일문학과,"화17:00~18:00(인0233), 목10:00~12:00(인0233)",이문호,GRADE,가상강의(보조강의)
일본어논술,전공(심화),인문대학 일어일문학과,목15:00~17:00(인0109),박미경,GRADE,가상강의(보조강의)
미래설계상담1,전공(기초),인문대학 한문학과,,이향배,PASS/FAIL,가상강의(보조강의)
한문의기초,전공(기초),인문대학 한문학과,"월11:00~12:00(인0230), 수09:00~11:00(인0230)",연민희,GRADE,가상강의(보조강의)
한문입문,전공(기초),인문대학 한문학과,"화10:00~12:00(인0126), 목10:00~11:00(인0126)",조정윤,GRADE,가상강의(보조강의)
한문고전과삶의지혜,교양(균형),인문대학 한문학과,"월12:00~13:30(교307), 목13:30~15:00(교307)",이남면,GRADE,가상강의(보조강의)
한문고전과삶의지혜,교양(균형),인문대학 한문학과,금13:00~16:00(교103A),권은지,GRADE,가상강의(보조강의)
한문고전과삶의지혜,교양(균형),인문대학 한문학과,"화13:30~15:00(교307), 목12:00~13:30(교307)",이명희,GRADE,가상강의(보조강의)
한문고전과삶의지혜,교양(균형),인문대학 한문학과,"화13:30~15:00(교211), 목12:00~13:30(교211)",이송희,GRADE,가상강의(보조강의)
기초한문,교양(기초),인문대학 한문학과,"수10:00~11:00(교105), 목10:00~12:00(교207)",임혜리,GRADE,가상강의(보조강의)
기초한문,교양(기초),인문대학 한문학과,"월12:00~14:00(교105), 수11:00~12:00(교105)",조정윤,GRADE,가상강의(보조강의)
기초한문,교양(기초),인문대학 한문학과,"화12:00~13:00(교105), 목12:00~14:00(교105)",안정은,GRADE,가상강의(보조강의)
기초한문,교양(기초),인문대학 한문학과,"월12:00~14:00(교210), 수11:00~12:00(교210)",연민희,GRADE,가상강의(보조강의)
동양고전과리더쉽,교양(소양),인문대학 한문학과,"월13:30~15:00(교307), 수12:00~13:30(교307)",김미란,GRADE,가상강의(보조강의)
전통사회의프로페셔널,교양(소양),인문대학 한문학과,"월16:30~18:00(교307), 수15:00~16:30(교307)",이명희,GRADE,가상강의(보조강의)
대학생활과 진로설계,교양(소양필수),인문대학 한문학과,수16:00~17:00(인0126),이남면,GRADE,가상강의(보조강의)
미래설계상담3,전공(기초),인문대학 한문학과,,,PASS/FAIL,가상강의(보조강의)
한문학개론,전공(기초),인문대학 한문학과,"월16:00~18:00(인0230), 화13:00~14:00(인0230)",이향배,GRADE,가상강의(보조강의)
한자론,전공(기초),인문대학 한문학과,"월10:00~11:00(인0126), 목11:00~13:00(인0126)",이남면,GRADE,가상강의(보조강의)
중국한시강독,전공(심화),인문대학 한문학과,"화14:00~15:00(인0126), 수12:00~14:00(인0126)",이재숙,GRADE,가상강의(보조강의)
논어강독 2,전공(기초),인문대학 한문학과,"화15:00~16:00(인0230), 목09:00~11:00(인0230)",정만호,GRADE,가상강의(보조강의)
맹자강독 1,전공(핵심),인문대학 한문학과,"월15:00~16:00(인0126), 수14:00~16:00(인0126)",이남면,GRADE,가상강의(보조강의)
한국산문강독,전공(심화),인문대학 한문학과,"화16:00~17:00(인0126), 목14:00~16:00(인0126)",이송희,GRADE,가상강의(보조강의)
미래설계상담5,전공(기초),인문대학 한문학과,,,PASS/FAIL,가상강의(보조강의)
한문학비평,전공(핵심),인문대학 한문학과,"월15:00~16:00(인0230), 수14:00~16:00(인0230)",김미란,GRADE,가상강의(보조강의)
경서특강,전공(심화),인문대학 한문학과,"월14:00~15:00(인0230), 화10:00~12:00(인0230)",이향배,GRADE,가상강의(보조강의)
고전번역이론과실습,전공(심화),인문대학 한문학과,"화12:00~14:00(인0126), 수11:00~12:00(인0126)",이재숙,GRADE,가상강의(보조강의)
한문소설론,전공(핵심),인문대학 한문학과,"월11:00~12:00(인0126), 수09:00~11:00(인0126)",임영길,GRADE,가상강의(보조강의)
한문교수법 및 평가,전공(심화),인문대학 한문학과,화17:00~19:00(인0110),한미현,GRADE,가상강의(보조강의)
디지털콘텐츠개론,전공(핵심),인문대학 한문학과,"수16:00~17:00(인0230), 목16:00~18:00(인0230)",민경주,GRADE,가상강의(보조강의)
디지털지역문화콘텐츠,전공(심화),인문대학 한문학과,"월10:00~11:00(인0230), 목11:00~13:00(인0230)",이병찬,GRADE,가상강의(보조강의)
한문교육과정 및 교재연구,전공(심화),인문대학 한문학과,목17:00~19:00(인0110),한미현,GRADE,가상강의(보조강의)
지역문화유산의이해,전공(핵심),인문대학 한문학과,"화16:00~17:00(인0230), 목14:00~16:00(인0230)",정만호,GRADE,가상강의(보조강의)
미래설계상담1,전공(기초),인문대학 언어학과,,성철재,PASS/FAIL,가상강의(보조강의)
음성학,전공(핵심),인문대학 언어학과,"화11:00~13:00(인0251), 수09:00~10:00(인0251)",성철재,GRADE,가상강의(보조강의)
언어학개론,전공(기초),인문대학 언어학과,"화09:30~11:00(인0128), 목09:30~11:00(인0128)",윤수연,GRADE,가상강의(보조강의)
미래설계상담7,전공(기초),인문대학 언어학과,,성철재,PASS/FAIL,가상강의(보조강의)
언어커뮤니케이션,교양(균형),인문대학 언어학과,"월14:00~15:00(인0102), 수14:00~16:00(인0102)",인지영,GRADE,가상강의(보조강의)
언어커뮤니케이션,교양(균형),인문대학 언어학과,"화15:00~16:00(교102A), 목15:00~17:00(교102A)",인지영,GRADE,가상강의(보조강의)
의사소통과장애,교양(소양),인문대학 언어학과,"월16:00~18:00(인0102), 수17:00~18:00(인0102)",신상은,GRADE,가상강의(보조강의)
"세계의언어,언어의세계",교양(균형),인문대학 언어학과,"화13:00~15:00(인0102), 목14:00~15:00(인0102)",윤수연,GRADE,가상강의(보조강의)
대학생활과 진로설계,교양(소양필수),인문대학 언어학과,금15:00~16:00(인0102),류병래,GRADE,가상강의(보조강의)
미래설계상담3,전공(기초),인문대학 언어학과,,성철재,PASS/FAIL,가상강의(보조강의)
언어와논리,전공(심화),인문대학 언어학과,"화15:00~17:00(인0246), 수10:00~11:00(인0246)",유현조,GRADE,가상강의(보조강의)
통사론,전공(핵심),인문대학 언어학과,"월10:00~11:00(인0102), 목10:00~12:00(인0102)",류병래,GRADE,가상강의(보조강의)
음성데이터통계분석,전공(심화),인문대학 언어학과,"월09:00~10:00(인0251), 수11:00~13:00(인0251)",성철재,GRADE,가상강의(보조강의)
코퍼스언어학: 이론과 실제,전공(심화),인문대학 언어학과,"월14:00~15:00(인0246), 수17:00~19:00(인0246)",이용훈,GRADE,가상강의(보조강의)
미래설계상담5,전공(기초),인문대학 언어학과,,성철재,PASS/FAIL,가상강의(보조강의)
디지털 시대의 언어와 언어학,전공(핵심),인문대학 언어학과,"월17:00~19:00(인0128), 수21:00~22:00(인0128)",윤수연,GRADE,가상강의(보조강의)
인공지능과 자연언어처리 개론,전공(핵심),인문대학 언어학과,"수19:00~21:00(공3401), 목19:00~20:00(공3401)",이공주,GRADE,가상강의(보조강의)
역사비교언어학,전공(심화),인문대학 언어학과,목14:00~17:00(인0128),김미경,GRADE,가상강의(보조강의)
의미론,전공(핵심),인문대학 언어학과,"월13:00~14:00(인0128), 수13:00~15:00(인0128)",강아름,GRADE,가상강의(보조강의)
개별언어연습 2,전공(심화),인문대학 언어학과,금12:00~15:00(인0135),문성주,GRADE,가상강의(보조강의)
언어 데이터과학 입문,전공(심화),인문대학 언어학과,,,GRADE,가상강의(보조강의)
인문사회과학을 위한 파이썬 프로그래밍,전공(핵심),인문대학 언어학과,"월16:00~17:00(인0206), 수16:00~17:00(인0206), 금11:00~12:00(인0206)",류병래,GRADE,가상강의(보조강의)
언어학연습,전공(심화),인문대학 언어학과,"화13:00~15:00(인0128), 목13:00~14:00(인0128)",강아름,GRADE,가상강의(보조강의)
의사소통장애개론,전공(심화),인문대학 언어학과,"화10:00~12:00(인0216), 목12:00~13:00(인0216)",신상은,GRADE,가상강의(보조강의)
말소리장애 진단과 치료를 위한 음성 프로그래밍,전공(심화),인문대학 언어학과,"월19:00~20:00(인0102), 목20:00~21:00(인0102), 금17:00~18:00(인0102)",성철재,GRADE,가상강의(보조강의)
미래설계상담1,전공(기초),인문대학 사학과,,박윤덕,PASS/FAIL,가상강의(보조강의)
서양사개설,전공(기초),인문대학 사학과,"월10:00~12:00(인0238), 화14:00~15:00(인0238)",허현,GRADE,가상강의(보조강의)
역사학입문,전공(심화),인문대학 사학과,"월15:00~17:00(인0238), 목14:00~15:00(인0238)",박윤덕,GRADE,가상강의(보조강의)
세계사속의 한국사,전공(핵심),인문대학 사학과,수13:00~16:00(인0238),원재린,GRADE,가상강의(보조강의)
동양고전의 이해,전공(기초),인문대학 사학과,"화16:00~18:00(인0236), 목16:00~17:00(인0236)",고명수,GRADE,가상강의(보조강의)
처음 만나는 역사학,교양(소양),인문대학 사학과,수12:00~15:00(인0118),김정은,GRADE,가상강의(보조강의)
역사와리더십,교양(균형),인문대학 사학과,"월09:00~10:30(교407), 목10:30~12:00(교407)",오지해,GRADE,가상강의(보조강의)
역사와리더십,교양(균형),인문대학 사학과,"월12:30~14:00(인0118), 수10:30~12:00(인0118)",김준영,GRADE,가상강의(보조강의)
역사와리더십,교양(균형),인문대학 사학과,토09:00~12:00(다2354),김준영,GRADE,가상강의(보조강의)
서양의 역사와 문화,교양(소양),인문대학 사학과,"월12:00~13:30(교301), 목15:00~16:30(교301)",오두영,GRADE,가상강의(보조강의)
영상으로 보는 중국문화,교양(소양),인문대학 사학과,"화13:30~15:00(교301), 수13:30~15:00(교301)",정일교,GRADE,가상강의(보조강의)
동양의 역사와 인물,교양(소양),인문대학 사학과,"수10:30~12:00(교301), 금09:00~10:30(교301)",박서진,GRADE,가상강의(보조강의)
실크로드 문화 기행,교양(소양),인문대학 사학과,"화15:00~16:30(인0118), 수15:00~16:30(인0119)",정일교,GRADE,가상강의(보조강의)
영상으로 보는 유럽문화,교양(균형),인문대학 사학과,"월15:00~16:30(교307), 목16:30~18:00(교307)",허현,GRADE,가상강의(보조강의)
영상으로 보는 유럽문화,교양(균형),인문대학 사학과,"수13:30~15:00(교307), 금12:00~13:30(교307)",강미숙,GRADE,가상강의(보조강의)
영상으로 보는 유럽문화,교양(균형),인문대학 사학과,토16:00~19:00(다2358),강미숙,GRADE,가상강의(보조강의)
영상으로 보는 유럽문화,교양(균형),인문대학 사학과,"월15:00~16:30(교211), 목16:30~18:00(교211)",오두영,GRADE,가상강의(보조강의)
공학도를 위한 세계문화,교양(소양),인문대학 사학과,수15:00~18:00(인0118),김정은,GRADE,가상강의(보조강의)
공학도를 위한 세계문화,교양(소양),인문대학 사학과,"월15:00~16:30(인0118), 목16:30~18:00(인0118)",김충현,GRADE,가상강의(보조강의)
공학도를 위한 세계문화,교양(소양),인문대학 사학과,"화12:00~13:30(인0118), 목10:30~12:00(인0118)",오종현,GRADE,가상강의(보조강의)
동양의문화와유산,교양(소양),인문대학 사학과,"월10:30~12:00(교301), 목12:00~13:30(교301)",오지해,GRADE,가상강의(보조강의)
지중해문명기행,교양(소양),인문대학 사학과,"화16:30~18:00(인0118), 목15:00~16:30(인0118)",김충현,GRADE,가상강의(보조강의)
동남아시아의역사와문화,교양(소양),인문대학 사학과,"월16:00~18:00(인0136), 수16:00~17:00(인0136)",이준형,GRADE,가상강의(보조강의)
서양사의아웃사이더,교양(소양),인문대학 사학과,"화10:30~12:00(교301), 목09:00~10:30(교301)",오종현,GRADE,가상강의(보조강의)
미래설계상담3,전공(기초),인문대학 사학과,,박윤덕,PASS/FAIL,가상강의(보조강의)
서양사사료선독,전공(핵심),인문대학 사학과,목10:00~13:00(인0236),박재욱,GRADE,가상강의(보조강의)
중국제도의이해,전공(심화),인문대학 사학과,"월16:00~18:00(인0236), 수17:00~18:00(인0236)",고명수,GRADE,가상강의(보조강의)
프랑스의역사와문화,전공(핵심),인문대학 사학과,"월14:00~15:00(인0238), 목15:00~17:00(인0238)",박윤덕,GRADE,가상강의(보조강의)
동양고대문화기행,전공(핵심),인문대학 사학과,"월15:00~16:00(인0236), 수13:00~15:00(인0236)",이준형,GRADE,가상강의(보조강의)
일본고중세사,전공(핵심),인문대학 사학과,"월13:00~14:00(인0238), 수10:00~12:00(인0238)",김은정,GRADE,가상강의(보조강의)
미래설계상담5,전공(기초),인문대학 사학과,,박윤덕,PASS/FAIL,가상강의(보조강의)
동양근세사,전공(핵심),인문대학 사학과,"월10:00~12:00(인0236), 수15:00~16:00(인0236)",김준영,GRADE,가상강의(보조강의)
서양중세사의이해,전공(핵심),인문대학 사학과,"화13:00~15:00(인0236), 수16:00~17:00(인0236)",주나미,GRADE,가상강의(보조강의)
미국의역사와문화,전공(핵심),인문대학 사학과,"화15:00~17:00(인0238), 목11:00~12:00(인0238)",허현,GRADE,가상강의(보조강의)
일본사의이해,전공(심화),인문대학 사학과,"화10:00~12:00(인0238), 목13:00~14:00(인0238)",김은정,GRADE,가상강의(보조강의)
동양사회경제사,전공(심화),인문대학 사학과,수09:00~12:00(인0236),정일교,GRADE,가상강의(보조강의)
역사논술,전공(심화),인문대학 사학과,금11:00~13:00(인0236),박소연,GRADE,가상강의(보조강의)
서양사경사,전공(심화),인문대학 사학과,"화13:00~14:00(인0238), 수16:00~18:00(인0238)",박재욱,GRADE,가상강의(보조강의)
서양현대사의이해,전공(심화),인문대학 사학과,"화15:00~16:00(인0236), 목14:00~16:00(인0236)",주나미,GRADE,가상강의(보조강의)
동양사세미나,전공(심화),인문대학 사학과,"월13:00~14:00(인0236), 화10:00~12:00(인0236)",박서진,GRADE,가상강의(보조강의)
역사교수법및평가,전공(심화),인문대학 사학과,금13:00~15:00(인0236),박소연,GRADE,가상강의(보조강의)
미래설계상담1,전공(기초),인문대학 국사학과,,이정란,PASS/FAIL,가상강의(보조강의)
학술고적답사1,전공(기초),인문대학 국사학과,,이정란,PASS/FAIL,가상강의(보조강의)
고·중세사입문,전공(기초),인문대학 국사학과,"월15:00~17:00(인0107), 수13:00~14:00(인0107)",이정란,GRADE,가상강의(보조강의)
역사학과 영상,전공(핵심),인문대학 국사학과,화15:00~18:00(인0107),이근호,GRADE,가상강의(보조강의)
한국의역사,교양(균형),인문대학 국사학과,"수12:00~14:00(인0460), 금11:00~12:00(인0460)",이경동,GRADE,가상강의(보조강의)
한국의역사,교양(균형),인문대학 국사학과,"월12:00~14:00(교408), 화17:00~18:00(교408)",이기봉,GRADE,가상강의(보조강의)
한국의역사,교양(균형),인문대학 국사학과,"목14:00~16:00(교408), 금15:00~16:00(교408)",김아네스,GRADE,가상강의(보조강의)
한국의역사,교양(균형),인문대학 국사학과,"화14:00~15:00(교407), 목12:00~14:00(교407)",이근호,GRADE,가상강의(보조강의)
한국의역사,교양(균형),인문대학 국사학과,"화15:00~17:00(교211), 수14:00~15:00(교211)",김난옥,GRADE,가상강의(보조강의)
한국근현대사,교양(균형),인문대학 국사학과,"월16:00~18:00(인0124), 화17:00~18:00(인0122)",이성우,GRADE,가상강의(보조강의)
한국근현대사,교양(균형),인문대학 국사학과,"수16:00~18:00(교408), 목11:00~12:00(교408)",박경목,GRADE,가상강의(보조강의)
한국근현대사,교양(균형),인문대학 국사학과,"화16:00~18:00(인0102), 목10:00~11:00(인0107)",박경목,GRADE,가상강의(보조강의)
한국생활문화사,교양(소양),인문대학 국사학과,"월14:00~16:00(교407), 화15:00~16:00(교407)",이기봉,GRADE,가상강의(보조강의)
한국생활문화사,교양(소양),인문대학 국사학과,"월11:00~13:00(교211), 수09:00~10:00(교211)",백미선,GRADE,가상강의(보조강의)
인물로본한국사,교양(소양),인문대학 국사학과,"월10:00~12:00(교204A), 화09:00~10:00(교204A)",이양희,GRADE,가상강의(보조강의)
다시보는 독립운동,교양(소양),인문대학 국사학과,"월15:00~16:00(교204A), 화10:00~12:00(교204A)",이양희,GRADE,가상강의(보조강의)
대학생활과 진로설계,교양(소양필수),인문대학 국사학과,월17:00~18:00(인0107),이정란,GRADE,가상강의(보조강의)
미래설계상담3,전공(기초),인문대학 국사학과,,이정란,PASS/FAIL,가상강의(보조강의)
한국근대사,전공(핵심),인문대학 국사학과,월10:00~13:00(인0107),박경목,GRADE,가상강의(보조강의)
한국사의제문제,전공(심화),인문대학 국사학과,화10:00~13:00(인0131),이정란,GRADE,가상강의(보조강의)
한국고대사강독,전공(핵심),인문대학 국사학과,목14:00~17:00(인0107),백미선,GRADE,가상강의(보조강의)
한국근세사,전공(핵심),인문대학 국사학과,월15:00~18:00(인0131),이근호,GRADE,가상강의(보조강의)
학술고적답사3,전공(기초),인문대학 국사학과,,이정란,PASS/FAIL,가상강의(보조강의)
한국사회사,전공(심화),인문대학 국사학과,목10:00~13:00(인0131),김아네스,GRADE,가상강의(보조강의)
한국현대사,전공(핵심),인문대학 국사학과,"화15:00~17:00(인0131), 목09:00~10:00(인0131)",허종,GRADE,가상강의(보조강의)
한국제도사,전공(심화),인문대학 국사학과,화10:00~13:00(인0107),김난옥,GRADE,가상강의(보조강의)
한국근대사상사,전공(심화),인문대학 국사학과,금10:00~13:00(인0107),이성우,GRADE,가상강의(보조강의)
미래설계상담6,전공(기초),인문대학 국사학과,,이정란,PASS/FAIL,가상강의(보조강의)
한국현대사특강,전공(심화),인문대학 국사학과,수10:00~13:00(인0131),허종,GRADE,가상강의(보조강의)
한국근세사특강,전공(심화),인문대학 국사학과,수15:00~18:00(인0107),이경동,GRADE,가상강의(보조강의)
미래설계상담1,전공(기초),인문대학 고고학과,,박양진,PASS/FAIL,가상강의(보조강의)
고고학 개론,전공(기초),인문대학 고고학과,수10:00~13:00(인0101),황재훈,GRADE,가상강의(보조강의)
세계의문화유산,교양(균형),인문대학 고고학과,"화16:00~18:00, 목16:00~17:00",유용욱,GRADE,가상강의(보조강의)
인류문명의 발생과 전개,교양(균형),인문대학 고고학과,"화15:00~16:00(교210), 목15:00~17:00(교210)",박양진,GRADE,가상강의(보조강의)
고고학,교양(소양),인문대학 고고학과,"화17:00~18:00(교211), 목14:00~16:00(교211)",우재병,GRADE,가상강의(보조강의)
미래설계상담3,전공(기초),인문대학 고고학과,,,PASS/FAIL,가상강의(보조강의)
한국 미술사 개론(고적답사포함),전공(기초),인문대학 고고학과,목14:00~17:00(인0101),주경미,GRADE,가상강의(보조강의)
한국선사고고학(고적답사포함),전공(기초),인문대학 고고학과,월14:00~17:00(인0101),유용욱,GRADE,가상강의(보조강의)
서양고고학강독,전공(심화),인문대학 고고학과,수10:00~13:00(인0129),김은영,GRADE,가상강의(보조강의)
미래설계상담5,전공(기초),인문대학 고고학과,,,PASS/FAIL,가상강의(보조강의)
석기문화,전공(심화),인문대학 고고학과,화10:00~13:00(인0402),유용욱,GRADE,가상강의(보조강의)
한국민속학,전공(심화),인문대학 고고학과,화15:00~18:00(인0101),김현영,GRADE,가상강의(보조강의)
백제고고학(고적답사포함),전공(핵심),인문대학 고고학과,"월13:00~14:00(인0129), 화13:00~15:00(인0129)",이성준,GRADE,가상강의(보조강의)
한국불교미술(고적답사포함),전공(심화),인문대학 고고학과,목10:00~13:00(인0129),주경미,GRADE,가상강의(보조강의)
야외고고학,전공(심화),인문대학 고고학과,"월14:00~16:00(인0402), 월16:00~18:00(인0402)",황재훈,GRADE,가상강의(보조강의)
중국고고학개설,전공(핵심),인문대학 고고학과,수15:00~18:00(인0101),박양진,GRADE,가상강의(보조강의)
일본고고학개설,전공(핵심),인문대학 고고학과,"수13:00~15:00(인0101), 목17:00~18:00(인0101)",우재병,GRADE,가상강의(보조강의)
청동기문화,전공(심화),인문대학 고고학과,수15:00~18:00(인0129),황재훈,GRADE,가상강의(보조강의)
한국의성곽,전공(심화),인문대학 고고학과,"월14:00~15:00(인0129), 수13:00~15:00(인0129)",이성준,GRADE,가상강의(보조강의)
고고학연습,전공(심화),인문대학 고고학과,화10:00~13:00(인0101),김현우,GRADE,가상강의(보조강의)
한국고대의기술,전공(심화),인문대학 고고학과,목10:00~13:00(인0101),나건주,GRADE,가상강의(보조강의)
박물관학특강,전공(심화),인문대학 고고학과,목14:00~17:00(인0129),이정은,GRADE,가상강의(보조강의)
미래설계상담1,전공(기초),인문대학 철학과,,이윤철,PASS/FAIL,가상강의(보조강의)
서양철학사,전공(핵심),인문대학 철학과,"화09:00~11:00(인0123), 수09:00~10:00(인0123)",양해림,GRADE,가상강의(보조강의)
논리와 비판적 사고,전공(핵심),인문대학 철학과,"수16:00~18:00(인0123), 목13:00~14:00(인0123)",한대석,GRADE,가상강의(보조강의)
유가철학과 사서의 이해,전공(핵심),인문대학 철학과,"수14:00~15:00(인0123), 목16:00~18:00(인0123)",최정묵,GRADE,가상강의(보조강의)
동양철학사,전공(핵심),인문대학 철학과,"월14:00~16:00(인0123), 수13:00~14:00(인0123)",김세정,GRADE,가상강의(보조강의)
논리와비판적사고,교양(소양),인문대학 철학과,"화15:00~16:00(교207), 목15:00~17:00(교207)",한대석,GRADE,가상강의(보조강의)
논리와비판적사고,교양(소양),인문대학 철학과,"화15:00~16:00(교105), 수09:00~11:00(교214)",임윤정,GRADE,가상강의(보조강의)
논리와비판적사고,교양(소양),인문대학 철학과,"월10:00~12:00(교104A), 수16:00~17:00(교207)",이한균,GRADE,가상강의(보조강의)
논리와비판적사고,교양(소양),인문대학 철학과,"월14:00~16:00(교105), 수13:00~14:00(교105)",김수진,GRADE,가상강의(보조강의)
공학윤리,교양(소양),인문대학 철학과,"화09:00~10:30(공2228), 금10:30~12:00(공2127)",황수영,GRADE,가상강의(보조강의)
공학윤리,교양(소양),인문대학 철학과,"월10:30~12:00(공1312), 수09:00~10:30(공1312)",황수영,GRADE,가상강의(보조강의)
공학윤리,교양(소양),인문대학 철학과,"월13:30~15:00(공1316), 수10:30~12:00(공1316)",황수영,GRADE,가상강의(보조강의)
공학윤리,교양(소양),인문대학 철학과,"화12:00~13:30(공1312), 금13:30~15:00(공1312)",황수영,GRADE,가상강의(보조강의)
공학윤리,교양(소양),인문대학 철학과,"화13:30~15:00(교305), 목12:00~13:30(교305)",김경배,GRADE,가상강의(보조강의)
공학윤리,교양(소양),인문대학 철학과,"수10:30~12:00(교305), 금09:00~10:30(교305)",서원혁,GRADE,가상강의(보조강의)
영화 속 철학이야기,교양(소양),인문대학 철학과,"화15:00~17:00(교301), 수13:00~14:00(교207)",황인선,GRADE,가상강의(보조강의)
영화 속 철학이야기,교양(소양),인문대학 철학과,"수12:00~13:00(교207), 금11:00~13:00(교207)",이언의,GRADE,가상강의(보조강의)
사이버 공간과 윤리,교양(균형),인문대학 철학과,"화15:00~16:00(교307), 목11:00~13:00(교202A)",양해림,GRADE,가상강의(보조강의)
사이버 공간과 윤리,교양(균형),인문대학 철학과,"화16:00~18:00(교407), 금11:00~12:00(교404A)",서원혁,GRADE,가상강의(보조강의)
사이버 공간과 윤리,교양(균형),인문대학 철학과,"월14:00~16:00(교207), 화15:00~16:00(교209A)",황인지,GRADE,가상강의(보조강의)
사이버 공간과 윤리,교양(균형),인문대학 철학과,월10:00~13:00(교303A),박원경,GRADE,가상강의(보조강의)
성과 사랑의 철학,교양(소양),인문대학 철학과,"월12:00~13:00(교202A), 금14:00~16:00(교106A)",이영자,GRADE,가상강의(보조강의)
오리엔탈 리더십,교양(소양),인문대학 철학과,"월16:00~18:00(교105), 수15:00~16:00(교105)",김승영,GRADE,가상강의(보조강의)
테마로 본 철학산책,교양(균형),인문대학 철학과,"화16:00~18:00(교105), 수11:00~12:00(교214)",김방룡,GRADE,가상강의(보조강의)
테마로 본 철학산책,교양(균형),인문대학 철학과,"수14:00~15:00(교105), 금15:00~17:00(교102A)",이언의,GRADE,가상강의(보조강의)
테마로 본 철학산책,교양(균형),인문대학 철학과,수10:00~13:00(교303A),박원경,GRADE,가상강의(보조강의)
인권과 현대사회,교양(소양),인문대학 철학과,"월16:00~18:00(교207), 화16:00~17:00(교307)",황인지,GRADE,가상강의(보조강의)
현대사회와생명윤리,교양(소양),인문대학 철학과,"화10:00~12:00(교407), 수15:00~16:00(교207)",황인선,GRADE,가상강의(보조강의)
현대사회와생명윤리,교양(소양),인문대학 철학과,"수14:00~15:00(교207), 금13:00~15:00(교207)",문선,GRADE,가상강의(보조강의)
"양명학, 돌봄과 공생의 길",교양(소양),인문대학 철학과,"화11:00~12:00(교106A), 목15:00~17:00(교105)",김세정,GRADE,가상강의(보조강의)
인문고전의철학적이해,교양(소양),인문대학 철학과,"월12:00~14:00(교106A), 수10:00~11:00(교106A)",이진경,GRADE,가상강의(보조강의)
기초 고전 그리스어,교양(소양),인문대학 철학과,"월13:00~14:00(교101), 수16:00~18:00(교102A)",김수진,GRADE,가상강의(보조강의)
행복한 삶과 철학,교양(소양),인문대학 철학과,"월17:00~18:00(교202A), 화16:00~18:00(교207)",임윤정,GRADE,가상강의(보조강의)
미래설계상담3,전공(기초),인문대학 철학과,,,PASS/FAIL,가상강의(보조강의)
형이상학,전공(핵심),인문대학 철학과,화14:00~17:00(인0130),이윤철,GRADE,가상강의(보조강의)
유럽근세철학,전공(핵심),인문대학 철학과,"월13:00~14:00(인0123), 수10:00~12:00(인0123)",이한균,GRADE,가상강의(보조강의)
노자의 가르침과 삶의 지혜,전공(핵심),인문대학 철학과,목10:00~13:00(인0123),이진경,GRADE,가상강의(보조강의)
주자의 도덕철학,전공(핵심),인문대학 철학과,"월16:00~18:00(인0123), 목14:00~15:00(인0123)",최정묵,GRADE,가상강의(보조강의)
갈등사회의 사회철학,전공(핵심),인문대학 철학과,"월12:00~13:00(인0123), 화11:00~13:00(인0123)",양해림,GRADE,가상강의(보조강의)
미래설계상담5,전공(기초),인문대학 철학과,,,PASS/FAIL,가상강의(보조강의)
분석철학,전공(심화),인문대학 철학과,"월12:00~14:00(인0130), 수12:00~13:00(인0130)",한대석,GRADE,가상강의(보조강의)
장자가 본 인간과 자연,전공(심화),인문대학 철학과,"화16:00~18:00(인0123), 수15:00~16:00(인0123)",이진경,GRADE,가상강의(보조강의)
인권과 사회,전공(심화),인문대학 철학과,"월10:00~12:00(인0130), 수10:00~11:00(인0130)",양해림,GRADE,가상강의(보조강의)
선사상과 마음공부,전공(심화),인문대학 철학과,"화10:00~12:00(인0130), 수13:00~14:00(인0130)",김방룡,GRADE,가상강의(보조강의)
철학 논술,전공(심화),인문대학 철학과,목17:00~19:00(인0130),김창경,GRADE,가상강의(보조강의)
서양고전강독: 공동체의 지혜,전공(심화),인문대학 철학과,수15:00~18:00(인0130),이윤철,GRADE,가상강의(보조강의)
생태철학과 생명윤리,전공(심화),인문대학 철학과,"화14:00~16:00(인0123), 수11:00~12:00(인0130)",김세정,GRADE,가상강의(보조강의)
한국불교사상,전공(심화),인문대학 철학과,"월16:00~18:00(인0130), 화13:00~14:00(인0130)",김방룡,GRADE,가상강의(보조강의)
철학 교수법 및 평가,전공(심화),인문대학 철학과,금13:00~15:00(인0130),김창경,GRADE,가상강의(보조강의)
미래설계상담1,전공(기초),사회과학대학 도시·자치융합학과,,김상민,PASS/FAIL,가상강의(보조강의)
자치행정학원론,전공(핵심),사회과학대학 도시·자치융합학과,"화10:30~12:00(사강305), 목13:30~15:00(사강305)",유지연,GRADE,가상강의(보조강의)
행정의 이해,전공(핵심),사회과학대학 도시·자치융합학과,"월15:00~16:30(사강305), 수10:30~12:00(사강305)",김종성,GRADE,가상강의(보조강의)
대학생활과 진로설계,교양(소양필수),사회과학대학 도시·자치융합학과,화14:00~15:00(사강305),김상민,GRADE,가상강의(보조강의)
미래설계상담3,전공(기초),사회과학대학 도시·자치융합학과,,김상민,PASS/FAIL,가상강의(보조강의)
헌법,전공(핵심),사회과학대학 도시·자치융합학과,금09:00~12:00(사강305),양정윤,GRADE,가상강의(보조강의)
지역사회 및 지역개발론,전공(핵심),사회과학대학 도시·자치융합학과,"월16:30~18:00(사강304), 수10:30~12:00(사강304)",김상민,GRADE,가상강의(보조강의)
정부예산론,전공(핵심),사회과학대학 도시·자치융합학과,"화16:30~18:00(사강304), 목10:30~12:00(사강304)",신희권,GRADE,가상강의(보조강의)
자치행정조직론,전공(핵심),사회과학대학 도시·자치융합학과,"월10:30~12:00(사강304), 수15:00~16:30(사강304)",김종성,GRADE,가상강의(보조강의)
도시자치의 역사,전공(심화),사회과학대학 도시·자치융합학과,"수16:30~18:00(사강304), 목09:00~10:30(사강304)",박재희,GRADE,가상강의(보조강의)
미래설계상담5,전공(기초),사회과학대학 도시·자치융합학과,,김상민,PASS/FAIL,가상강의(보조강의)
민법총칙,전공(핵심),사회과학대학 도시·자치융합학과,금13:00~16:00(사강305),양정윤,GRADE,가상강의(보조강의)
공공재정론,전공(핵심),사회과학대학 도시·자치융합학과,"화10:30~12:00(사강304), 목15:00~16:30(사강304)",신희권,GRADE,가상강의(보조강의)
행정언어논리1,전공(심화),사회과학대학 도시·자치융합학과,월13:00~16:00(사강304),신정헌,GRADE,가상강의(보조강의)
지역도시계획론,전공(심화),사회과학대학 도시·자치융합학과,"화15:00~16:30(사강304), 수13:30~15:00(사강304)",김상민,GRADE,가상강의(보조강의)
교육자치론,전공(심화),사회과학대학 도시·자치융합학과,"화13:30~15:00(사강304), 목13:30~15:00(사강304)",박종덕,GRADE,가상강의(보조강의)
광역행정론,전공(심화),사회과학대학 도시·자치융합학과,"화09:00~10:30(사강304), 목16:30~18:00(사강304)",박재희,GRADE,가상강의(보조강의)
미래설계상담1,전공(기초),사회과학대학 행정학부,,이제경,PASS/FAIL,가상강의(보조강의)
행정학원론,전공(핵심),사회과학대학 행정학부,"화14:00~15:00(사강301), 목15:00~17:00(사강301)",박수경,GRADE,가상강의(보조강의)
행정학원론,전공(핵심),사회과학대학 행정학부,"화15:00~17:00(사강301), 목14:00~15:00(사강301)",박수경,GRADE,가상강의(보조강의)
행정학개론,교양(균형),사회과학대학 행정학부,화14:00~17:00(사강204),김경식,GRADE,가상강의(보조강의)
대학생활과 진로설계,교양(소양필수),사회과학대학 행정학부,월11:00~12:00(사0115),이제경,GRADE,가상강의(보조강의)
미래설계상담3,전공(기초),사회과학대학 행정학부,,이제경,PASS/FAIL,가상강의(보조강의)
정책학개론,전공(핵심),사회과학대학 행정학부,"월16:30~18:00(사0108), 수16:30~18:00(사0114)",한동숙,GRADE,가상강의(보조강의)
인사행정론,전공(핵심),사회과학대학 행정학부,"월13:30~15:00(사0108), 수09:00~10:30(사0108)",고영준,GRADE,가상강의(보조강의)
행정기획론,전공(핵심),사회과학대학 행정학부,"월15:00~17:00(사강301), 화17:00~18:00(사강301)",이찬구,GRADE,가상강의(보조강의)
행정기획론,전공(핵심),사회과학대학 행정학부,"화10:00~12:00(사강301), 수11:00~12:00(사강301)",이찬구,GRADE,가상강의(보조강의)
헌법,전공(핵심),사회과학대학 행정학부,월09:00~12:00(사0108),심경수,GRADE,가상강의(보조강의)
전자정부론,전공(심화),사회과학대학 행정학부,"수10:30~12:00(사강402), 금14:00~15:30(사강203)",김선경,GRADE,가상강의(보조강의)
조사방법론,전공(핵심),사회과학대학 행정학부,"화15:00~16:00(사0108), 금10:00~12:00(사0108)",김란,GRADE,가상강의(보조강의)
미래설계상담5,전공(기초),사회과학대학 행정학부,,이제경,PASS/FAIL,가상강의(보조강의)
행정법총론,전공(핵심),사회과학대학 행정학부,화09:00~12:00(사0108),최인호,GRADE,가상강의(보조강의)
한국행정론,전공(핵심),사회과학대학 행정학부,"수09:30~11:00(사강301), 목10:30~12:00(사강301)",이제경,GRADE,가상강의(보조강의)
정부기업관계론,전공(심화),사회과학대학 행정학부,"화16:00~17:30(사0108), 목16:00~17:30(사0108)",문광민,GRADE,가상강의(보조강의)
지역개발론,전공(심화),사회과학대학 행정학부,목13:00~16:00(사강404),김경식,GRADE,가상강의(보조강의)
도시행정론,전공(핵심),사회과학대학 행정학부,"월10:30~12:00(사강301), 금10:30~12:00(사강301)",김선경,GRADE,가상강의(보조강의)
행정문제와 자료해석,전공(심화),사회과학대학 행정학부,수15:00~18:00(사0108),전용일,GRADE,가상강의(보조강의)
지방재정론,전공(핵심),사회과학대학 행정학부,"월12:00~13:30(사0108), 수13:30~15:00(사0108)",이제경,GRADE,가상강의(보조강의)
조직행태론,전공(심화),사회과학대학 행정학부,"월13:30~15:00(사강301), 목10:30~12:00(사강404)",김란,GRADE,가상강의(보조강의)
정부규제론,전공(심화),사회과학대학 행정학부,수14:00~17:00(사강305),김경식,GRADE,가상강의(보조강의)
공공감사의 이해,전공(심화),사회과학대학 행정학부,"화13:30~15:00(사0108), 목13:30~15:00(사0108)",문광민,GRADE,가상강의(보조강의)
성과관리론,전공(심화),사회과학대학 행정학부,목09:00~12:00(사0108),박정민,GRADE,가상강의(보조강의)
재난관리론,전공(심화),사회과학대학 행정학부,"월12:00~13:30(사강301), 화12:00~13:30(사강301)",김현,GRADE,가상강의(보조강의)
경제정책론,전공(심화),사회과학대학 행정학부,"월15:00~16:30(사0108), 수15:00~16:30(사강301)",한동숙,GRADE,가상강의(보조강의)
미래설계상담1,전공(기초),사회과학대학 사회학과,,최인이,PASS/FAIL,가상강의(보조강의)
조사연구방법,전공(기초),사회과학대학 사회학과,"월10:30~12:00(사0114), 수13:30~15:00(사0114)",김원태,GRADE,가상강의(보조강의)
사회학개론,전공(기초),사회과학대학 사회학과,"화10:30~12:00(사0114), 수10:30~12:00(사0114)",최인이,GRADE,가상강의(보조강의)
문화인류학,교양(소양),사회과학대학 사회학과,목10:30~13:30(사0114),우상권,GRADE,가상강의(보조강의)
문화인류학,교양(소양),사회과학대학 사회학과,목15:00~18:00(사강102),우상권,GRADE,가상강의(보조강의)
인권의사회학,교양(소양),사회과학대학 사회학과,"월15:00~16:30(사0114), 화15:00~16:30(사0114)",오현미,GRADE,가상강의(보조강의)
사회학적상상력,교양(균형),사회과학대학 사회학과,"월13:30~15:00(사0114), 수15:00~16:30(사0114)",박혜경,GRADE,가상강의(보조강의)
성과문화,교양(균형),사회과학대학 사회학과,"월12:00~13:30(사0114), 화12:00~13:30(사0114)",오현미,GRADE,가상강의(보조강의)
대학생활과 진로설계,교양(소양필수),사회과학대학 사회학과,수15:00~16:00(사강302),박찬종,GRADE,가상강의(보조강의)
미래설계상담3,전공(기초),사회과학대학 사회학과,,최인이,PASS/FAIL,가상강의(보조강의)
현대사회학이론,전공(핵심),사회과학대학 사회학과,"월16:30~18:00(사강302), 수16:30~18:00(사강302)",정선기,GRADE,가상강의(보조강의)
발전사회학,전공(핵심),사회과학대학 사회학과,"월16:30~18:00(사0114), 목16:30~18:00(사0114)",박찬종,GRADE,가상강의(보조강의)
기초사회통계,전공(기초),사회과학대학 사회학과,"화15:00~16:30(사0220), 목15:00~16:30(사0220)",황선재,GRADE,가상강의(보조강의)
환경사회학,전공(핵심),사회과학대학 사회학과,"화16:30~18:00(사강102), 수15:00~16:30(사강102)",이정림,GRADE,가상강의(보조강의)
현대사회문제,전공(핵심),사회과학대학 사회학과,화10:30~13:30(사강302),소준철,GRADE,가상강의(보조강의)
미래설계상담5,전공(기초),사회과학대학 사회학과,,최인이,PASS/FAIL,가상강의(보조강의)
사회계층,전공(핵심),사회과학대학 사회학과,"월10:30~12:00(사강102), 수10:30~12:00(사강102)",권오용,GRADE,가상강의(보조강의)
사회조사실습1,전공(기초),사회과학대학 사회학과,"수15:00~17:00(사0113), 수17:00~19:00(사0113)",황선재,GRADE,가상강의(보조강의)
사회학특강,전공(심화),사회과학대학 사회학과,"월15:00~16:30(사강302), 목15:00~16:30(사강302)",김원태,GRADE,가상강의(보조강의)
질적연구방법,전공(핵심),사회과학대학 사회학과,"화15:00~16:30(사강302), 목13:30~15:00(사강302)",최인이,GRADE,가상강의(보조강의)
일반사회논술,전공(심화),사회과학대학 사회학과,금10:00~12:00(사강302),전자배,GRADE,가상강의(보조강의)
지역사회와 정책,전공(심화),사회과학대학 사회학과,"화16:30~18:00(사강302), 목10:30~12:00(사강302)",김주현,GRADE,가상강의(보조강의)
비교문화론,전공(심화),사회과학대학 사회학과,"월09:00~10:30(사강102), 수09:00~10:30(사강102)",권오용,GRADE,가상강의(보조강의)
시민사회와사회운동,전공(심화),사회과학대학 사회학과,"월13:30~15:00(사강302), 수13:30~15:00(사강302)",정선기,GRADE,가상강의(보조강의)
정보사회학,전공(심화),사회과학대학 사회학과,"월10:30~12:00(사강302), 수10:30~12:00(사강302)",박혜경,GRADE,가상강의(보조강의)
논문연구실습,전공(심화),사회과학대학 사회학과,"화13:30~15:00(사0114), 목13:30~15:00(사0114)",김주현,GRADE,가상강의(보조강의)
일반사회교수법및평가,전공(심화),사회과학대학 사회학과,금13:00~15:00(사강302),전자배,GRADE,가상강의(보조강의)
미래설계상담1,전공(기초),사회과학대학 문헌정보학과,,곽승진,PASS/FAIL,가상강의(보조강의)
문헌 정보학 개론,전공(기초),사회과학대학 문헌정보학과,"월13:30~15:00(사0109), 수13:30~15:00(사0109)",곽승진,GRADE,가상강의(보조강의)
독서지도입문,전공(핵심),사회과학대학 문헌정보학과,화16:30~19:30(사0109),최재이,GRADE,가상강의(보조강의)
현대인의 독서치료,교양(소양),사회과학대학 문헌정보학과,"화13:30~15:00(사강101), 목13:30~15:00(사강101)",서기자,GRADE,가상강의(보조강의)
지식사회와 정보활용,교양(소양),사회과학대학 문헌정보학과,"월15:00~16:30(사0109), 수15:00~16:30(사0109)",김성원,GRADE,가상강의(보조강의)
대학생활과 진로설계,교양(소양필수),사회과학대학 문헌정보학과,수16:30~17:30(사0110),곽승진,GRADE,가상강의(보조강의)
미래설계상담3,전공(기초),사회과학대학 문헌정보학과,,곽승진,PASS/FAIL,가상강의(보조강의)
서지학개론,전공(핵심),사회과학대학 문헌정보학과,"월10:30~12:00(사0109), 수10:30~12:00(사0109)",김순희,GRADE,가상강의(보조강의)
정보문해,전공(핵심),사회과학대학 문헌정보학과,"화15:00~16:30(사0109), 목15:00~16:30(사0109)",김성원,GRADE,가상강의(보조강의)
도서관경영,전공(기초),사회과학대학 문헌정보학과,금14:00~17:00(사0220),박현희,GRADE,가상강의(보조강의)
정보자료목록론,전공(핵심),사회과학대학 문헌정보학과,"화10:30~12:00(사강203), 목10:30~12:00(사강203)",이성숙,GRADE,가상강의(보조강의)
이용자연구론,전공(심화),사회과학대학 문헌정보학과,"화13:30~15:00(사0110), 목13:30~15:00(사0110)",박형주,GRADE,가상강의(보조강의)
데이터사이언스개론,전공(심화),사회과학대학 문헌정보학과,"월16:30~18:00(사0109), 수16:30~18:00(사0109)",이고은,GRADE,가상강의(보조강의)
정보서비스론,전공(핵심),사회과학대학 문헌정보학과,"월15:00~16:30(사0110), 수15:00~16:30(사0110)",곽승진,GRADE,가상강의(보조강의)
미래설계상담5,전공(기초),사회과학대학 문헌정보학과,,곽승진,PASS/FAIL,가상강의(보조강의)
디지털도서관,전공(핵심),사회과학대학 문헌정보학과,"월10:30~12:00(사0110), 수10:30~12:00(사0110)",곽승진,GRADE,가상강의(보조강의)
지식조직론,전공(심화),사회과학대학 문헌정보학과,"화13:30~15:00(사0109), 목13:30~15:00(사0109)",김성원,GRADE,가상강의(보조강의)
공공 및 학교도서관 경영,전공(핵심),사회과학대학 문헌정보학과,금10:00~13:00(사0220),박현희,GRADE,가상강의(보조강의)
자료보존론,전공(심화),사회과학대학 문헌정보학과,"화10:30~12:00(사0109), 목10:30~12:00(사0109)",김순희,GRADE,가상강의(보조강의)
문헌정보학특강,전공(심화),사회과학대학 문헌정보학과,"월10:30~12:00(사강203), 수10:30~12:00(사강203)",이성숙,GRADE,가상강의(보조강의)
기록학특강,전공(심화),사회과학대학 문헌정보학과,"화15:00~16:30(사0110), 목15:00~16:30(사0110)",김형국,GRADE,가상강의(보조강의)
데이터사이언스와 소셜데이터분석,전공(심화),사회과학대학 문헌정보학과,"월13:30~15:00(사0110), 수13:30~15:00(사0110)",이고은,GRADE,가상강의(보조강의)
분석데이터탐색,전공(심화),사회과학대학 문헌정보학과,"월16:30~18:00(사0220), 화16:30~18:00(사0220)",이석형,GRADE,가상강의(보조강의)
미래설계상담1,전공(기초),사회과학대학 심리학과,,김주은,PASS/FAIL,가상강의(보조강의)
심리학개론,전공(기초),사회과학대학 심리학과,월15:00~18:00(사강202),김주은,GRADE,가상강의(보조강의)
심리학개론,교양(균형),사회과학대학 심리학과,"월12:00~13:30(사강101), 화12:00~13:30(사강101)",전우영,GRADE,가상강의(보조강의)
심리학개론,교양(균형),사회과학대학 심리학과,"월13:30~15:00(사강202), 목13:30~15:00(사강202)",전우영,GRADE,가상강의(보조강의)
심리학개론,교양(균형),사회과학대학 심리학과,금09:00~12:00(사0109),김주영,GRADE,가상강의(보조강의)
심리학개론,교양(균형),사회과학대학 심리학과,"화10:30~12:00(사강102), 목10:30~12:00(사강102)",음영지,GRADE,가상강의(보조강의)
심리학개론,교양(균형),사회과학대학 심리학과,"월13:30~15:00(사강101), 수13:30~15:00(사강101)",김수현,GRADE,가상강의(보조강의)
심리학개론,교양(균형),사회과학대학 심리학과,목15:00~18:00(사강101),전우영,GRADE,가상강의(보조강의)
정신건강,교양(균형),사회과학대학 심리학과,"수10:30~12:00(교204A), 금09:00~10:30(교204A)",이운영,GRADE,가상강의(보조강의)
정신건강,교양(균형),사회과학대학 심리학과,"화13:30~15:00(교204A), 목12:00~13:30(교204A)",이운영,GRADE,가상강의(보조강의)
정신건강,교양(균형),사회과학대학 심리학과,"수10:30~12:00(사강202), 금10:30~12:00(사강202)",심예린,GRADE,가상강의(보조강의)
자기조절,교양(소양),사회과학대학 심리학과,"월09:00~10:30(사강101), 화09:00~10:30(사강101)",전우영,GRADE,가상강의(보조강의)
자기조절,교양(소양),사회과학대학 심리학과,금09:00~12:00(사0115),김남희,GRADE,가상강의(보조강의)
대학생활과 진로설계,교양(소양필수),사회과학대학 심리학과,수09:00~10:00(사강303),김주은,GRADE,가상강의(보조강의)
미래설계상담3,전공(기초),사회과학대학 심리학과,,김주은,PASS/FAIL,가상강의(보조강의)
아동심리학,전공(심화),사회과학대학 심리학과,"화16:30~18:00(사강303), 수13:30~15:00(사강303)",노수림,GRADE,가상강의(보조강의)
성격심리학,전공(핵심),사회과학대학 심리학과,금14:00~17:00(사0114),윤민지,GRADE,가상강의(보조강의)
사회심리학,전공(핵심),사회과학대학 심리학과,"월10:30~12:00(사강202), 목10:30~12:00(사강202)",전우영,GRADE,가상강의(보조강의)
감각및지각심리학Ⅰ,전공(핵심),사회과학대학 심리학과,화13:30~16:30(사강202),민윤기,GRADE,가상강의(보조강의)
심리통계Ⅱ,전공(기초),사회과학대학 심리학과,"화10:30~12:00(사강202), 수10:30~12:00(사강401)",이선희,GRADE,가상강의(보조강의)
생물심리학,전공(심화),사회과학대학 심리학과,"월12:00~13:30(사강202), 목12:00~13:30(사강202)",한석원,GRADE,가상강의(보조강의)
미래설계상담5,전공(기초),사회과학대학 심리학과,,김주은,PASS/FAIL,가상강의(보조강의)
상담심리학,전공(핵심),사회과학대학 심리학과,"화10:30~12:00(사강303), 목10:30~12:00(사강303)",심예린,GRADE,가상강의(보조강의)
건강심리학,전공(핵심),사회과학대학 심리학과,"월10:30~12:00(사강303), 수10:30~12:00(사강303)",조성근,GRADE,가상강의(보조강의)
직업상담,전공(핵심),사회과학대학 심리학과,월15:00~18:00(사강303),배송숙,GRADE,가상강의(보조강의)
인사심리학,전공(심화),사회과학대학 심리학과,"월13:30~15:00(사강303), 화13:30~15:00(사강303)",이선희,GRADE,가상강의(보조강의)
심리검사 및 실습,전공(핵심),사회과학대학 심리학과,"수13:30~16:30(사강202), 금13:30~15:30(사강202)",이경주,GRADE,가상강의(보조강의)
사회문제와심리학,전공(심화),사회과학대학 심리학과,금09:30~12:30(사강303),박은리,GRADE,가상강의(보조강의)
상담실습,전공(심화),사회과학대학 심리학과,금10:00~13:00(사0114),윤민지,GRADE,가상강의(보조강의)
공학심리학,전공(심화),사회과학대학 심리학과,"수16:30~18:00(사강303), 금13:30~15:00(사강303)",이영창,GRADE,가상강의(보조강의)
중독심리학,전공(심화),사회과학대학 심리학과,"화15:00~16:30(사강303), 수15:00~16:30(사강303)",김주은,GRADE,가상강의(보조강의)
노화심리학,전공(심화),사회과학대학 심리학과,"화13:30~15:00(사강405), 수10:30~12:00(사강405)",노수림,GRADE,가상강의(보조강의)
임상심리실습,전공(심화),사회과학대학 심리학과,"월13:30~15:00(사강404), 화09:00~10:30(사강404)",김세진,GRADE,가상강의(보조강의)
미래설계상담1,전공(기초),사회과학대학 언론정보학과,,양은경,PASS/FAIL,가상강의(보조강의)
언론정보학개론,전공(핵심),사회과학대학 언론정보학과,"수09:00~10:30(사0115), 목09:00~10:30(사0115)",손병우,GRADE,가상강의(보조강의)
영어스피치와프레젠테이션,전공(핵심),사회과학대학 언론정보학과,"월12:00~13:30(사0113), 화09:00~10:30(사0113)",박기령,GRADE,가상강의(보조강의)
디지털미디어와사회,전공(핵심),사회과학대학 언론정보학과,"월15:00~16:30(사0115), 수12:00~13:30(사0115)",김형민,GRADE,가상강의(보조강의)
소셜미디어의세계,교양(균형),사회과학대학 언론정보학과,"화13:30~15:00(사강404), 수10:30~12:00(사강404)",김재영,GRADE,가상강의(보조강의)
언론과광고의세계,교양(균형),사회과학대학 언론정보학과,"화10:30~12:00(사0113), 수10:30~12:00(사0113)",이승선,GRADE,가상강의(보조강의)
대학생활과 진로설계,교양(소양필수),사회과학대학 언론정보학과,화14:00~15:00(사0113),양은경,GRADE,가상강의(보조강의)
미래설계상담3,전공(기초),사회과학대학 언론정보학과,,양은경,PASS/FAIL,가상강의(보조강의)
광고의 이해,전공(핵심),사회과학대학 언론정보학과,"수09:00~10:30(사0109), 목12:00~13:30(사0109)",유성신,GRADE,가상강의(보조강의)
미디어글쓰기,전공(핵심),사회과학대학 언론정보학과,"월10:30~12:00(사0113), 목10:30~12:00(사0113)",우희창,GRADE,가상강의(보조강의)
영상콘텐츠제작실습,전공(핵심),사회과학대학 언론정보학과,"목14:00~16:00(사강303), 목16:00~18:00(사강303)",이승진,GRADE,가상강의(보조강의)
미디어데이터분석과시각화,전공(핵심),사회과학대학 언론정보학과,"화10:30~12:00(사0220), 수10:30~12:00(사0220)",김형민,GRADE,가상강의(보조강의)
미래설계상담5,전공(기초),사회과학대학 언론정보학과,,양은경,PASS/FAIL,가상강의(보조강의)
미디어이론,전공(핵심),사회과학대학 언론정보학과,"월16:30~18:00(사0115), 화12:00~13:30(사0115)",이윤복,GRADE,가상강의(보조강의)
컴퓨터커뮤니케이션,전공(핵심),사회과학대학 언론정보학과,"화10:30~12:00(사0115), 수13:30~15:00(사0115)",김재영,GRADE,가상강의(보조강의)
현대문화이론,전공(심화),사회과학대학 언론정보학과,"수10:30~12:00(사0115), 목10:30~12:00(사0115)",양은경,GRADE,가상강의(보조강의)
사회과학 질적연구방법,전공(핵심),사회과학대학 언론정보학과,"월12:00~13:30(사0115), 목12:00~13:30(사0115)",우희창,GRADE,가상강의(보조강의)
광고PR프로젝트 1,전공(심화),사회과학대학 언론정보학과,"목14:00~16:00(사0115), 목16:00~18:00(사0115)",유성신,GRADE,가상강의(보조강의)
명예훼손과 언론법,전공(심화),사회과학대학 언론정보학과,"월13:30~15:00(사0115), 화13:30~15:00(사0115)",이승선,GRADE,가상강의(보조강의)
커뮤니케이션과사회문제,전공(심화),사회과학대학 언론정보학과,"화16:30~18:00(사0115), 수16:30~18:00(사0115)",양은경,GRADE,가상강의(보조강의)
미디어 테크놀로지와 문화,전공(핵심),사회과학대학 언론정보학과,"화15:00~16:30(사강404), 수15:00~16:30(사강404)",김수정,GRADE,가상강의(보조강의)
영상미디어 리터러시,전공(핵심),사회과학대학 언론정보학과,"수10:30~12:00(사강204), 목10:30~12:00(사강204)",손병우,GRADE,가상강의(보조강의)
미래설계상담1,전공(기초),사회과학대학 정치외교학과,,박영득,PASS/FAIL,가상강의(보조강의)
정치학원론,전공(기초),사회과학대학 정치외교학과,"화10:30~12:00(사강403), 목10:30~12:00(사강403)",김지운,GRADE,가상강의(보조강의)
한국정치의 이해,교양(소양),사회과학대학 정치외교학과,"화15:00~16:30(사강403), 목15:00~16:30(사강403)",정다빈,GRADE,가상강의(보조강의)
생활과 정치,교양(균형),사회과학대학 정치외교학과,금15:00~18:00(사0109),박영득,GRADE,가상강의(보조강의)
대학생활과 진로설계,교양(소양필수),사회과학대학 정치외교학과,월17:00~18:00(사강403),박영득,GRADE,가상강의(보조강의)
미래설계상담3,전공(기초),사회과학대학 정치외교학과,,박영득,PASS/FAIL,가상강의(보조강의)
비교정치론,전공(기초),사회과학대학 정치외교학과,"화09:00~10:30(사강402), 수09:00~10:30(사강402)",김정현,GRADE,가상강의(보조강의)
정치학방법론,전공(기초),사회과학대학 정치외교학과,"월13:30~15:00(사강403), 수13:30~15:00(사강403)",박영득,GRADE,가상강의(보조강의)
정치사상 1,전공(기초),사회과학대학 정치외교학과,"화13:30~15:00(사강403), 목13:30~15:00(사강403)",박수인,GRADE,가상강의(보조강의)
중국정치론,전공(핵심),사회과학대학 정치외교학과,"월10:30~12:00(사강403), 수10:30~12:00(사강403)",김지운,GRADE,가상강의(보조강의)
동남아정치론,전공(심화),사회과학대학 정치외교학과,"화16:30~18:00(사강402), 수16:30~18:00(사강402)",김정현,GRADE,가상강의(보조강의)
국제관계이론,전공(심화),사회과학대학 정치외교학과,"월12:00~13:30(사강402), 수12:00~13:30(사강402)",고봉준,GRADE,가상강의(보조강의)
미래설계상담5,전공(기초),사회과학대학 정치외교학과,,박영득,PASS/FAIL,가상강의(보조강의)
국제정치경제론,전공(심화),사회과학대학 정치외교학과,"월13:30~15:00(사강402), 화13:30~15:00(사강402)",기여운,GRADE,가상강의(보조강의)
국제개발협력론,전공(심화),사회과학대학 정치외교학과,"화09:00~10:30(사강403), 목09:00~10:30(사강403)",오영달,GRADE,가상강의(보조강의)
국가와 시장,전공(핵심),사회과학대학 정치외교학과,"월10:30~12:00(사강402), 화10:30~12:00(사강402)",기여운,GRADE,가상강의(보조강의)
정치제도론,전공(심화),사회과학대학 정치외교학과,"화12:00~13:30(사강403), 목12:00~13:30(사강403)",정다빈,GRADE,가상강의(보조강의)
의회정치론,전공(핵심),사회과학대학 정치외교학과,"월15:00~16:30(사강403), 수15:00~16:30(사강403)",박영득,GRADE,가상강의(보조강의)
국제기구정치론,전공(핵심),사회과학대학 정치외교학과,"월09:00~10:30(사강403), 수09:00~10:30(사강403)",오영달,GRADE,가상강의(보조강의)
미국외교정책,전공(심화),사회과학대학 정치외교학과,"월15:00~16:30(사강402), 수15:00~16:30(사강402)",고봉준,GRADE,가상강의(보조강의)
현대정치사상,전공(심화),사회과학대학 정치외교학과,"화16:30~18:00(사강403), 목16:30~18:00(사강403)",박수인,GRADE,가상강의(보조강의)
전쟁론,전공(심화),사회과학대학 정치외교학과,"화15:00~16:30(사강402), 목15:00~16:30(사강402)",이웅현,GRADE,가상강의(보조강의)
미래설계상담1,전공(기초),사회과학대학 사회복지학과,,류진석,PASS/FAIL,가상강의(보조강의)
사회복지학개론,전공(핵심),사회과학대학 사회복지학과,수09:00~12:00(사0112),류진석,GRADE,가상강의(보조강의)
자원봉사론,전공(핵심),사회과학대학 사회복지학과,"월13:30~15:00(사0111), 화13:30~15:00(사0111)",이선화,GRADE,가상강의(보조강의)
인간과 복지,교양(균형),사회과학대학 사회복지학과,"월12:00~13:30(사0111), 화12:00~13:30(사0111)",이선화,GRADE,가상강의(보조강의)
인간과 복지,교양(균형),사회과학대학 사회복지학과,토09:00~12:00(다2352),김은하,GRADE,가상강의(보조강의)
대학생활과 진로설계,교양(소양필수),사회과학대학 사회복지학과,월10:30~11:30(사0112),류진석,GRADE,가상강의(보조강의)
사회복지역사,전공(핵심),사회과학대학 사회복지학과,수10:00~13:00(사0111),김은하,GRADE,가상강의(보조강의)
사회보장론,전공(핵심),사회과학대학 사회복지학과,수14:00~17:00(사0112),정연택,GRADE,가상강의(보조강의)
지역사회복지론,전공(핵심),사회과학대학 사회복지학과,월14:00~17:00(사0112),류진석,GRADE,가상강의(보조강의)
사회문제론,전공(핵심),사회과학대학 사회복지학과,"화10:30~12:00(사0112), 목10:30~12:00(사0112)",김정은,GRADE,가상강의(보조강의)
정신건강론,전공(핵심),사회과학대학 사회복지학과,"화09:00~10:30(사0112), 목09:00~10:30(사0112)",이주경,GRADE,가상강의(보조강의)
미래설계상담3,전공(기초),사회과학대학 사회복지학과,,류진석,PASS/FAIL,가상강의(보조강의)
노인 복지론,전공(심화),사회과학대학 사회복지학과,"월16:30~18:00(사0111), 화10:30~12:00(사0111)",박인영,GRADE,가상강의(보조강의)
청소년복지론,전공(심화),사회과학대학 사회복지학과,"월15:00~16:30(사0111), 화15:00~16:30(사0111)",김태연,GRADE,가상강의(보조강의)
사회복지실천기술론,전공(핵심),사회과학대학 사회복지학과,"화16:30~18:00(사0111), 수16:30~18:00(사0111)",김태연,GRADE,가상강의(보조강의)
프로그램개발과평가,전공(핵심),사회과학대학 사회복지학과,목14:00~17:00(사0112),강지영,GRADE,가상강의(보조강의)
의료사회복지론,전공(심화),사회과학대학 사회복지학과,"월10:30~12:00(사0111), 화09:00~10:30(사0111)",김은혜,GRADE,가상강의(보조강의)
미래설계상담5,전공(기초),사회과학대학 사회복지학과,,류진석,PASS/FAIL,가상강의(보조강의)
사례관리론,전공(핵심),사회과학대학 사회복지학과,목15:00~18:00(사0111),손선옥,GRADE,가상강의(보조강의)
가족복지론,전공(심화),사회과학대학 사회복지학과,수13:30~16:30(사0111),김정은,GRADE,가상강의(보조강의)
사회복지법제와 실천,전공(심화),사회과학대학 사회복지학과,화13:30~16:30(사0112),정연택,GRADE,가상강의(보조강의)
미래설계상담1,전공(기초),자연과학대학 수학과,,박진해,PASS/FAIL,가상강의(보조강의)
미래설계상담2,전공(기초),자연과학대학 수학과,,박진해,PASS/FAIL,가상강의(보조강의)
이산수학및실습,전공(핵심),자연과학대학 수학과,"월10:00~12:00(자1204), 수10:00~12:00(자1201)",서성미,GRADE,가상강의(보조강의)
이산수학및실습,전공(핵심),자연과학대학 수학과,"월13:00~15:00(자1204), 수16:00~18:00(자1204)",서성미,GRADE,가상강의(보조강의)
이산수학및실습,전공(핵심),자연과학대학 수학과,"화10:00~12:00(자1202), 목13:00~15:00(자1430)",임채삼,GRADE,가상강의(보조강의)
기초수학,교양(균형),자연과학대학 수학과,"월10:30~12:00(자1202), 목16:30~18:00(자1202)",이현희,GRADE,가상강의(보조강의)
기초대학수학,교양(균형),자연과학대학 수학과,"수16:30~18:00(공1312), 금15:00~16:30(공1312)",권선주,PASS/FAIL,가상강의(보조강의)
기초대학수학,교양(균형),자연과학대학 수학과,"수16:30~18:00(공1316), 금15:00~16:30(공1316)",류정아,PASS/FAIL,가상강의(보조강의)
기초대학수학,교양(균형),자연과학대학 수학과,"화15:00~16:30(공1312), 금16:30~18:00(공1312)",권선주,PASS/FAIL,가상강의(보조강의)
기초대학수학,교양(균형),자연과학대학 수학과,"화15:00~16:30(공1316), 금16:30~18:00(공1316)",심한나,PASS/FAIL,가상강의(보조강의)
수학입문,교양(균형),자연과학대학 수학과,"월15:00~16:30(자3307), 목16:30~18:00(자3307)",명노호,GRADE,가상강의(보조강의)
수학입문,교양(균형),자연과학대학 수학과,"월16:30~18:00(자3307), 목15:00~16:30(자3307)",명노호,GRADE,가상강의(보조강의)
미적분학1,교양(균형),자연과학대학 수학과,"화10:30~12:00(공1312), 목09:00~10:30(공1312)",권선주,GRADE,가상강의(보조강의)
미적분학1,교양(균형),자연과학대학 수학과,"화10:30~12:00(공1316), 목09:00~10:30(공1316)",류정아,GRADE,가상강의(보조강의)
미적분학1,교양(균형),자연과학대학 수학과,"화12:00~13:30(공4108), 금13:30~15:00(공4108)",권선주,GRADE,가상강의(보조강의)
미적분학1,교양(균형),자연과학대학 수학과,"화12:00~13:30(공4212), 금13:30~15:00(공4212)",류정아,GRADE,가상강의(보조강의)
미적분학1,교양(균형),자연과학대학 수학과,"화16:30~18:00(공2229), 수13:30~15:00(공2229)",권선주,GRADE,가상강의(보조강의)
미적분학1,교양(균형),자연과학대학 수학과,"수10:30~12:00(자1402), 금13:30~15:00(자1402)",김학만,GRADE,가상강의(보조강의)
미적분학1,교양(균형),자연과학대학 수학과,"월15:00~16:30(자1202), 목10:30~12:00(자1202)",구남집,GRADE,가상강의(보조강의)
미적분학1,교양(균형),자연과학대학 수학과,"월16:30~18:00(자1402), 목13:30~15:00(자1402)",이윤희,GRADE,가상강의(보조강의)
미적분학1,교양(균형),자연과학대학 수학과,"수16:30~18:00(산학연0602), 금15:00~16:30(산학연0602)",구세현,GRADE,가상강의(보조강의)
미적분학1,교양(균형),자연과학대학 수학과,"수15:00~16:30(공1244), 금10:30~12:00(공1244)",류정아,GRADE,가상강의(보조강의)
미적분학1,교양(균형),자연과학대학 수학과,"화16:30~18:00(공1244), 금13:30~15:00(공1244)",심한나,GRADE,가상강의(보조강의)
미적분학1,교양(균형),자연과학대학 수학과,"월13:30~15:00(자1402), 수13:30~15:00(자1402)",손은영,GRADE,가상강의(보조강의)
미적분학1,교양(균형),자연과학대학 수학과,"화15:00~16:30(자1402), 목16:30~18:00(자1402)",강동오,GRADE,가상강의(보조강의)
미적분학1,교양(균형),자연과학대학 수학과,"수10:30~12:00(자1202), 금13:30~15:00(자1202)",구세현,GRADE,가상강의(보조강의)
미적분학1,교양(균형),자연과학대학 수학과,"월09:00~10:30(자1202), 수12:00~13:30(자1402)",명노호,GRADE,가상강의(보조강의)
미적분학1,교양(균형),자연과학대학 수학과,"월09:00~10:30(자1430), 수12:00~13:30(자1430)",유승기,GRADE,가상강의(보조강의)
미적분학1,교양(균형),자연과학대학 수학과,"화15:00~16:30(자1202), 목15:00~16:30(자1202)",임채삼,GRADE,가상강의(보조강의)
미적분학1,교양(균형),자연과학대학 수학과,"화15:00~16:30(자1430), 목15:00~16:30(자1430)",조은희,GRADE,가상강의(보조강의)
미적분학1,교양(균형),자연과학대학 수학과,"월10:30~12:00(자1430), 목10:30~12:00(자1430)",조은희,GRADE,가상강의(보조강의)
미적분학1,교양(균형),자연과학대학 수학과,"월13:30~15:00(공3426), 목15:00~16:30(공3426)",이현희,GRADE,가상강의(보조강의)
미적분학1,교양(균형),자연과학대학 수학과,"월15:00~16:30(공동107), 수16:30~18:00(공동107)",장익순,GRADE,가상강의(보조강의)
미적분학1,교양(균형),자연과학대학 수학과,"화13:30~15:00(자1430), 목10:30~12:00(자1402)",오덕순,GRADE,가상강의(보조강의)
미적분학1,교양(균형),자연과학대학 수학과,"월16:30~18:00(자1430), 수13:30~15:00(자1430)",장익순,GRADE,가상강의(보조강의)
미적분학1,교양(균형),자연과학대학 수학과,"수10:30~12:00(자3119), 금10:30~12:00(자3119)",백종욱,GRADE,가상강의(보조강의)
미적분학1,교양(균형),자연과학대학 수학과,"화13:30~15:00(자4217), 목13:30~15:00(자4217)",지윤희,GRADE,가상강의(보조강의)
미적분학1,교양(균형),자연과학대학 수학과,"화10:30~12:00(자1430), 목16:30~18:00(자1430)",구세현,GRADE,가상강의(보조강의)
미적분학1,교양(균형),자연과학대학 수학과,"월16:30~18:00(농2401), 수15:00~16:30(농2401)",원유진,GRADE,가상강의(보조강의)
미적분학1,교양(균형),자연과학대학 수학과,"월13:30~15:00(자1430), 수15:00~16:30(자1430)",장익순,GRADE,가상강의(보조강의)
미적분학1,교양(균형),자연과학대학 수학과,"수16:30~18:00(자1430), 금13:30~15:00(자1430)",백종욱,GRADE,가상강의(보조강의)
미적분학1,교양(균형),자연과학대학 수학과,"수15:00~16:30(자1202), 금15:00~16:30(자1202)",백종욱,GRADE,가상강의(보조강의)
미적분학1,교양(균형),자연과학대학 수학과,"화12:00~13:30(자1403), 목16:30~18:00(자1403)",NguyenVanSangHong,GRADE,가상강의(보조강의)
미적분학1,교양(균형),자연과학대학 수학과,"월13:30~15:00(교104A), 수13:30~15:00(교104A)",유승기,GRADE,가상강의(보조강의)
대학생활과 진로설계,교양(소양필수),자연과학대학 수학과,화15:00~16:00(자1204),박진해,GRADE,가상강의(보조강의)
미래설계상담3,전공(기초),자연과학대학 수학과,,박진해,PASS/FAIL,가상강의(보조강의)
미래설계상담4,전공(기초),자연과학대학 수학과,,박진해,PASS/FAIL,가상강의(보조강의)
기하학,전공(핵심),자연과학대학 수학과,"화15:00~16:30(자1403), 목15:00~16:30(자1402)",민성홍,GRADE,가상강의(보조강의)
기하학,전공(핵심),자연과학대학 수학과,"월15:00~16:30(자1402), 수15:00~16:30(자1402)",유승기,GRADE,가상강의(보조강의)
수치프로그래밍및실습,전공(핵심),자연과학대학 수학과,"화09:00~11:00(자1220), 금10:00~12:00(자1220)",여주엽,GRADE,가상강의(보조강의)
수치프로그래밍및실습,전공(핵심),자연과학대학 수학과,"화11:00~13:00(자1220), 금13:00~15:00(자1220)",여주엽,GRADE,가상강의(보조강의)
고등미적분학1및실습,전공(기초),자연과학대학 수학과,"월13:00~15:00(자1202), 수13:00~15:00(자1202)",박진해,GRADE,가상강의(보조강의)
고등미적분학1및실습,전공(기초),자연과학대학 수학과,"월10:00~12:00(자1201), 수10:00~12:00(자1430)",손은영,GRADE,가상강의(보조강의)
선형대수1및실습,전공(기초),자연과학대학 수학과,"월10:00~12:00(자1402), 수10:00~12:00(자1401)",노현호,GRADE,가상강의(보조강의)
선형대수1및실습,전공(기초),자연과학대학 수학과,"월13:00~15:00(자1401), 수13:00~15:00(자1401)",노현호,GRADE,가상강의(보조강의)
미분방정식,전공(기초),자연과학대학 수학과,"화13:30~15:00(자1202), 목13:30~15:00(자1202)",구남집,GRADE,가상강의(보조강의)
미분방정식,전공(기초),자연과학대학 수학과,"화16:30~18:00(자1403), 목10:30~12:00(자1403)",NguyenVanSangHong,GRADE,가상강의(보조강의)
미래설계상담5,전공(기초),자연과학대학 수학과,,박진해,PASS/FAIL,가상강의(보조강의)
미래설계상담6,전공(기초),자연과학대학 수학과,,박진해,PASS/FAIL,가상강의(보조강의)
기초복소해석학1및실습,전공(핵심),자연과학대학 수학과,"화13:00~15:00(자1401), 목14:00~16:00(자1401)",강동오,GRADE,가상강의(보조강의)
기초복소해석학1및실습,전공(핵심),자연과학대학 수학과,"화10:00~12:00(자1201), 목10:00~12:00(자1201)",지윤희,GRADE,가상강의(보조강의)
기초위상학1및실습,전공(핵심),자연과학대학 수학과,"월10:00~12:00(자1403), 수11:00~13:00(자1403)",주항연,GRADE,가상강의(보조강의)
기초위상학1및실습,전공(핵심),자연과학대학 수학과,"월14:00~16:00(자1403), 수14:00~16:00(자1403)",주항연,GRADE,가상강의(보조강의)
대수학1및실습,전공(핵심),자연과학대학 수학과,"화10:00~12:00(자1401), 목10:00~12:00(자1401)",신동수,GRADE,가상강의(보조강의)
대수학1및실습,전공(핵심),자연과학대학 수학과,"화13:00~15:00(자1201), 목14:00~16:00(자1201)",심한나,GRADE,가상강의(보조강의)
벡터해석및실습,전공(핵심),자연과학대학 수학과,"월16:00~18:00(자1201), 수16:00~18:00(자1201)",박진해,GRADE,가상강의(보조강의)
수치해석및실습,전공(핵심),자연과학대학 수학과,"월12:00~14:00(자1225), 화15:00~17:00(자1225)",오덕순,GRADE,가상강의(보조강의)
실용통계및실습,전공(심화),자연과학대학 수학과,"수09:00~11:00(자1403), 목16:00~18:00(자1201)",이윤희,GRADE,가상강의(보조강의)
수리과학의 캡스톤디자인1,전공(심화),자연과학대학 수학과,화18:00~24:00(자1204),노현호,GRADE,가상강의(보조강의)
산업수학의 캡스톤디자인1,전공(심화),자연과학대학 수학과,수18:00~24:00(자1204),노현호,GRADE,가상강의(보조강의)
미분기하2,전공(심화),자연과학대학 수학과,"화13:30~15:00(자1403), 금13:30~15:00(자1403)",민성홍,GRADE,가상강의(보조강의)
해석학1,전공(심화),자연과학대학 수학과,"수13:30~15:00(자1201), 금10:30~12:00(자1430)",김학만,GRADE,가상강의(보조강의)
금융수학,전공(심화),자연과학대학 수학과,"월10:30~12:00(자1220), 목10:30~12:00(자1220)",이윤희,GRADE,가상강의(보조강의)
대수학특강,전공(심화),자연과학대학 수학과,"월15:00~16:30(자1401), 목15:00~16:30(자1403)",안재현,GRADE,가상강의(보조강의)
암호론및실습,전공(심화),자연과학대학 수학과,"월13:00~15:00(자1220), 수10:00~12:00(자1220)",안재현,GRADE,가상강의(보조강의)
위상학특강,전공(심화),자연과학대학 수학과,"화15:00~16:30(자1401), 목16:30~18:00(자1401)",구남집,GRADE,가상강의(보조강의)
통계분석기법및실습,전공(심화),자연과학대학 수학과,"월16:30~18:00(자1202), 목13:30~15:00(자1403)",서성미,GRADE,가상강의(보조강의)
빅데이터해석및실습,전공(심화),자연과학대학 수학과,"화10:00~12:00(자1225), 수16:00~18:00(자1225)",오덕순,GRADE,가상강의(보조강의)
미래설계상담1,전공(기초),자연과학대학 물리학과,,송종현,PASS/FAIL,
미래설계상담2,전공(기초),자연과학대학 물리학과,,송종현,PASS/FAIL,
물리학개론,교양(균형),자연과학대학 물리학과,"화15:00~16:30(공동107), 목16:30~18:00(공동107)",박연상,GRADE,가상강의(보조강의)
물리학개론,교양(균형),자연과학대학 물리학과,"수16:30~18:00(교305), 금15:00~16:30(교305)",조창우,GRADE,가상강의(보조강의)
물리학개론,교양(균형),자연과학대학 물리학과,"수16:30~18:00(교301), 금15:00~16:30(교301)",오은순,GRADE,가상강의(보조강의)
물리학개론,교양(균형),자연과학대학 물리학과,"화16:30~18:00(교205), 목15:00~16:30(교205)",오은순,GRADE,가상강의(보조강의)
물리학개론,교양(균형),자연과학대학 물리학과,"월15:00~16:30(산학연0602), 목16:30~18:00(산학연0602)",심경무,GRADE,가상강의(보조강의)
물리학개론,교양(균형),자연과학대학 물리학과,"화16:30~18:00(농1301), 목15:00~16:30(농1301)",김유배,GRADE,가상강의(보조강의)
물리학개론,교양(균형),자연과학대학 물리학과,"월13:30~15:00(교205), 수13:30~15:00(교205)",오은순,GRADE,가상강의(보조강의)
일반물리학1,전공(핵심),자연과학대학 물리학과,"월09:00~10:30(자4115), 수15:00~16:30(자4115)",전민용,GRADE,가상강의(보조강의)
일반물리학1,전공(핵심),자연과학대학 물리학과,"월10:30~12:00(자4115), 수16:30~18:00(자4115)",전민용,GRADE,가상강의(보조강의)
일반물리학 실험1,전공(핵심),자연과학대학 물리학과,월13:00~15:00(자3401),정양수,GRADE,가상강의(보조강의)
일반물리학 실험1,전공(핵심),자연과학대학 물리학과,화13:00~15:00(자3405),유신재,GRADE,가상강의(보조강의)
일반물리학 실험1,전공(핵심),자연과학대학 물리학과,화13:00~15:00(자3401),유영준,GRADE,가상강의(보조강의)
일반물리학연습1,전공(핵심),자연과학대학 물리학과,금10:00~12:00(자4115),오명숙,GRADE,가상강의(보조강의)
일반물리학연습1,전공(핵심),자연과학대학 물리학과,금13:00~15:00(자4115),오명숙,GRADE,가상강의(보조강의)
기초수리물리,전공(핵심),자연과학대학 물리학과,"월09:00~10:30(자4114), 수15:00~16:30(자4114)",박종철,GRADE,가상강의(보조강의)
기초수리물리,전공(핵심),자연과학대학 물리학과,"월10:30~12:00(자4114), 수16:30~18:00(자4114)",박종철,GRADE,가상강의(보조강의)
물리학 1,교양(균형),자연과학대학 물리학과,"화10:30~12:00(공4108), 목09:00~10:30(공4108)",이병주,GRADE,가상강의(보조강의)
물리학 1,교양(균형),자연과학대학 물리학과,"화10:30~12:00(공4212), 목09:00~10:30(공4212)",이준회,GRADE,가상강의(보조강의)
물리학 1,교양(균형),자연과학대학 물리학과,"수09:00~10:30(공2228), 목13:30~15:00(공2228)",이준회,GRADE,가상강의(보조강의)
물리학 1,교양(균형),자연과학대학 물리학과,"월12:00~13:30(공2434-1), 목12:00~13:30(공2434-1)",이준회,GRADE,가상강의(보조강의)
물리학 1,교양(균형),자연과학대학 물리학과,"월12:00~13:30(공3506), 목12:00~13:30(공3506)",김유배,GRADE,가상강의(보조강의)
물리학 1,교양(균형),자연과학대학 물리학과,"월16:30~18:00(공4612), 목13:30~15:00(공4612)",이병주,GRADE,가상강의(보조강의)
물리학 1,교양(균형),자연과학대학 물리학과,"수16:30~18:00(교205), 금15:00~16:30(교205)",이병주,GRADE,가상강의(보조강의)
물리학 1,교양(균형),자연과학대학 물리학과,"월16:30~18:00(교305), 수15:00~16:30(교305)",김유배,GRADE,가상강의(보조강의)
물리학 1,교양(균형),자연과학대학 물리학과,"월16:30~18:00(교205), 수15:00~16:30(교205)",이준회,GRADE,가상강의(보조강의)
물리학 1,교양(균형),자연과학대학 물리학과,"월09:00~10:30(공3323), 목09:00~10:30(공3323)",김유배,GRADE,가상강의(보조강의)
물리학 1,교양(균형),자연과학대학 물리학과,"월15:00~16:30(공3426), 목16:30~18:00(공3426)",이병주,GRADE,가상강의(보조강의)
물리학 1,교양(균형),자연과학대학 물리학과,"월13:30~15:00(자4338), 수09:00~10:30(자4338)",김문덕,GRADE,가상강의(보조강의)
물리학 1,교양(균형),자연과학대학 물리학과,"월16:30~18:00(자4338), 수10:30~12:00(자4338)",김문덕,GRADE,가상강의(보조강의)
물리학 1,교양(균형),자연과학대학 물리학과,"화15:00~16:30(교202A), 목16:30~18:00(교202A)",김문덕,GRADE,가상강의(보조강의)
대학생활과 진로설계,교양(소양필수),자연과학대학 물리학과,수14:00~15:00(자4115),박연상,GRADE,가상강의(보조강의)
물리학실험 1,교양(균형),자연과학대학 물리학과,수13:00~15:00(자3401),정양수,GRADE,가상강의(보조강의)
물리학실험 1,교양(균형),자연과학대학 물리학과,수13:00~15:00(자3405),유영준,GRADE,가상강의(보조강의)
물리학실험 1,교양(균형),자연과학대학 물리학과,수10:00~12:00(자3401),송종현,GRADE,가상강의(보조강의)
물리학실험 1,교양(균형),자연과학대학 물리학과,수10:00~12:00(자3405),김종우,GRADE,가상강의(보조강의)
물리학실험 1,교양(균형),자연과학대학 물리학과,목15:00~17:00(자3401),조창우,GRADE,가상강의(보조강의)
물리학실험 1,교양(균형),자연과학대학 물리학과,금10:00~12:00(자3401),송종현,GRADE,가상강의(보조강의)
물리학실험 1,교양(균형),자연과학대학 물리학과,금10:00~12:00(자3405),신창섭,GRADE,가상강의(보조강의)
물리학실험 1,교양(균형),자연과학대학 물리학과,금13:00~15:00(자3401),정광용,GRADE,가상강의(보조강의)
물리학실험 1,교양(균형),자연과학대학 물리학과,금13:00~15:00(자3405),송종현,GRADE,가상강의(보조강의)
물리학실험 1,교양(균형),자연과학대학 물리학과,화10:00~12:00(자3405),박연상,GRADE,가상강의(보조강의)
물리학실험 1,교양(균형),자연과학대학 물리학과,목10:00~12:00(자3405),조창우,GRADE,가상강의(보조강의)
물리학실험 1,교양(균형),자연과학대학 물리학과,목10:00~12:00(자3401),심경무,GRADE,가상강의(보조강의)
미래설계상담3,전공(기초),자연과학대학 물리학과,,송종현,PASS/FAIL,
미래설계상담4,전공(기초),자연과학대학 물리학과,,송종현,PASS/FAIL,
역학연습1,전공(핵심),자연과학대학 물리학과,월13:00~15:00(자4115),김현,GRADE,가상강의(보조강의)
역학 1,전공(기초),자연과학대학 물리학과,"화13:30~15:00(자4114), 목13:30~15:00(자4114)",박연상,GRADE,가상강의(보조강의)
수리물리 1,전공(핵심),자연과학대학 물리학과,"월16:30~18:00(자4114), 수09:00~10:30(자4114)",강창종,GRADE,가상강의(보조강의)
전자공학1,전공(핵심),자연과학대학 물리학과,"화10:30~12:00(자4114), 목15:00~16:30(자4114)",정양수,GRADE,가상강의(보조강의)
전자공학1,전공(핵심),자연과학대학 물리학과,"화15:00~16:30(자4114), 목10:30~12:00(자4114)",정양수,GRADE,가상강의(보조강의)
전자공학실험1,전공(기초),자연과학대학 물리학과,화09:00~13:00(자3406),신창섭,GRADE,가상강의(보조강의)
전자공학실험1,전공(기초),자연과학대학 물리학과,월09:00~13:00(자3406),박민수,GRADE,가상강의(보조강의)
전자공학실험1,전공(기초),자연과학대학 물리학과,목09:00~13:00(자3406),유신재,GRADE,가상강의(보조강의)
일반물리학 3,전공(핵심),자연과학대학 물리학과,"월15:00~16:30(자4115), 수10:30~12:00(자4115)",김종현,GRADE,가상강의(보조강의)
일반물리학연습3,전공(핵심),자연과학대학 물리학과,수13:00~15:00(자4215),김현,GRADE,가상강의(보조강의)
미래설계상담5,전공(기초),자연과학대학 물리학과,,송종현,PASS/FAIL,
미래설계상담6,전공(기초),자연과학대학 물리학과,,송종현,PASS/FAIL,
양자물리1,전공(기초),자연과학대학 물리학과,"월13:30~15:00(자4121), 수16:30~18:00(자4121)",김종우,GRADE,가상강의(보조강의)
양자물리1,전공(기초),자연과학대학 물리학과,"월16:30~18:00(자4121), 수13:30~15:00(자4121)",김종우,GRADE,가상강의(보조강의)
전자기학 연습2,전공(심화),자연과학대학 물리학과,화15:00~17:00(자4115),오명숙,GRADE,가상강의(보조강의)
양자물리 연습1,전공(핵심),자연과학대학 물리학과,금13:00~15:00(자4114),김현,GRADE,가상강의(보조강의)
수리물리3,전공(심화),자연과학대학 물리학과,"수10:30~12:00(자4217), 금15:00~16:30(자4217)",안강헌,GRADE,가상강의(보조강의)
물리학 세미나1,전공(핵심),자연과학대학 물리학과,목16:30~17:30(자4114),강창종,GRADE,가상강의(보조강의)
전자기학2,전공(기초),자연과학대학 물리학과,"화09:00~10:30(자4115), 목13:30~15:00(자4115)",이기주,GRADE,가상강의(보조강의)
전자기학2,전공(기초),자연과학대학 물리학과,"화13:30~15:00(자4115), 목09:00~10:30(자4115)",이기주,GRADE,가상강의(보조강의)
현대물리실험,전공(기초),자연과학대학 물리학과,월09:00~13:00(자3412),강창종,GRADE,가상강의(보조강의)
현대물리실험,전공(기초),자연과학대학 물리학과,화09:00~13:00(자3412),조성윤,GRADE,가상강의(보조강의)
현대물리실험,전공(기초),자연과학대학 물리학과,금09:00~13:00(자3412),조창우,GRADE,가상강의(보조강의)
미래설계상담7,전공(기초),자연과학대학 물리학과,,송종현,PASS/FAIL,
미래설계상담8,전공(기초),자연과학대학 물리학과,,송종현,PASS/FAIL,
고체물리학1,전공(심화),자연과학대학 물리학과,"월16:30~18:00(자4115), 목10:30~12:00(자4115)",송종현,GRADE,가상강의(보조강의)
전산물리학 및 실습3,전공(심화),자연과학대학 물리학과,"수13:00~15:00(자4441), 금13:00~15:00(자4441)",김종현,GRADE,가상강의(보조강의)
열및통계물리2,전공(심화),자연과학대학 물리학과,"화10:30~12:00(자4121), 목13:30~15:00(자4121)",심경무,GRADE,가상강의(보조강의)
반도체 물리,전공(심화),자연과학대학 물리학과,"월15:00~16:30(자4114), 목09:00~10:30(자4114)",김문덕,GRADE,가상강의(보조강의)
상대론과우주,전공(심화),자연과학대학 물리학과,"화13:30~15:00(자4121), 목15:00~16:30(자4121)",신창섭,GRADE,가상강의(보조강의)
진공 플라즈마 반도체 공정,전공(심화),자연과학대학 물리학과,"화09:00~10:30(자4114), 금09:00~10:30(자4114)",유신재,GRADE,가상강의(보조강의)
과학 교육과정 및 교재연구,전공(심화),자연과학대학 물리학과,"월18:00~21:00(자4121), 수09:00~12:00(자4121)",정양수,GRADE,가상강의(보조강의)
물리학 캡스톤디자인 2,전공(핵심),자연과학대학 물리학과,목18:00~22:00(자4114),김종우,GRADE,가상강의(보조강의)
딥러닝 이론 및 실습,전공(심화),자연과학대학 물리학과,"월13:30~15:00(자4217), 수09:00~10:30(자4217)",안강헌,GRADE,가상강의(보조강의)
현대광학2,전공(심화),자연과학대학 물리학과,"수16:30~18:00(자4215), 금10:30~12:00(자4215)",정광용,GRADE,가상강의(보조강의)
양자소자,전공(심화),자연과학대학 물리학과,"수10:30~12:00(자4215), 금15:00~16:30(자4215)",정광용,GRADE,가상강의(보조강의)
미래설계상담1,전공(기초),자연과학대학 천문우주과학과,,민경국,PASS/FAIL,가상강의(보조강의)
미래설계상담2,전공(기초),자연과학대학 천문우주과학과,,민경국,PASS/FAIL,가상강의(보조강의)
천문우주과학1,전공(기초),자연과학대학 천문우주과학과,"화10:00~12:00(자4321), 수10:00~11:00(자4321)",조정연,GRADE,가상강의(보조강의)
대학물리학1,전공(기초),자연과학대학 천문우주과학과,"수11:00~12:00(자4321), 목10:00~12:00(자4321)",허종우,GRADE,가상강의(보조강의)
천문우주과학실험1,전공(핵심),자연과학대학 천문우주과학과,"월16:00~18:00(자4321), 수17:00~19:00(자4514)",김용하,GRADE,가상강의(보조강의)
우주의 역사,교양(균형),자연과학대학 천문우주과학과,,조정연,GRADE,가상강의(보조강의)
우주의 기원,교양(소양),자연과학대학 천문우주과학과,,허종우,GRADE,가상강의(보조강의)
인간과 우주,교양(소양),자연과학대학 천문우주과학과,"월16:30~18:00(자4217), 화16:30~18:00(자4217)",이수창,GRADE,가상강의(보조강의)
천문학의지혜,교양(균형),자연과학대학 천문우주과학과,,이영선,GRADE,가상강의(보조강의)
대학생활과 진로설계,교양(소양필수),자연과학대학 천문우주과학과,월14:00~15:00(자4321),이유,GRADE,가상강의(보조강의)
미래설계상담3,전공(기초),자연과학대학 천문우주과학과,,민경국,PASS/FAIL,가상강의(보조강의)
수리천문학1 및 연습,전공(핵심),자연과학대학 천문우주과학과,"목16:00~18:00(자4321), 금16:00~18:00(자4321)",민경국,GRADE,가상강의(보조강의)
프로그래밍 및 실습,전공(핵심),자연과학대학 천문우주과학과,"화10:00~12:00(자4514), 수14:00~16:00(자4514)",이영선,GRADE,가상강의(보조강의)
역학 1 및 연습,전공(핵심),자연과학대학 천문우주과학과,"월14:00~16:00(자4215), 월16:00~18:00(자4215)",조정연,GRADE,가상강의(보조강의)
항성천문학1및실습,전공(핵심),자연과학대학 천문우주과학과,"월10:00~12:00(자4321), 화14:00~16:00(자4321)",이수창,GRADE,가상강의(보조강의)
미래설계상담4,전공(기초),자연과학대학 천문우주과학과,,민경국,PASS/FAIL,가상강의(보조강의)
측광관측 및 실습,전공(핵심),자연과학대학 천문우주과학과,"수14:00~16:00(자4217), 수16:00~18:00(자4217)",이수창,GRADE,가상강의(보조강의)
은하천문학및실습,전공(핵심),자연과학대학 천문우주과학과,"월10:00~12:00(자4216), 수10:00~12:00(자4216)",송현미,GRADE,가상강의(보조강의)
대중천문학1,전공(핵심),자연과학대학 천문우주과학과,"월13:00~14:00(자4321), 화16:00~18:00(자4321)",이유,GRADE,가상강의(보조강의)
전자기학1,전공(심화),자연과학대학 천문우주과학과,"목14:00~15:00(자4321), 금13:00~15:00(자4321)",민경국,GRADE,가상강의(보조강의)
미래설계상담5,전공(기초),자연과학대학 천문우주과학과,,민경국,PASS/FAIL,가상강의(보조강의)
미래설계상담6,전공(기초),자연과학대학 천문우주과학과,,민경국,PASS/FAIL,가상강의(보조강의)
천체물리학 1,전공(심화),자연과학대학 천문우주과학과,"화10:00~12:00(자4215), 수15:00~16:00(자4215)",송현미,GRADE,가상강의(보조강의)
자연재해2,전공(심화),자연과학대학 천문우주과학과,화14:00~17:00(자4215),이윤곤,GRADE,가상강의(보조강의)
천문통계학,전공(심화),자연과학대학 천문우주과학과,"월14:00~16:00(자4514), 수16:00~17:00(자4514)",이영선,GRADE,가상강의(보조강의)
천문우주과학캡스톤디자인1,전공(심화),자연과학대학 천문우주과학과,월16:00~22:00(자4514),이유,GRADE,가상강의(보조강의)
미래설계상담1,전공(기초),자연과학대학 화학과,,조우경,PASS/FAIL,가상강의(보조강의)
일반화학 1,전공(핵심),자연과학대학 화학과,"화15:00~16:30(자4109), 목10:30~12:00(자4109)",박윤봉,GRADE,가상강의(보조강의)
일반화학 1,전공(핵심),자연과학대학 화학과,"월15:00~16:30(자4337), 수15:00~16:30(자4337)",손경선,GRADE,가상강의(보조강의)
일반화학실험1,전공(핵심),자연과학대학 화학과,금10:00~12:00(공동202),손정훈,GRADE,가상강의(보조강의)
일반화학실험1,전공(핵심),자연과학대학 화학과,금10:00~12:00(공동203),손영구,GRADE,가상강의(보조강의)
일반화학실험1,전공(핵심),자연과학대학 화학과,금13:00~15:00(공동202),손정훈,GRADE,가상강의(보조강의)
일반화학실험1,전공(핵심),자연과학대학 화학과,금13:00~15:00(공동203),위대한,GRADE,가상강의(보조강의)
화학실험 1,교양(균형),자연과학대학 화학과,월15:00~17:00(자4106),손영구,GRADE,가상강의(보조강의)
화학실험 1,교양(균형),자연과학대학 화학과,월15:00~17:00(자4108),위대한,GRADE,가상강의(보조강의)
화학실험 1,교양(균형),자연과학대학 화학과,화14:00~16:00(자4106),손영구,GRADE,가상강의(보조강의)
화학실험 1,교양(균형),자연과학대학 화학과,화14:00~16:00(자4108),위대한,GRADE,가상강의(보조강의)
화학실험 1,교양(균형),자연과학대학 화학과,월13:00~15:00(공동202),손정훈,GRADE,가상강의(보조강의)
화학실험 1,교양(균형),자연과학대학 화학과,월13:00~15:00(공동203),조우경,GRADE,가상강의(보조강의)
화학실험 1,교양(균형),자연과학대학 화학과,화13:00~15:00(공동202),손정훈,GRADE,가상강의(보조강의)
화학개론,교양(균형),자연과학대학 화학과,"월13:30~15:00(교305), 목12:00~13:30(교111)",윤명희,GRADE,가상강의(보조강의)
화학개론,교양(균형),자연과학대학 화학과,"월15:00~16:30(교305), 목16:30~18:00(교305)",류향임,GRADE,가상강의(보조강의)
화학개론,교양(균형),자연과학대학 화학과,"수13:30~15:00(교305), 금12:00~13:30(교305)",김두일,GRADE,가상강의(보조강의)
화학개론,교양(균형),자연과학대학 화학과,"화10:30~12:00(교205), 목09:00~10:30(교205)",김정권,GRADE,가상강의(보조강의)
화학개론,교양(균형),자연과학대학 화학과,"화16:30~18:00(공4108), 목15:00~16:30(공4108)",윤명희,GRADE,가상강의(보조강의)
화학개론,교양(균형),자연과학대학 화학과,"화16:30~18:00(공4212), 목15:00~16:30(공4212)",원경식,GRADE,가상강의(보조강의)
화학개론,교양(균형),자연과학대학 화학과,"화10:30~12:00(농1101), 목09:00~10:30(농1101)",원경식,GRADE,가상강의(보조강의)
화학개론,교양(균형),자연과학대학 화학과,"화10:30~12:00(농1102), 목09:00~10:30(농1102)",김잔디,GRADE,가상강의(보조강의)
화학개론,교양(균형),자연과학대학 화학과,"화09:00~10:30(교307), 수10:30~12:00(교407)",정연환,GRADE,가상강의(보조강의)
대학생활과 진로설계,교양(소양필수),자연과학대학 화학과,화17:00~18:00(자4109),조우경,GRADE,가상강의(보조강의)
화학 1,교양(균형),자연과학대학 화학과,"화15:00~16:30(자4121), 목09:00~10:30(자4121)",조우경,GRADE,가상강의(보조강의)
화학 1,교양(균형),자연과학대학 화학과,"화16:30~18:00(자4121), 목10:30~12:00(자4121)",손경선,GRADE,가상강의(보조강의)
화학 1,교양(균형),자연과학대학 화학과,"월10:30~12:00(공3426), 목13:30~15:00(공3426)",류향임,GRADE,가상강의(보조강의)
화학 1,교양(균형),자연과학대학 화학과,"화09:00~10:30(공1312), 금10:30~12:00(공1312)",김잔디,GRADE,가상강의(보조강의)
화학 1,교양(균형),자연과학대학 화학과,"화09:00~10:30(공1316), 금10:30~12:00(공1316)",김두일,GRADE,가상강의(보조강의)
미래설계상담3,전공(기초),자연과학대학 화학과,,조우경,PASS/FAIL,가상강의(보조강의)
유기화학 1,전공(핵심),자연과학대학 화학과,"월13:30~15:00(자4337), 수10:30~12:00(자4337)",김영준,GRADE,가상강의(보조강의)
유기화학 1,전공(핵심),자연과학대학 화학과,"월10:30~12:00(자4337), 목13:30~15:00(자4337)",김현석,GRADE,가상강의(보조강의)
분석화학 1,전공(핵심),자연과학대학 화학과,"월09:00~10:30(자4109), 수09:00~10:30(자4109)",김정권,GRADE,가상강의(보조강의)
분석화학 1,전공(핵심),자연과학대학 화학과,"월12:00~13:30(자4109), 수13:30~15:00(자4109)",김정권,GRADE,가상강의(보조강의)
분석화학실험,전공(기초),자연과학대학 화학과,"월15:00~16:00(자3321), 월16:00~20:00(자3321)",김정권,GRADE,가상강의(보조강의)
분석화학실험,전공(기초),자연과학대학 화학과,"화15:00~16:00(자3321), 화16:00~20:00(자3321)",이재범,GRADE,가상강의(보조강의)
분석화학실험,전공(기초),자연과학대학 화학과,"수15:00~16:00(자3321), 수16:00~20:00(자3321)",김영준,GRADE,가상강의(보조강의)
분석화학실험,전공(기초),자연과학대학 화학과,"금13:00~14:00(자3321), 금14:00~18:00(자3321)",김진우,GRADE,가상강의(보조강의)
수리 및 계산화학,전공(핵심),자연과학대학 화학과,"화09:00~10:30(자4339), 목10:30~12:00(자4339)",윤일선,GRADE,가상강의(보조강의)
수리 및 계산화학,전공(핵심),자연과학대학 화학과,"화10:30~12:00(자4339), 목09:00~10:30(자4339)",윤일선,GRADE,가상강의(보조강의)
미래설계상담5,전공(기초),자연과학대학 화학과,,조우경,PASS/FAIL,가상강의(보조강의)
무기화학2,전공(핵심),자연과학대학 화학과,"월10:30~12:00(자4339), 수09:00~10:30(자4339)",허정석,GRADE,가상강의(보조강의)
무기화학2,전공(핵심),자연과학대학 화학과,"월13:30~15:00(자4339), 수10:30~12:00(자4339)",허정석,GRADE,가상강의(보조강의)
유기화학특강,전공(심화),자연과학대학 화학과,"월09:00~10:30(자4337), 수13:30~15:00(자4337)",조우경,GRADE,가상강의(보조강의)
유기화학특강,전공(심화),자연과학대학 화학과,"화13:30~15:00(자4337), 금10:30~12:00(자4337)",김진우,GRADE,가상강의(보조강의)
물리화학 2,전공(핵심),자연과학대학 화학과,"화10:30~12:00(자4338), 목09:00~10:30(자4338)",손영구,GRADE,가상강의(보조강의)
물리화학 2,전공(핵심),자연과학대학 화학과,"화09:00~10:30(자4338), 목10:30~12:00(자4338)",위대한,GRADE,가상강의(보조강의)
무기화학실험,전공(기초),자연과학대학 화학과,"월15:00~16:00(자4109), 월16:00~20:00(자3316)",박윤봉,GRADE,가상강의(보조강의)
무기화학실험,전공(기초),자연과학대학 화학과,"화15:00~16:00(자4339), 화16:00~20:00(자3316)",허정석,GRADE,가상강의(보조강의)
무기화학실험,전공(기초),자연과학대학 화학과,"수15:00~16:00(자4109), 수16:00~20:00(자3316)",전희준,GRADE,가상강의(보조강의)
무기화학실험,전공(기초),자연과학대학 화학과,"금13:00~14:00(자4109), 금14:00~18:00(자3316)",차지현,GRADE,가상강의(보조강의)
과학교수법 및 평가,전공(심화),자연과학대학 화학과,"수18:00~21:00(자4339), 금15:00~18:00(자4339)",손정훈,GRADE,가상강의(보조강의)
에너지물질특론,전공(심화),자연과학대학 화학과,"화13:30~15:00(자4339), 목13:30~15:00(자4339)",전희준,GRADE,가상강의(보조강의)
반도체 및 에너지 무기재료 화학,전공(심화),자연과학대학 화학과,"화15:00~17:00(자4338), 화17:00~19:00(자4338)",차지현,GRADE,가상강의(보조강의)
유기합성,전공(심화),자연과학대학 화학과,"월15:00~16:30(자4339), 수15:00~16:30(자4339)",손정훈,GRADE,가상강의(보조강의)
무기화학특강,전공(심화),자연과학대학 화학과,"화09:00~10:30(자4337), 목10:30~12:00(자4337)",허정석,GRADE,가상강의(보조강의)
기기분석,전공(심화),자연과학대학 화학과,"화10:30~12:00(자4337), 목09:00~10:30(자4337)",이재범,GRADE,가상강의(보조강의)
화학캡스톤디자인1,전공(심화),자연과학대학 화학과,목18:00~22:00(자4338),이충균,GRADE,가상강의(보조강의)
나노화학,전공(심화),자연과학대학 화학과,"월16:30~18:00(자4337), 수16:30~18:00(자4337)",윤일선,GRADE,가상강의(보조강의)
미래설계상담1,전공(기초),자연과학대학 생화학과,,이찬용,PASS/FAIL,가상강의(보조강의)
일반화학 1,전공(기초),자연과학대학 생화학과,"월10:30~12:00(자3307), 수10:30~12:00(자3307)",최준식,GRADE,가상강의(보조강의)
일반생물학 1,전공(기초),자연과학대학 생화학과,"월12:00~13:30(자3307), 수15:00~16:30(자3307)",민선우,GRADE,가상강의(보조강의)
일반생물학실험,전공(기초),자연과학대학 생화학과,목14:00~18:00(자3101),노지헌,GRADE,가상강의(보조강의)
유전공학의 세계,교양(소양),자연과학대학 생화학과,"수10:30~12:00(교205), 금09:00~10:30(교205)",조남준,GRADE,가상강의(보조강의)
생명화학의 이해,교양(균형),자연과학대학 생화학과,"월09:00~10:30(교205), 목10:30~12:00(교205)",이찬용,GRADE,가상강의(보조강의)
대학생활과 진로설계,교양(소양필수),자연과학대학 생화학과,화12:00~13:00(자3115),이찬용,GRADE,가상강의(보조강의)
미래설계상담3,전공(기초),자연과학대학 생화학과,,이찬용,PASS/FAIL,가상강의(보조강의)
유기화학 1,전공(핵심),자연과학대학 생화학과,"화10:30~12:00(자3307), 금10:30~12:00(자3109)",이찬용,GRADE,가상강의(보조강의)
분석화학 1,전공(핵심),자연과학대학 생화학과,"화15:00~16:30(자3112), 목15:00~16:30(자3112)",최준식,GRADE,가상강의(보조강의)
물리생화학기초,전공(핵심),자연과학대학 생화학과,"수13:30~15:00(자3307), 금13:30~15:00(자3307)",노지헌,GRADE,가상강의(보조강의)
세포생물학,전공(핵심),자연과학대학 생화학과,"화13:30~15:00(자3109), 목10:30~12:00(자3109)",원민호,GRADE,가상강의(보조강의)
생분석화학실험,전공(핵심),자연과학대학 생화학과,월14:00~18:00(자3101),최준식,GRADE,가상강의(보조강의)
미래설계상담5,전공(기초),자연과학대학 생화학과,,이찬용,PASS/FAIL,가상강의(보조강의)
효소학,전공(심화),자연과학대학 생화학과,"월15:00~16:30(자3109), 수15:00~16:30(자3109)",이찬용,GRADE,가상강의(보조강의)
생화학 2,전공(핵심),자연과학대학 생화학과,"목10:30~12:00(자3307), 금10:30~12:00(자3307)",민선우,GRADE,가상강의(보조강의)
분자유전학,전공(심화),자연과학대학 생화학과,"화09:00~10:30(자3115), 목09:00~10:30(자3115)",김기광,GRADE,가상강의(보조강의)
분자생리학,전공(심화),자연과학대학 생화학과,"화10:30~12:00(자3112), 수10:30~12:00(자3112)",김영상,GRADE,가상강의(보조강의)
기초생화학실험,전공(핵심),자연과학대학 생화학과,화14:00~18:00(자3101),김기광,GRADE,가상강의(보조강의)
생화학특론,전공(심화),자연과학대학 생화학과,"월13:30~15:00(자3115), 목15:00~16:30(자3115)",조남준,GRADE,가상강의(보조강의)
분자병리학,전공(심화),자연과학대학 생화학과,"화10:30~12:00(자3115), 목10:30~12:00(자3115)",노지헌,GRADE,가상강의(보조강의)
생화학캡스톤디자인1,전공(심화),자연과학대학 생화학과,화18:00~22:00(자3115),최준식,GRADE,가상강의(보조강의)
분자생물학,전공(심화),자연과학대학 생화학과,"월10:30~12:00(자3112), 금10:30~12:00(자3112)",원민호,GRADE,가상강의(보조강의)
춤으로문화읽기,교양(균형),자연과학대학 무용학과,화15:00~18:00(교214),김주희,GRADE,가상강의(보조강의)
대학생활과 진로설계,교양(소양필수),자연과학대학 무용학과,화16:00~17:00(자1425),최성옥,GRADE,가상강의(보조강의)
무용의상,전공(심화),자연과학대학 무용학과,수08:00~12:00(자1425),민천홍,GRADE,가상강의(보조강의)
춤과 인류학,전공(핵심),자연과학대학 무용학과,수12:00~15:00(자1425),유화정,GRADE,가상강의(보조강의)
무용교재개발,전공(심화),자연과학대학 무용학과,"목09:00~10:00(자1425), 목10:00~12:00(자1425)",노연경,GRADE,가상강의(보조강의)
무용교육론,전공(심화),자연과학대학 무용학과,수15:00~18:00(자1425),김현정,GRADE,가상강의(보조강의)
무용과필라테스,전공(심화),자연과학대학 무용학과,"월09:00~10:00(101-현대무용실기실), 월10:00~12:00(101-현대무용실기실)",홍정아,GRADE,가상강의(보조강의)
무용교육프로그램개발,전공(심화),자연과학대학 무용학과,"금09:00~10:00(자1425), 금10:00~12:00(자1425)",장우선,GRADE,가상강의(보조강의)
미래설계상담1,전공(기초),자연대 무용학과 한국무용,,김현정,PASS/FAIL,가상강의(보조강의)
발레기초실기 1,전공(기초),자연대 무용학과 한국무용,"수13:00~15:00(101-현대무용실기실), 금16:00~18:00(101-현대무용실기실)",최민화,GRADE,가상강의(보조강의)
예술개론,전공(핵심),자연대 무용학과 한국무용,목12:00~15:00(자1119),김현정,GRADE,가상강의(보조강의)
한국무용 1,전공(핵심),자연대 무용학과 한국무용,"화11:00~13:00(107-한국무용실기실), 금09:00~11:00(107-한국무용실기실)",장혜선,GRADE,가상강의(보조강의)
설장고 기법 1,전공(핵심),자연대 무용학과 한국무용,월14:00~16:00(107-한국무용실기실),이금용,GRADE,가상강의(보조강의)
꽹과리 기법 1,전공(핵심),자연대 무용학과 한국무용,월16:00~18:00(자1123),박정한,GRADE,가상강의(보조강의)
한국무용레파토리Ⅰ,전공(핵심),자연대 무용학과 한국무용,"월10:00~12:00(자1123), 목15:00~17:00(자1433)",조경진,GRADE,가상강의(보조강의)
미래설계상담3,전공(기초),자연대 무용학과 한국무용,,이금용,PASS/FAIL,가상강의(보조강의)
한국무용3,전공(심화),자연대 무용학과 한국무용,"월14:00~16:00(자1123), 화09:00~11:00(107-한국무용실기실)",조경진,GRADE,가상강의(보조강의)
신무용2,전공(심화),자연대 무용학과 한국무용,금11:00~13:00(107-한국무용실기실),장혜선,GRADE,가상강의(보조강의)
외북기법2,전공(심화),자연대 무용학과 한국무용,금16:00~18:00(107-한국무용실기실),박정한,GRADE,가상강의(보조강의)
한국무용레파토리Ⅲ,전공(핵심),자연대 무용학과 한국무용,목12:00~14:00(102-발레전공실기실),류은선,GRADE,가상강의(보조강의)
미래설계상담5,전공(기초),자연대 무용학과 한국무용,,김현정,PASS/FAIL,가상강의(보조강의)
한국무용 5,전공(심화),자연대 무용학과 한국무용,"월12:00~14:00(자1123), 화16:00~18:00(107-한국무용실기실)",조경진,GRADE,가상강의(보조강의)
무용역학,전공(심화),자연대 무용학과 한국무용,수10:00~12:00(자1119),유화정,GRADE,가상강의(보조강의)
한국무용7,전공(심화),자연대 무용학과 한국무용,"화10:00~12:00(자1123), 화12:00~14:00(자1123)",이윤혜,GRADE,가상강의(보조강의)
한국무용즉흥,전공(심화),자연대 무용학과 한국무용,"월16:00~18:00(107-한국무용실기실), 수16:00~18:00(107-한국무용실기실)",강영아,GRADE,가상강의(보조강의)
감상과 비평의 이해,전공(심화),자연대 무용학과 한국무용,수13:00~15:00(자1119),김현정,GRADE,가상강의(보조강의)
미래설계상담1,전공(기초),자연대 무용학과 현대무용,,최성옥,PASS/FAIL,가상강의(보조강의)
현대즉흥법1,전공(핵심),자연대 무용학과 현대무용,화14:00~16:00(자1121),최성옥,GRADE,가상강의(보조강의)
현대무용 현장체험실습,전공(핵심),자연대 무용학과 현대무용,수16:00~18:00(101-현대무용실기실),김용흠,GRADE,가상강의(보조강의)
현대무용기본실기1,전공(핵심),자연대 무용학과 현대무용,금12:00~14:00(101-현대무용실기실),방지선,GRADE,가상강의(보조강의)
현대무용레파토리1,전공(핵심),자연대 무용학과 현대무용,월16:00~18:00(101-현대무용실기실),김준혁,GRADE,가상강의(보조강의)
몸과 움직임,전공(핵심),자연대 무용학과 현대무용,목13:00~15:00(101-현대무용실기실),황지영,GRADE,가상강의(보조강의)
현대무용 포인트클라스1,전공(핵심),자연대 무용학과 현대무용,목16:00~18:00(자1123),김성정,GRADE,가상강의(보조강의)
미래설계상담3,전공(기초),자연대 무용학과 현대무용,,최성옥,PASS/FAIL,가상강의(보조강의)
한국무용기초실기 1,전공(기초),자연대 무용학과 현대무용,"월09:00~11:00(107-한국무용실기실), 화14:00~16:00(107-한국무용실기실)",이윤혜,GRADE,가상강의(보조강의)
무용영상그래픽1,전공(심화),자연대 무용학과 현대무용,"금13:00~14:00(자1425), 금14:00~16:00(자1425)",권진철,GRADE,가상강의(보조강의)
접촉즉흥1,전공(핵심),자연대 무용학과 현대무용,화12:00~14:00(자1121),최성옥,GRADE,가상강의(보조강의)
현대무용레파토리3,전공(핵심),자연대 무용학과 현대무용,목12:00~14:00(107-한국무용실기실),노진환,GRADE,가상강의(보조강의)
현대무용 리프트클래스1,전공(핵심),자연대 무용학과 현대무용,월14:00~16:00(101-현대무용실기실),황지영,GRADE,가상강의(보조강의)
현대무용기본실기3,전공(핵심),자연대 무용학과 현대무용,목14:00~16:00(자1123),김성정,GRADE,가상강의(보조강의)
미래설계상담5,전공(기초),자연대 무용학과 현대무용,,최성옥,PASS/FAIL,가상강의(보조강의)
현대무용안무법1,전공(심화),자연대 무용학과 현대무용,목12:00~16:00(자1121),최성옥,GRADE,가상강의(보조강의)
무용기획 및 홍보,전공(심화),자연대 무용학과 현대무용,"화09:00~10:00(자1425), 화10:00~12:00(자1425)",임상우,GRADE,가상강의(보조강의)
릴리즈 테크닉1,전공(심화),자연대 무용학과 현대무용,수12:00~14:00(자1121),방지선,GRADE,가상강의(보조강의)
현대무용창작워크샵1,전공(심화),자연대 무용학과 현대무용,금14:00~16:00(101-현대무용실기실),박종현,GRADE,가상강의(보조강의)
현대무용전공실기1,전공(심화),자연대 무용학과 현대무용,월16:00~18:00(자1121),정진아,GRADE,가상강의(보조강의)
무용공연콘텐츠제작,전공(심화),자연대 무용학과 현대무용,"화15:00~17:00(자1119), 금16:00~18:00(자1425)",곽영은,GRADE,가상강의(보조강의)
신체표현법,전공(심화),자연대 무용학과 현대무용,수11:00~13:00(101-현대무용실기실),유희주,GRADE,가상강의(보조강의)
현대무용작품실습1,전공(심화),자연대 무용학과 현대무용,"월12:00~14:00(자1121), 목16:00~18:00(자1121)",최성옥,GRADE,가상강의(보조강의)
현대무용전공실기3,전공(심화),자연대 무용학과 현대무용,목14:00~16:00(107-한국무용실기실),노진환,GRADE,가상강의(보조강의)
무용음악실습,전공(심화),자연대 무용학과 현대무용,화13:00~15:00(101-현대무용실기실),곽영은,GRADE,가상강의(보조강의)
현대무용 안무실습,전공(심화),자연대 무용학과 현대무용,"월14:00~16:00(자1121), 금13:00~15:00(자1121)",황지영,GRADE,가상강의(보조강의)
바디컨디셔닝1,전공(심화),자연대 무용학과 현대무용,목12:00~14:00(자1123),이소라,GRADE,가상강의(보조강의)
미래설계상담1,전공(기초),자연대 무용학과 발레,,박수영,PASS/FAIL,가상강의(보조강의)
포인클래스1,전공(핵심),자연대 무용학과 발레,"월16:00~18:00(102-발레전공실기실), 수12:00~14:00(자1433)",박수영,GRADE,가상강의(보조강의)
바아떼르1,전공(핵심),자연대 무용학과 발레,금16:00~18:00(자1433),김희진,GRADE,가상강의(보조강의)
캐릭터댄스1,전공(핵심),자연대 무용학과 발레,목16:00~18:00(107-한국무용실기실),윤지현,GRADE,가상강의(보조강의)
발레 1,전공(핵심),자연대 무용학과 발레,금14:00~16:00(102-발레전공실기실),백누리,GRADE,가상강의(보조강의)
발레안무법,전공(핵심),자연대 무용학과 발레,"월09:00~10:00(102-발레전공실기실), 월10:00~12:00(102-발레전공실기실)",유장일,GRADE,가상강의(보조강의)
미래설계상담3,전공(기초),자연대 무용학과 발레,,박수영,PASS/FAIL,가상강의(보조강의)
현대무용기초실기 1,전공(기초),자연대 무용학과 발레,"월12:00~14:00(101-현대무용실기실), 목15:00~17:00(101-현대무용실기실)",김준혁,GRADE,가상강의(보조강의)
포인클래스3,전공(심화),자연대 무용학과 발레,월14:00~16:00(102-발레전공실기실),김설화,GRADE,가상강의(보조강의)
발레레파토리 웍1,전공(핵심),자연대 무용학과 발레,"목11:00~13:00(자1433), 금16:00~18:00(102-발레전공실기실)",박수영,GRADE,가상강의(보조강의)
발레3,전공(심화),자연대 무용학과 발레,수15:00~17:00(102-발레전공실기실),조원석,GRADE,가상강의(보조강의)
무용영양학,전공(심화),자연대 무용학과 발레,금11:00~13:00(자1119),최문정,GRADE,가상강의(보조강의)
발레교수법1,전공(심화),자연대 무용학과 발레,화16:00~18:00(자1433),김민주,GRADE,가상강의(보조강의)
바아떼르3,전공(심화),자연대 무용학과 발레,금14:00~16:00(자1433),김희진,GRADE,가상강의(보조강의)
미래설계상담5,전공(기초),자연대 무용학과 발레,,박수영,PASS/FAIL,가상강의(보조강의)
빠듀드 클래스1,전공(심화),자연대 무용학과 발레,"월12:00~14:00(102-발레전공실기실), 수13:00~15:00(102-발레전공실기실)",조원석,GRADE,가상강의(보조강의)
발레5,전공(심화),자연대 무용학과 발레,목13:00~15:00(자1433),박수영,GRADE,가상강의(보조강의)
발레교수법3,전공(심화),자연대 무용학과 발레,화14:00~16:00(자1433),김민주,GRADE,가상강의(보조강의)
발레7,전공(심화),자연대 무용학과 발레,화13:00~15:00(102-발레전공실기실),조윤라,GRADE,가상강의(보조강의)
발레무대제작법,전공(심화),자연대 무용학과 발레,금13:00~15:00(자1119),최문정,GRADE,가상강의(보조강의)
발레창작법,전공(심화),자연대 무용학과 발레,목14:00~18:00(102-발레전공실기실),문신하,GRADE,가상강의(보조강의)
발레작품분석1,전공(심화),자연대 무용학과 발레,수14:00~18:00(자1433),박수영,GRADE,가상강의(보조강의)
미래설계상담1,전공(기초),자연과학대학 스포츠과학과,,남상우,PASS/FAIL,가상강의(보조강의)
배드민턴,전공(핵심),자연과학대학 스포츠과학과,"수11:00~13:00(체109(경기장)-01), 목14:00~16:00(체109(경기장)-01)",이상기,GRADE,가상강의(보조강의)
스포츠과학의 이해,전공(핵심),자연과학대학 스포츠과학과,월13:00~16:00(자1330),이상기,GRADE,가상강의(보조강의)
뉴스포츠,전공(핵심),자연과학대학 스포츠과학과,금14:00~16:00(종합운동장),한동수,GRADE,가상강의(보조강의)
스포츠윤리,전공(핵심),자연과학대학 스포츠과학과,화13:00~15:00(자1323),남상우,GRADE,가상강의(보조강의)
운동기능해부학,전공(핵심),자연과학대학 스포츠과학과,"월10:00~12:00(자1323), 수14:00~16:00(자1323)",문영진,GRADE,가상강의(보조강의)
레크리에이션,교양(소양),자연과학대학 스포츠과학과,"화12:00~14:00(댄스스포츠장), 수10:00~11:00(교104A)",이문숙,GRADE,가상강의(보조강의)
레크리에이션,교양(소양),자연과학대학 스포츠과학과,"월12:00~14:00(댄스스포츠장), 목17:00~18:00(댄스스포츠장)",최미영,GRADE,가상강의(보조강의)
운동과 건강,교양(균형),자연과학대학 스포츠과학과,월10:00~12:00(교111),이상기,GRADE,가상강의(보조강의)
운동과 건강,교양(균형),자연과학대학 스포츠과학과,목10:00~12:00(교111),이왕록,GRADE,가상강의(보조강의)
운동과 건강,교양(균형),자연과학대학 스포츠과학과,수10:00~12:00(교111),이재현,GRADE,가상강의(보조강의)
운동과 건강,교양(균형),자연과학대학 스포츠과학과,목10:00~12:00(교214),진재호,GRADE,가상강의(보조강의)
운동과 건강,교양(균형),자연과학대학 스포츠과학과,금19:00~21:00(경E203),이상기,GRADE,가상강의(보조강의)
볼링,교양(소양),자연과학대학 스포츠과학과,"화13:00~14:00(교106A), 목11:00~13:00(볼링장)",송준영,GRADE,가상강의(보조강의)
볼링,교양(소양),자연과학대학 스포츠과학과,"화12:00~13:00(교204A), 목13:00~15:00(볼링장)",송준영,GRADE,가상강의(보조강의)
수영,교양(소양),자연과학대학 스포츠과학과,"화15:00~16:00(수영장-2), 화16:00~18:00(수영장-2)",김영남,GRADE,가상강의(보조강의)
댄스스포츠,교양(소양),자연과학대학 스포츠과학과,"월09:00~10:00(교306), 목14:00~16:00(댄스스포츠장)",김대희,GRADE,가상강의(보조강의)
댄스스포츠,교양(소양),자연과학대학 스포츠과학과,"화14:00~16:00(댄스스포츠장), 목16:00~17:00(댄스스포츠장)",최미영,GRADE,가상강의(보조강의)
배구,교양(소양),자연과학대학 스포츠과학과,금09:00~11:00(체109(경기장)),이기범,GRADE,가상강의(보조강의)
탁구,교양(소양),자연과학대학 스포츠과학과,"화11:00~12:00(체109(경기장)), 화12:00~14:00(체109(경기장))",문영진,GRADE,가상강의(보조강의)
탁구,교양(소양),자연과학대학 스포츠과학과,"목09:00~10:00(체109(경기장)-01), 목10:00~12:00(체109(경기장)-01)",한동엽,GRADE,가상강의(보조강의)
레포츠 및 수상안전,교양(소양),자연과학대학 스포츠과학과,"월16:00~17:00(자1323), 월17:00~19:00(자1323)",정문현,GRADE,가상강의(보조강의)
호신술,교양(소양),자연과학대학 스포츠과학과,"화09:00~10:00(교306), 목10:00~12:00(태권도장)",김정동,GRADE,가상강의(보조강의)
태권도,교양(소양),자연과학대학 스포츠과학과,수10:00~12:00(태권도장),김홍일,GRADE,가상강의(보조강의)
스포츠와 문화,교양(소양),자연과학대학 스포츠과학과,"화10:00~12:00(자1428), 수11:00~12:00(자1428)",남상우,GRADE,가상강의(보조강의)
대학생활과 진로설계,교양(소양필수),자연과학대학 스포츠과학과,목13:00~14:00(자1323),이상기,GRADE,가상강의(보조강의)
스포츠멘탈리티와 라이프스킬,교양(균형),자연과학대학 스포츠과학과,화15:00~18:00(자1428),박세윤,GRADE,가상강의(보조강의)
축구,전공(핵심),자연과학대학 스포츠과학과,화09:00~11:00(북부운동장),박철,GRADE,가상강의(보조강의)
미래설계상담3,전공(기초),자연과학대학 스포츠과학과,,남상우,PASS/FAIL,가상강의(보조강의)
장애인스포츠지도,전공(심화),자연과학대학 스포츠과학과,"월10:00~12:00(댄스스포츠장), 수09:00~10:00(자1323)",이문숙,GRADE,가상강의(보조강의)
스포츠경기분석,전공(심화),자연과학대학 스포츠과학과,"월12:00~14:00(자1323), 월14:00~16:00(자1323)",강지연,GRADE,가상강의(보조강의)
수영 2,전공(핵심),자연과학대학 스포츠과학과,화13:00~15:00(수영장-1),정문현,GRADE,가상강의(보조강의)
스포츠경영원론,전공(핵심),자연과학대학 스포츠과학과,"화09:00~10:00(자1323), 목11:00~13:00(자1428)",정문현,GRADE,가상강의(보조강의)
운동생리학,전공(핵심),자연과학대학 스포츠과학과,"화10:00~12:00(자1330), 수10:00~11:00(자1330)",이왕록,GRADE,가상강의(보조강의)
핸드볼,전공(핵심),자연과학대학 스포츠과학과,금09:00~11:00(체109(경기장)-01),박종표,GRADE,가상강의(보조강의)
배구,전공(핵심),자연과학대학 스포츠과학과,금11:00~13:00(체109(경기장)),이기범,GRADE,가상강의(보조강의)
스포츠사회학,전공(핵심),자연과학대학 스포츠과학과,수13:00~16:00(자1428),남상우,GRADE,가상강의(보조강의)
미래설계상담5,전공(기초),자연과학대학 스포츠과학과,,남상우,PASS/FAIL,가상강의(보조강의)
피트니스 컨디셔닝,전공(핵심),자연과학대학 스포츠과학과,"월10:00~12:00(자1330), 금11:00~13:00(자2104)",신영륜,GRADE,가상강의(보조강의)
스포츠산업론,전공(핵심),자연과학대학 스포츠과학과,"화10:00~12:00(자1323), 목14:00~15:00(자1323)",정문현,GRADE,가상강의(보조강의)
운동역학,전공(핵심),자연과학대학 스포츠과학과,"수11:00~13:00(자1330), 목11:00~13:00(자1330)",문영진,GRADE,가상강의(보조강의)
건강체력평가,전공(심화),자연과학대학 스포츠과학과,"수14:00~16:00(자1330), 목09:00~11:00(자1330)",이상기,GRADE,가상강의(보조강의)
운동상해 및 처치,전공(심화),자연과학대학 스포츠과학과,"월12:00~13:00(자1330), 금09:00~11:00(자1330)",신영륜,GRADE,가상강의(보조강의)
스포츠상담,전공(심화),자연과학대학 스포츠과학과,화13:00~15:00(자1330),박세윤,GRADE,가상강의(보조강의)
노인스포츠지도,전공(핵심),자연과학대학 스포츠과학과,"월13:00~14:00(자1428), 월14:00~16:00(자1428)",서금란,GRADE,가상강의(보조강의)
레크리에이션지도 1,전공(심화),자연과학대학 스포츠과학과,월15:00~17:00(댄스스포츠장),이문숙,GRADE,가상강의(보조강의)
테니스,전공(심화),자연과학대학 스포츠과학과,"수14:00~16:00(테니스장(종합)), 목14:00~16:00(테니스장(종합))",이왕록,GRADE,가상강의(보조강의)
운동학습 및 제어,전공(심화),자연과학대학 스포츠과학과,수12:00~14:00(자1323),박세윤,GRADE,가상강의(보조강의)
스포츠과학세미나,전공(심화),자연과학대학 스포츠과학과,"월10:00~12:00(자1428), 수10:00~11:00(자1428)",남상우,GRADE,가상강의(보조강의)
스포츠마사지 및 테이핑,전공(심화),자연과학대학 스포츠과학과,화14:00~16:00(태권도장),주동진,GRADE,가상강의(보조강의)
댄스스포츠,전공(심화),자연과학대학 스포츠과학과,목11:00~13:00(댄스스포츠장),김대희,GRADE,가상강의(보조강의)
미래설계상담1,전공(기초),자연과학대학 정보통계학과,,이상인,PASS/FAIL,가상강의(보조강의)
통계수학 1,전공(핵심),자연과학대학 정보통계학과,"화14:00~15:00(자2321), 목13:00~15:00(자2321)",배종호,GRADE,가상강의(보조강의)
통계학입문,전공(기초),자연과학대학 정보통계학과,"화16:00~18:00(자2321), 금13:00~14:00(자2321)",배종호,GRADE,가상강의(보조강의)
기초통계,교양(균형),자연과학대학 정보통계학과,"월10:00~12:00(자2322), 목11:00~12:00(자2322)",이항빈,GRADE,가상강의(보조강의)
통계분석입문,교양(균형),자연과학대학 정보통계학과,"월16:00~17:00(자2321), 금10:00~12:00(자2321)",배종호,GRADE,가상강의(보조강의)
통계분석입문,교양(균형),자연과학대학 정보통계학과,"월13:30~15:00(농1101), 목13:30~15:00(농1101)",김홍기,GRADE,가상강의(보조강의)
통계분석입문,교양(균형),자연과학대학 정보통계학과,"월13:30~15:00(농1102), 목13:30~15:00(농1102)",김소라,GRADE,가상강의(보조강의)
통계분석입문,교양(균형),자연과학대학 정보통계학과,화12:00~14:00(자2322),김홍기,GRADE,가상강의(보조강의)
실험통계학,교양(균형),자연과학대학 정보통계학과,"월15:00~16:30(생명104), 목16:30~18:00(생명104)",김소라,GRADE,가상강의(보조강의)
대학생활과 진로설계,교양(소양필수),자연과학대학 정보통계학과,월13:00~14:00(자2323),이상인,GRADE,가상강의(보조강의)
수리통계학2,전공(기초),자연과학대학 정보통계학과,"월14:00~16:00(자2322), 수11:00~12:00(자2322)",이상인,GRADE,가상강의(보조강의)
통계수학 2,전공(핵심),자연과학대학 정보통계학과,"월17:00~18:00(자2322), 수14:00~16:00(자2322)",이상인,GRADE,가상강의(보조강의)
통계프로그래밍언어,전공(핵심),자연과학대학 정보통계학과,금10:00~13:00(자2426),구본초,GRADE,가상강의(보조강의)
기초회귀분석,전공(기초),자연과학대학 정보통계학과,"화10:00~12:00(자2323), 수12:00~13:00(자2426)",이은지,GRADE,가상강의(보조강의)
탐사적데이터분석,전공(핵심),자연과학대학 정보통계학과,목15:00~18:00(자2426),오미애,GRADE,가상강의(보조강의)
미래설계상담4,전공(기초),자연과학대학 정보통계학과,,이상인,PASS/FAIL,가상강의(보조강의)
시계열분석,전공(심화),자연과학대학 정보통계학과,"월15:00~16:00(자2324), 화10:00~12:00(자2324)",양대원,GRADE,가상강의(보조강의)
다변량데이터분석,전공(심화),자연과학대학 정보통계학과,"월10:00~12:00(자2426), 수14:00~15:00(자2426)",박민수,GRADE,가상강의(보조강의)
실험계획법,전공(심화),자연과학대학 정보통계학과,"월14:00~15:00(자2324), 수10:00~12:00(자2324)",이민구,GRADE,가상강의(보조강의)
통계조사,전공(심화),자연과학대학 정보통계학과,"수17:00~18:00(자2322), 목15:00~17:00(자2322)",최성욱,GRADE,가상강의(보조강의)
베이지안통계학,전공(심화),자연과학대학 정보통계학과,"화14:00~16:00(자2323), 수13:00~14:00(자2426)",이은지,GRADE,가상강의(보조강의)
미래설계상담5,전공(기초),자연과학대학 정보통계학과,,이상인,PASS/FAIL,가상강의(보조강의)
통계상담,전공(심화),자연과학대학 정보통계학과,"화16:00~18:00(자2323), 수16:00~17:00(자2323)",이항빈,GRADE,가상강의(보조강의)
6시그마경영 및 실습,전공(심화),자연과학대학 정보통계학과,"월16:00~18:00(자2324), 수14:00~16:00(자2324)",이민구,GRADE,가상강의(보조강의)
기계학습 및 실습,전공(심화),자연과학대학 정보통계학과,"월10:00~12:00(자2324), 목10:00~12:00(자2324)",양대원,GRADE,가상강의(보조강의)
생물통계학 및 실습,전공(심화),자연과학대학 정보통계학과,"화10:00~12:00(자2426), 수10:00~12:00(자2426)",박민수,GRADE,가상강의(보조강의)
미래설계상담1,전공(기초),자연과학대학 지질환경과학과,,장찬동,PASS/FAIL,가상강의(보조강의)
미래설계상담2,전공(기초),자연과학대학 지질환경과학과,,장찬동,PASS/FAIL,가상강의(보조강의)
지질학개론 1,전공(기초),자연과학대학 지질환경과학과,"월13:30~15:00(자3119), 수13:30~15:00(자3119)",최성희,GRADE,가상강의(보조강의)
지질학개론 2,전공(기초),자연과학대학 지질환경과학과,"월16:30~18:00(자3119), 수15:00~16:30(자3119)",장찬동,GRADE,가상강의(보조강의)
대학생활과 진로설계,교양(소양필수),자연과학대학 지질환경과학과,화15:00~16:00(자3130),장찬동,GRADE,가상강의(보조강의)
미래설계상담3,전공(기초),자연과학대학 지질환경과학과,,장찬동,PASS/FAIL,가상강의(보조강의)
미래설계상담4,전공(기초),자연과학대학 지질환경과학과,,장찬동,PASS/FAIL,가상강의(보조강의)
퇴적학 및 실험,전공(기초),자연과학대학 지질환경과학과,"금10:00~12:00(자3128), 금13:00~15:00(자3128)",이정현,GRADE,가상강의(보조강의)
암석학 및 실험,전공(핵심),자연과학대학 지질환경과학과,"월13:00~15:00(자3128), 월15:00~17:00(자3128)",유용재,GRADE,가상강의(보조강의)
전산지질실습,전공(기초),자연과학대학 지질환경과학과,"수15:00~18:00(자3130), 목15:00~18:00(자3130)",김승섭,GRADE,가상강의(보조강의)
수리지구화학,전공(핵심),자연과학대학 지질환경과학과,"월10:30~12:00(자3128), 화10:30~12:00(자3128)",정희원,GRADE,가상강의(보조강의)
미래설계상담5,전공(기초),자연과학대학 지질환경과학과,,장찬동,PASS/FAIL,가상강의(보조강의)
광상학및실험,전공(핵심),자연과학대학 지질환경과학과,"화10:00~12:00(자3119), 화13:00~15:00(자3130)",유재형,GRADE,가상강의(보조강의)
원격탐사 및 실험,전공(핵심),자연과학대학 지질환경과학과,"월10:00~12:00(자3119), 월13:00~15:00(자3130)",유재형,GRADE,가상강의(보조강의)
화산학,전공(심화),자연과학대학 지질환경과학과,"화15:00~16:30(자3119), 수16:30~18:00(자3119)",유용재,GRADE,가상강의(보조강의)
지구진화론및실험,전공(심화),자연과학대학 지질환경과학과,"월15:00~17:00(자3130), 월17:00~19:00(자3130)",최성희,GRADE,가상강의(보조강의)
고급지질데이터과학,전공(심화),자연과학대학 지질환경과학과,수10:00~13:00(자3130),정희원,GRADE,가상강의(보조강의)
과학교육론,전공(심화),자연과학대학 지질환경과학과,"월09:00~12:00(자3130), 화18:00~21:00(자3130)",최성희,GRADE,가상강의(보조강의)
석유지질 캡스톤디자인 1,전공(심화),자연과학대학 지질환경과학과,수18:00~24:00(자3130),장찬동,GRADE,가상강의(보조강의)
저류역학,전공(심화),자연과학대학 지질환경과학과,"화13:30~15:00(자3128), 수16:30~18:00(자3128)",장찬동,GRADE,가상강의(보조강의)
미래설계상담1,전공(기초),자연과학대학 해양환경과학과,,이동은,PASS/FAIL,가상강의(보조강의)
해양학개론 1,전공(기초),자연과학대학 해양환경과학과,수09:00~12:00(자3501),김형기,GRADE,가상강의(보조강의)
지구의 이해,교양(균형),자연과학대학 해양환경과학과,"화12:00~13:30(교305), 금13:30~15:00(교305)",차현주,GRADE,가상강의(보조강의)
바다와 인간,교양(균형),자연과학대학 해양환경과학과,"월10:30~12:00(교205), 수09:00~10:30(교205)",차현주,GRADE,가상강의(보조강의)
대학생활과 진로설계,교양(소양필수),자연과학대학 해양환경과학과,월11:00~12:00(자3529),이동은,GRADE,가상강의(보조강의)
미래설계상담3,전공(기초),자연과학대학 해양환경과학과,,이동은,PASS/FAIL,가상강의(보조강의)
물리해양학,전공(기초),자연과학대학 해양환경과학과,"월14:00~16:00(자3529), 목13:00~14:00(자3529)",이동은,GRADE,가상강의(보조강의)
물리해양학실험,전공(핵심),자연과학대학 해양환경과학과,월16:00~18:00(자3532),이동은,GRADE,가상강의(보조강의)
생물해양학,전공(기초),자연과학대학 해양환경과학과,"화13:00~14:00(자3501), 목10:00~12:00(자3501)",최근형,GRADE,가상강의(보조강의)
생물해양학실험,전공(핵심),자연과학대학 해양환경과학과,수14:00~16:00(자3505),최근형,GRADE,가상강의(보조강의)
미래설계상담5,전공(기초),자연과학대학 해양환경과학과,,이동은,PASS/FAIL,가상강의(보조강의)
해양실습,전공(핵심),자연과학대학 해양환경과학과,목09:00~13:00(자3529),홍성진,GRADE,가상강의(보조강의)
해양퇴적학및실험,전공(핵심),자연과학대학 해양환경과학과,"화14:00~16:00(자3529), 화16:00~18:00(자3532)",박장준,GRADE,가상강의(보조강의)
해양무척추동물학및실험,전공(심화),자연과학대학 해양환경과학과,"월14:00~16:00(자3501), 월16:00~18:00(자3505)",김형기,GRADE,가상강의(보조강의)
해양오염학,전공(핵심),자연과학대학 해양환경과학과,,,GRADE,가상강의(보조강의)
해양조사방법론,전공(핵심),자연과학대학 해양환경과학과,수13:00~16:00(자3501),홍성진,GRADE,가상강의(보조강의)
해양환경분석화학 및 실험,전공(핵심),자연과학대학 해양환경과학과,"목14:00~16:00(자3529), 목16:00~18:00(자3526)",최만식,GRADE,가상강의(보조강의)
해양기후위기의 이해와 실습,전공(심화),자연과학대학 해양환경과학과,"금14:00~16:00(자3501), 금16:00~18:00(자3532)",김혜지,GRADE,가상강의(보조강의)
미래설계상담7,전공(기초),자연과학대학 해양환경과학과,,이동은,PASS/FAIL,가상강의(보조강의)
해양지구화학및실험,전공(심화),자연과학대학 해양환경과학과,"금10:00~12:00(자3529), 금14:00~16:00(자3526)",최만식,GRADE,가상강의(보조강의)
고해양학및실험,전공(심화),자연과학대학 해양환경과학과,"수14:00~16:00(자3529), 수16:00~18:00(자3532)",박장준,GRADE,가상강의(보조강의)
해양미생물학및실험,전공(심화),자연과학대학 해양환경과학과,"화14:00~16:00(자3501), 화16:00~18:00(자3505)",최근형,GRADE,가상강의(보조강의)
군집생태학,전공(심화),자연과학대학 해양환경과학과,"월13:00~14:00(자3532), 목10:00~12:00(자3532)",김형기,GRADE,가상강의(보조강의)
미래설계상담1,전공(기초),자연과학대학 반도체융합학과,,박연상,PASS/FAIL,가상강의(보조강의)
반도체학개론1,전공(핵심),자연과학대학 반도체융합학과,"월10:30~12:00(공동107), 수13:30~15:00(공동107)",이종원,GRADE,가상강의(보조강의)
반도체학개론1,전공(핵심),자연과학대학 반도체융합학과,"월13:30~15:00(공동107), 수10:30~12:00(공동107)",이종원,GRADE,가상강의(보조강의)
대학생활과 진로설계,교양(소양필수),자연과학대학 반도체융합학과,화17:00~18:00(공동107),박연상,GRADE,가상강의(보조강의)
미래설계상담3,전공(기초),자연과학대학 반도체융합학과,,박연상,PASS/FAIL,가상강의(보조강의)
반도체소재,전공(기초),자연과학대학 반도체융합학과,"월09:00~10:30(공동107), 수15:00~16:30(공동107)",이종원,GRADE,가상강의(보조강의)
회로이론1,전공(핵심),자연과학대학 반도체융합학과,"화10:30~12:00(공동107), 목13:30~15:00(공동107)",김준형,GRADE,가상강의(보조강의)
반도체수학1,전공(핵심),자연과학대학 반도체융합학과,"화13:30~15:00(공동107), 목10:30~12:00(공동107)",김준형,GRADE,가상강의(보조강의)
전자기학,전공(기초),자연과학대학 반도체융합학과,"월16:30~18:00(공동107), 수09:00~10:30(공동107)",김준형,GRADE,가상강의(보조강의)
미래설계상담1,전공(기초),경상대학 경제학과,,민병길,PASS/FAIL,가상강의(보조강의)
미시경제학원론,전공(기초),경상대학 경제학과,"수13:00~15:00(경S345), 목16:00~17:00(경S345)",안기돈,GRADE,가상강의(보조강의)
미시경제학원론,전공(기초),경상대학 경제학과,"화16:00~17:00(경N216), 수10:00~12:00(경N216)",홍현우,GRADE,가상강의(보조강의)
미시경제학원론,전공(기초),경상대학 경제학과,월15:00~18:00(경N313),백종성,GRADE,가상강의(보조강의)
경제수학,전공(핵심),경상대학 경제학과,목10:00~13:00(경S344),손종억,GRADE,가상강의(보조강의)
경제의이해,교양(균형),경상대학 경제학과,"수17:00~18:00(경S344), 목10:00~12:00(경N313)",류동민,GRADE,가상강의(보조강의)
경제의이해,교양(균형),경상대학 경제학과,"월13:00~15:00(경S344), 화17:00~18:00(경S344)",민병길,GRADE,가상강의(보조강의)
경제의이해,교양(균형),경상대학 경제학과,수10:00~13:00(경S344),심완섭,GRADE,가상강의(보조강의)
경제의이해,교양(균형),경상대학 경제학과,목14:00~17:00(경S344),한지민,GRADE,가상강의(보조강의)
경제의이해,교양(균형),경상대학 경제학과,목10:00~13:00(경S343),전창완,GRADE,가상강의(보조강의)
경제의이해,교양(균형),경상대학 경제학과,"월15:00~16:30(농1301), 목16:30~18:00(농1301)",문혜정,GRADE,가상강의(보조강의)
한국경제의 이해,교양(균형),경상대학 경제학과,"월13:00~14:00(경S343), 화13:00~15:00(경S343)",육소영,GRADE,가상강의(보조강의)
미래설계상담3,전공(기초),경상대학 경제학과,,민병길,PASS/FAIL,가상강의(보조강의)
미시경제학,전공(기초),경상대학 경제학과,"화13:00~15:00(경N216), 목11:00~12:00(경N216)",이병채,GRADE,가상강의(보조강의)
미시경제학,전공(기초),경상대학 경제학과,월10:00~13:00(경S344),백종성,GRADE,가상강의(보조강의)
환경경제학,전공(핵심),경상대학 경제학과,"월17:00~18:00(경S343), 목13:00~15:00(경S343)",문혜정,GRADE,가상강의(보조강의)
경제사,전공(핵심),경상대학 경제학과,"월15:00~17:00(경S343), 화15:00~16:00(경S343)",육소영,GRADE,가상강의(보조강의)
정치경제학,전공(심화),경상대학 경제학과,"화16:00~17:00(경N313), 수13:00~15:00(경S344)",류동민,GRADE,가상강의(보조강의)
경제데이터분석,전공(핵심),경상대학 경제학과,목15:00~18:00(경S227),손종억,GRADE,가상강의(보조강의)
미래설계상담5,전공(기초),경상대학 경제학과,,민병길,PASS/FAIL,가상강의(보조강의)
화폐금융론,전공(핵심),경상대학 경제학과,"월16:00~17:00(경S344), 수10:00~12:00(경N313)",민병길,GRADE,가상강의(보조강의)
국제무역론,전공(핵심),경상대학 경제학과,"화15:00~17:00(경S344), 수16:00~17:00(경S343)",김민정,GRADE,가상강의(보조강의)
경제발전론,전공(핵심),경상대학 경제학과,"월17:00~18:00(경S344), 수13:00~15:00(경S343)",민병길,GRADE,가상강의(보조강의)
노동경제학,전공(핵심),경상대학 경제학과,목15:00~18:00(경S343),전창완,GRADE,가상강의(보조강의)
산업조직론,전공(핵심),경상대학 경제학과,목10:00~13:00(경N316),한지민,GRADE,가상강의(보조강의)
기술경제학,전공(심화),경상대학 경제학과,"월13:00~15:00(경N313), 화11:00~12:00(경N313)",한재필,GRADE,가상강의(보조강의)
경제현상의 분석과 해석,전공(심화),경상대학 경제학과,"월10:00~12:00(경S227), 화10:00~11:00(경S227)",한재필,GRADE,가상강의(보조강의)
사회적가치의 경제학,전공(심화),경상대학 경제학과,"화13:00~15:00(경S344), 수09:00~10:00(경S344)",홍현우,GRADE,가상강의(보조강의)
한국경제론,전공(심화),경상대학 경제학과,"수10:00~12:00(경S343), 목09:00~10:00(경S343)",정세은,GRADE,가상강의(보조강의)
경제학설사,전공(심화),경상대학 경제학과,"화13:00~15:00(경N313), 수16:00~17:00(경N216)",류동민,GRADE,가상강의(보조강의)
경제이슈세미나,전공(심화),경상대학 경제학과,"수15:00~16:00(경S344), 목13:00~15:00(경S345)",안기돈,GRADE,가상강의(보조강의)
공공금융론,전공(심화),경상대학 경제학과,"월13:30~15:00(경N216), 수13:30~15:00(경N216)",박석환,GRADE,가상강의(보조강의)
미래설계상담1,전공(기초),경상대학 무역학과,,신상화,PASS/FAIL,가상강의(보조강의)
경영학원론,전공(기초),경상대학 무역학과,"화14:00~16:00(경S235), 수11:00~12:00(경S235)",강지훈,GRADE,가상강의(보조강의)
경영학원론,전공(기초),경상대학 무역학과,"수13:00~14:00(경S235), 목10:00~12:00(경S235)",전동화,GRADE,가상강의(보조강의)
경제학원론,전공(기초),경상대학 무역학과,"월16:00~17:00(경S235), 수15:00~17:00(경S235)",오근엽,GRADE,가상강의(보조강의)
미래설계상담3,전공(기초),경상대학 무역학과,,신상화,PASS/FAIL,가상강의(보조강의)
무역실무,전공(핵심),경상대학 무역학과,"월13:00~15:00(경N316), 화13:00~14:00(경N316)",박홍규,GRADE,가상강의(보조강의)
무역실무,전공(핵심),경상대학 무역학과,"월16:00~17:00(경N316), 수10:00~12:00(경N316)",박홍규,GRADE,가상강의(보조강의)
무역통계,전공(핵심),경상대학 무역학과,"화14:00~16:00(경S227), 목13:00~14:00(경S227)",전기영,GRADE,가상강의(보조강의)
무역통계,전공(핵심),경상대학 무역학과,"월15:00~16:00(경S227), 수13:00~15:00(경S227)",신상화,GRADE,가상강의(보조강의)
미시경제론,전공(심화),경상대학 무역학과,"화16:00~18:00(경S235), 목17:00~18:00(경S235)",유진만,GRADE,가상강의(보조강의)
미래설계상담5,전공(기초),경상대학 무역학과,,신상화,PASS/FAIL,가상강의(보조강의)
국제무역론,전공(핵심),경상대학 무역학과,"월14:00~16:00(경S235), 수14:00~15:00(경S235)",오근엽,GRADE,가상강의(보조강의)
국제무역론,전공(핵심),경상대학 무역학과,"수10:30~12:00(경S345), 금10:30~12:00(경S345)",김종혁,GRADE,가상강의(보조강의)
국제운송론,전공(핵심),경상대학 무역학과,"월10:00~11:00(경N317), 화10:00~12:00(경N317)",조혁수,GRADE,가상강의(보조강의)
국제운송론,전공(핵심),경상대학 무역학과,"월11:00~12:00(경N317), 화14:00~16:00(경N317)",조혁수,GRADE,가상강의(보조강의)
국제마케팅,전공(핵심),경상대학 무역학과,"월16:00~18:00(경N105), 화09:00~10:00(경N105)",황경연,GRADE,가상강의(보조강의)
재무금융론,전공(핵심),경상대학 무역학과,"화13:00~14:00(경S235), 목14:00~16:00(경S235)",유진만,GRADE,가상강의(보조강의)
국제무역법규,전공(핵심),경상대학 무역학과,"수13:00~14:00(경N317), 목12:00~14:00(경N317)",정재은,GRADE,가상강의(보조강의)
무역 빅데이터분석 기초,전공(심화),경상대학 무역학과,"화16:00~18:00(경S227), 목11:00~12:00(경S227)",전기영,GRADE,가상강의(보조강의)
국제무역환경 분석,전공(심화),경상대학 무역학과,"수15:00~16:30(경S345), 금13:30~15:00(경S345)",김종혁,GRADE,가상강의(보조강의)
무역학특강,전공(심화),경상대학 무역학과,"월10:00~12:00(경S235), 수10:00~11:00(경S235)",임성범,GRADE,가상강의(보조강의)
국제통상정책론,전공(심화),경상대학 무역학과,화13:00~16:00(경N101),신상화,GRADE,가상강의(보조강의)
국제상품론,전공(심화),경상대학 무역학과,월13:00~16:00(경N105),황수정,GRADE,가상강의(보조강의)
무역전시론,전공(심화),경상대학 무역학과,"수14:00~15:00(경N317), 목14:00~16:00(경N317)",임소선,GRADE,가상강의(보조강의)
미래설계상담1,전공(기초),경상대학 경영학부,,강선아,PASS/FAIL,
회계의이해,교양(균형),경상대학 경영학부,"화15:00~17:00(경S135), 목17:00~18:00(경S135)",노준화,GRADE,가상강의(보조강의)
회계의이해,교양(균형),경상대학 경영학부,"화17:00~18:00(경S135), 목15:00~17:00(경S135)",노준화,GRADE,가상강의(보조강의)
회계의이해,교양(균형),경상대학 경영학부,"월13:00~14:00(경S236), 수14:00~16:00(경S236)",최동준,GRADE,가상강의(보조강의)
경영의이해,교양(균형),경상대학 경영학부,"화11:00~12:00(경N101), 금14:00~16:00(경N101)",송장근,GRADE,가상강의(보조강의)
경영의이해,교양(균형),경상대학 경영학부,"화12:00~13:00(경N101), 금16:00~18:00(경N101)",송장근,GRADE,가상강의(보조강의)
경영의이해,교양(균형),경상대학 경영학부,"화17:00~18:30(경N101), 목17:00~18:30(경N101)",박철형,GRADE,가상강의(보조강의)
공학경영,교양(소양),경상대학 경영학부,"화10:00~12:00(경N212), 목10:00~11:00(경N212)",최병천,GRADE,가상강의(보조강의)
대학생활과 진로설계,교양(소양필수),경상대학 경영학부,월13:00~14:00(경S135),강선아,GRADE,가상강의(보조강의)
대학생활과 진로설계,교양(소양필수),경상대학 경영학부,월13:00~14:00(경S134),강신형,GRADE,가상강의(보조강의)
대학생활과 진로설계,교양(소양필수),경상대학 경영학부,화16:00~17:00(경S236),배정호,GRADE,가상강의(보조강의)
대학생활과 진로설계,교양(소양필수),경상대학 경영학부,화16:00~17:00(경S237),이준호,GRADE,가상강의(보조강의)
금융의 이해,교양(소양),경상대학 경영학부,"화17:00~18:00(경S134), 수14:00~16:00(경S134)",구본하,GRADE,가상강의(보조강의)
미래설계상담3,전공(기초),경상대학 경영학부,,강선아,PASS/FAIL,
조직행위론,전공(기초),경상대학 경영학부,"월16:00~17:30(경E301), 수16:00~17:30(경E301)",류수영,GRADE,가상강의(보조강의)
조직행위론,전공(기초),경상대학 경영학부,"화16:00~17:30(경N111), 목16:00~17:30(경N111)",강성모,GRADE,가상강의(보조강의)
조직행위론,전공(기초),경상대학 경영학부,"화15:00~16:00(경N111), 목14:00~16:00(경N111)",강성모,GRADE,가상강의(보조강의)
조직행위론,전공(기초),경상대학 경영학부,"월14:00~15:30(경E202), 수14:00~15:30(경E202)",이유우,GRADE,가상강의(보조강의)
마케팅관리,전공(기초),경상대학 경영학부,"화09:00~10:30(경S236), 목10:30~12:00(경S236)",김형준,GRADE,가상강의(보조강의)
마케팅관리,전공(기초),경상대학 경영학부,"화10:30~12:00(경S236), 목09:00~10:30(경S236)",김형준,GRADE,가상강의(보조강의)
마케팅관리,전공(기초),경상대학 경영학부,"월14:00~16:00(경N411), 수16:00~17:00(경N411)",배정호,GRADE,가상강의(보조강의)
마케팅관리,전공(기초),경상대학 경영학부,"월16:00~18:00(경E202), 화17:00~18:00(경E202)",이지백,GRADE,가상강의(보조강의)
경영정보시스템,전공(기초),경상대학 경영학부,"월14:00~16:00(경N212), 수16:00~17:00(경N212)",김기문,GRADE,가상강의(보조강의)
경영정보시스템,전공(기초),경상대학 경영학부,"월16:00~17:00(경N212), 수14:00~16:00(경N212)",김기문,GRADE,가상강의(보조강의)
경영정보시스템,전공(기초),경상대학 경영학부,"화14:00~16:00(경E302), 목16:00~17:00(경E302)",이재환,GRADE,가상강의(보조강의)
경영정보시스템,전공(기초),경상대학 경영학부,"화16:00~17:00(경E302), 목14:00~16:00(경E302)",이재환,GRADE,가상강의(보조강의)
경영통계학,전공(심화),경상대학 경영학부,"수14:00~16:00(경S136), 목09:00~10:00(경S227)",구훈영,GRADE,가상강의(보조강의)
경영통계학,전공(심화),경상대학 경영학부,"목10:00~12:00(경S136), 금09:00~10:00(경S227)",구훈영,GRADE,가상강의(보조강의)
경영통계학,전공(심화),경상대학 경영학부,"월13:00~15:00(경S136), 수13:00~14:00(경S136)",이준호,GRADE,가상강의(보조강의)
재무관리,전공(기초),경상대학 경영학부,"월14:00~16:00(경S134), 수16:00~17:00(경S134)",권택호,GRADE,가상강의(보조강의)
재무관리,전공(기초),경상대학 경영학부,"월09:00~10:00(경S236), 수10:00~12:00(경S236)",최향미,GRADE,가상강의(보조강의)
재무관리,전공(기초),경상대학 경영학부,"월10:00~12:00(경S236), 수09:00~10:00(경S236)",최향미,GRADE,가상강의(보조강의)
재무관리,전공(기초),경상대학 경영학부,"화16:00~17:00(경N213), 목14:00~16:00(경N213)",조은영,GRADE,가상강의(보조강의)
원가회계 1,전공(기초),경상대학 경영학부,"월14:00~16:00(경N213), 수16:00~17:00(경N213)",최동준,GRADE,가상강의(보조강의)
원가회계 1,전공(기초),경상대학 경영학부,"목10:00~11:00(경E301), 금10:00~12:00(경E301)",이도희,GRADE,가상강의(보조강의)
원가회계 1,전공(기초),경상대학 경영학부,"화14:00~16:00(경E201), 목16:00~17:00(경E201)",이다혜,GRADE,가상강의(보조강의)
원가회계 1,전공(기초),경상대학 경영학부,"화16:00~17:00(경E201), 목14:00~16:00(경E201)",이다혜,GRADE,가상강의(보조강의)
중급회계 1,전공(핵심),경상대학 경영학부,"월14:00~15:00(경S237), 수14:00~16:00(경S237)",최수미,GRADE,가상강의(보조강의)
중급회계 1,전공(핵심),경상대학 경영학부,"월15:00~17:00(경S237), 수16:00~17:00(경S237)",최수미,GRADE,가상강의(보조강의)
상법,전공(심화),경상대학 경영학부,"수10:00~11:00(경N101), 목10:00~12:00(경N101)",윤종미,GRADE,가상강의(보조강의)
상법,전공(심화),경상대학 경영학부,"수11:00~12:00(경N101), 목14:00~16:00(경N101)",윤종미,GRADE,가상강의(보조강의)
글로벌경영론,전공(기초),경상대학 경영학부,"화13:00~14:00(경S237), 목10:00~12:00(경S237)",김장훈,GRADE,가상강의(보조강의)
글로벌경영론,전공(기초),경상대학 경영학부,"월17:00~18:30(경S135), 수17:00~18:30(경S135)",김태중,GRADE,가상강의(보조강의)
글로벌경영론,전공(기초),경상대학 경영학부,"월14:00~16:00(경S236), 수16:00~17:00(경S236)",김태균,GRADE,가상강의(보조강의)
글로벌경영론,전공(기초),경상대학 경영학부,"화09:00~10:00(경E203), 수10:00~12:00(경E203)",이주일,GRADE,가상강의(보조강의)
기업가정신1,전공(심화),경상대학 경영학부,"월17:00~18:00(경E401), 수16:00~18:00(경E401)",강신형,GRADE,가상강의(보조강의)
운영관리,전공(핵심),경상대학 경영학부,"월10:00~12:00(경N111), 수10:00~11:00(경N111)",최병천,GRADE,가상강의(보조강의)
운영관리,전공(핵심),경상대학 경영학부,"월14:00~16:00(경N111), 수14:00~15:00(경N111)",최병천,GRADE,가상강의(보조강의)
소비자행동론,전공(핵심),경상대학 경영학부,"월09:00~11:00(경S237), 수10:00~11:00(경S237)",정혜욱,GRADE,가상강의(보조강의)
소비자행동론,전공(핵심),경상대학 경영학부,"월11:00~13:00(경S237), 수11:00~12:00(경S237)",정혜욱,GRADE,가상강의(보조강의)
글로벌기업환경론,전공(심화),경상대학 경영학부,"월17:00~18:30(경S134), 수17:00~18:30(경S134)",박철형,GRADE,가상강의(보조강의)
비즈니스경영이론,전공(심화),경상대학 경영학부,금09:00~12:00(경N101),박철형,GRADE,가상강의(보조강의)
전략적 의사결정을 위한 경영이론,전공(심화),경상대학 경영학부,"화10:00~11:00(경N411), 목10:00~12:00(경N411)",이주일,GRADE,가상강의(보조강의)
미래설계상담5,전공(기초),경상대학 경영학부,,강선아,PASS/FAIL,
인사관리,전공(핵심),경상대학 경영학부,"월14:00~15:30(경E203), 수14:00~15:30(경E203)",이현응,GRADE,가상강의(보조강의)
인사관리,전공(핵심),경상대학 경영학부,"화14:00~15:30(경N213), 목10:00~11:30(경N213)",이현응,GRADE,가상강의(보조강의)
인사관리,전공(핵심),경상대학 경영학부,"월16:00~17:30(경E203), 수16:00~17:30(경E203)",이유우,GRADE,가상강의(보조강의)
인사관리,전공(핵심),경상대학 경영학부,"수12:00~13:00(경S134), 목13:00~15:00(경S134)",이수연,GRADE,가상강의(보조강의)
금융기관론,전공(핵심),경상대학 경영학부,금14:00~17:00(경S135),윤평식,GRADE,가상강의(보조강의)
금융기관론,전공(핵심),경상대학 경영학부,"목12:00~13:00(경S236), 금13:00~15:00(경S236)",김현숙,GRADE,가상강의(보조강의)
경영과사회,전공(심화),경상대학 경영학부,"월10:30~12:00(경E301), 수10:30~12:00(경E301)",류수영,GRADE,가상강의(보조강의)
노사관계론,전공(심화),경상대학 경영학부,"월10:00~12:00(경E302), 수10:00~11:00(경E302)",강명수,GRADE,가상강의(보조강의)
노사관계론,전공(심화),경상대학 경영학부,"화10:00~12:00(경E302), 수11:00~12:00(경E302)",강명수,GRADE,가상강의(보조강의)
노사관계론,전공(심화),경상대학 경영학부,"수11:00~12:00(경S134), 목11:00~13:00(경S134)",이수연,GRADE,가상강의(보조강의)
투자론,전공(핵심),경상대학 경영학부,"화11:00~12:00(경N410), 수10:00~12:00(경N410)",박순홍,GRADE,가상강의(보조강의)
투자론,전공(핵심),경상대학 경영학부,"월12:00~14:00(경E202), 수12:00~13:00(경E202)",최향미,GRADE,가상강의(보조강의)
투자론,전공(핵심),경상대학 경영학부,"월14:00~15:00(경E201), 금11:00~13:00(경E201)",장호규,GRADE,가상강의(보조강의)
재무제표분석,전공(핵심),경상대학 경영학부,금10:00~13:00(경N410),도용선,GRADE,가상강의(보조강의)
조직구조론,전공(핵심),경상대학 경영학부,"월10:00~11:30(경S136), 수10:00~11:30(경S136)",강신형,GRADE,가상강의(보조강의)
조직구조론,전공(핵심),경상대학 경영학부,"월09:00~10:00(경N111), 목09:00~11:00(경N111)",이수연,GRADE,가상강의(보조강의)
e-비즈니스,전공(핵심),경상대학 경영학부,"월19:00~20:00(경E201), 수19:00~21:00(경E201)",박경혜,GRADE,가상강의(보조강의)
인터넷마케팅,전공(심화),경상대학 경영학부,"화10:00~12:00(경E203), 수12:00~13:00(경E203)",이수빈,GRADE,가상강의(보조강의)
인터넷마케팅,전공(심화),경상대학 경영학부,"화12:00~13:00(경N213), 수10:00~12:00(경N213)",이수빈,GRADE,가상강의(보조강의)
원가회계2,전공(심화),경상대학 경영학부,"월10:00~12:00(경S135), 수10:00~11:00(경S135)",강선아,GRADE,가상강의(보조강의)
세무회계1,전공(심화),경상대학 경영학부,"화15:00~16:00(경E203), 목16:00~18:00(경E203)",모현혜,GRADE,가상강의(보조강의)
세무회계1,전공(심화),경상대학 경영학부,"화13:00~14:00(경E202), 목13:00~15:00(경E202)",심소연,GRADE,가상강의(보조강의)
유통관리,전공(심화),경상대학 경영학부,"화12:00~13:00(경N410), 목12:00~14:00(경N410)",손정민,GRADE,가상강의(보조강의)
유통관리,전공(심화),경상대학 경영학부,"화13:00~14:00(경N410), 목14:00~16:00(경N410)",손정민,GRADE,가상강의(보조강의)
마케팅조사,전공(핵심),경상대학 경영학부,"월16:00~17:00(경N411), 수14:00~16:00(경N411)",배정호,GRADE,가상강의(보조강의)
고급회계,전공(심화),경상대학 경영학부,"화10:00~12:00(경S134), 목10:00~11:00(경S134)",백혜원,GRADE,가상강의(보조강의)
고급회계,전공(심화),경상대학 경영학부,"화14:00~16:00(경E202), 수11:00~12:00(경E202)",왕현선,GRADE,가상강의(보조강의)
글로벌마케팅,전공(핵심),경상대학 경영학부,"화14:00~15:30(경N411), 목16:00~17:30(경N411)",이영우,GRADE,가상강의(보조강의)
글로벌마케팅,전공(핵심),경상대학 경영학부,"화16:00~17:30(경N411), 목14:00~15:30(경N411)",이영우,GRADE,가상강의(보조강의)
글로벌재무관리,전공(핵심),경상대학 경영학부,"월15:30~17:00(경E302), 수15:30~17:00(경E302)",김태중,GRADE,가상강의(보조강의)
이문화경영,전공(심화),경상대학 경영학부,"월14:00~15:00(경N412), 수10:00~12:00(경N412)",배기봉,GRADE,가상강의(보조강의)
금융시장론,전공(심화),경상대학 경영학부,"월16:00~18:00(경N111), 화12:00~13:00(경N111)",조은영,GRADE,가상강의(보조강의)
금융시장론,전공(심화),경상대학 경영학부,"수14:00~16:00(경N213), 목16:00~17:00(경N213)",조은영,GRADE,가상강의(보조강의)
리더십,전공(심화),경상대학 경영학부,"월09:00~10:30(경E301), 수09:00~10:30(경E301)",류수영,GRADE,가상강의(보조강의)
재무회계사례연구,전공(심화),경상대학 경영학부,"월14:00~16:00(경E301), 목14:00~15:00(경E301)",이도희,GRADE,가상강의(보조강의)
글로벌기업문화론,전공(심화),경상대학 경영학부,화09:00~12:00(경E202),이홍균,GRADE,가상강의(보조강의)
스타트업사례연구,전공(심화),경상대학 경영학부,월14:00~17:00(경S337),강신형,GRADE,가상강의(보조강의)
상업 논술,전공(심화),경상대학 경영학부,금16:00~18:00(경N212),김인곤,GRADE,가상강의(보조강의)
미래설계상담7,전공(기초),경상대학 경영학부,,강선아,PASS/FAIL,가상강의(보조강의)
재무의사결정론,전공(심화),경상대학 경영학부,"목13:00~14:00(경S236), 금15:00~17:00(경S236)",김현숙,GRADE,가상강의(보조강의)
경영전략,전공(심화),경상대학 경영학부,"화10:00~12:00(경N213), 목13:00~14:00(경N213)",김장훈,GRADE,가상강의(보조강의)
서비스운영관리,전공(심화),경상대학 경영학부,"월15:00~17:00(경S135), 수14:00~15:00(경S135)",이준호,GRADE,가상강의(보조강의)
서비스운영관리,전공(심화),경상대학 경영학부,"수10:00~12:00(경E303), 목10:00~11:00(경E303)",오세구,GRADE,가상강의(보조강의)
서비스운영관리,전공(심화),경상대학 경영학부,"수14:00~16:00(경E303), 목11:00~12:00(경E303)",오세구,GRADE,가상강의(보조강의)
벤처 창업론,전공(심화),경상대학 경영학부,"월10:00~11:30(경N212), 수10:00~11:30(경N212)",김태균,GRADE,가상강의(보조강의)
서비스마케팅,전공(심화),경상대학 경영학부,"월11:00~12:00(경E201), 수14:00~16:00(경E201)",석준희,GRADE,가상강의(보조강의)
서비스마케팅,전공(심화),경상대학 경영학부,"월13:00~14:00(경E201), 수16:00~18:00(경E201)",석준희,GRADE,가상강의(보조강의)
서비스마케팅,전공(심화),경상대학 경영학부,"화10:00~12:00(경E201), 목10:00~11:00(경E201)",신영섭,GRADE,가상강의(보조강의)
파생상품론,전공(심화),경상대학 경영학부,"화09:00~11:00(경N410), 수09:00~10:00(경N410)",박순홍,GRADE,가상강의(보조강의)
재무관리연습,전공(심화),경상대학 경영학부,,,GRADE,가상강의(보조강의)
정부회계,전공(심화),경상대학 경영학부,"화13:00~15:00(경S136), 목13:00~14:00(경S136)",백혜원,GRADE,가상강의(보조강의)
정부회계,전공(심화),경상대학 경영학부,"화15:00~17:00(경S136), 목14:00~15:00(경S136)",백혜원,GRADE,가상강의(보조강의)
경영실습,전공(심화),경상대학 경영학부,화15:00~18:00(경N410),민태기,GRADE,가상강의(보조강의)
회계이론,전공(심화),경상대학 경영학부,"화11:00~12:00(경E301), 수14:00~16:00(경E301)",왕현선,GRADE,가상강의(보조강의)
회계학특강,전공(심화),경상대학 경영학부,"화16:00~18:00(경E203), 목15:00~16:00(경E203)",모현혜,GRADE,가상강의(보조강의)
리스크관리,전공(심화),경상대학 경영학부,"월10:00~11:00(경S134), 금13:00~15:00(경S134)",장호규,GRADE,가상강의(보조강의)
리스크관리,전공(심화),경상대학 경영학부,"월11:00~12:00(경S134), 금15:00~17:00(경S134)",장호규,GRADE,가상강의(보조강의)
벤처창업세무회계,전공(심화),경상대학 경영학부,화15:00~18:00(경E303),심소연,GRADE,가상강의(보조강의)
경영실습(캡스톤디자인),전공(심화),경상대학 경영학부,수15:00~18:00(경N410),민태기,GRADE,가상강의(보조강의)
투자분석,전공(심화),경상대학 경영학부,"수10:00~12:00(경N105), 목17:00~18:00(경N105)",구본하,GRADE,가상강의(보조강의)
상업 교수법 및 평가,전공(심화),경상대학 경영학부,금14:00~16:00(경N212),김인곤,GRADE,가상강의(보조강의)
ESG캡스톤디자인,전공(심화),경상대학 경영학부,,,GRADE,가상강의(보조강의)
미래설계상담1,전공(기초),공과대학 스마트시티건축공학과,,이강민,PASS/FAIL,가상강의(보조강의)
건축설계1,전공(기초),공과대학 스마트시티건축공학과,금14:00~20:00(공2205),이상이,GRADE,가상강의(보조강의)
건축설계1,전공(기초),공과대학 스마트시티건축공학과,금14:00~20:00(공2201),이영은,GRADE,가상강의(보조강의)
건축설계1,전공(기초),공과대학 스마트시티건축공학과,금14:00~20:00(공2204),한영민,GRADE,가상강의(보조강의)
건축설계1,전공(기초),공과대학 스마트시티건축공학과,금14:00~20:00(공2206),양승희,GRADE,가상강의(보조강의)
스마트시티개론,전공(기초),공과대학 스마트시티건축공학과,"월10:30~12:00(공2205), 목09:00~10:30(공2201)",임승철,GRADE,가상강의(보조강의)
스마트시티개론,전공(기초),공과대학 스마트시티건축공학과,"월10:30~12:00(공2206), 목09:00~10:30(공2206)",이진숙,GRADE,가상강의(보조강의)
기초통계분석,전공(기초),공과대학 스마트시티건축공학과,"화10:30~12:00(공2205), 수09:00~10:30(공2205)",홍주영,GRADE,가상강의(보조강의)
미래설계상담3,전공(기초),공과대학 스마트시티건축공학과,,이강민,PASS/FAIL,가상강의(보조강의)
공학수학1,전공(기초),공과대학 스마트시티건축공학과,"화13:30~15:00(공2206), 수13:30~15:00(공2206)",장대희,GRADE,가상강의(보조강의)
건축응용설계1,전공(핵심),공과대학 스마트시티건축공학과,목13:00~19:00(공2204),박선아,GRADE,가상강의(보조강의)
건축응용설계1,전공(핵심),공과대학 스마트시티건축공학과,목13:00~19:00(공2206),김종호,GRADE,가상강의(보조강의)
건축응용설계1,전공(핵심),공과대학 스마트시티건축공학과,목13:00~19:00(공2202),장수환,GRADE,가상강의(보조강의)
건축응용설계1,전공(핵심),공과대학 스마트시티건축공학과,목14:00~20:00(공2205),문정환,GRADE,가상강의(보조강의)
건축재료학,전공(기초),공과대학 스마트시티건축공학과,"월15:00~16:30(공2206), 수15:00~16:30(공2206)",김규용,GRADE,가상강의(보조강의)
건축구조역학1,전공(기초),공과대학 스마트시티건축공학과,"월09:00~10:30(공2206), 수09:00~10:30(공2206)",황순규,GRADE,가상강의(보조강의)
스마트시티IT,전공(핵심),공과대학 스마트시티건축공학과,"화09:00~10:30(공2201), 수10:30~12:00(공2201)",홍주영,GRADE,가상강의(보조강의)
스마트시티경제학,전공(핵심),공과대학 스마트시티건축공학과,화15:00~18:00(공2206),임재빈,GRADE,가상강의(보조강의)
미래설계상담5,전공(기초),공과대학 스마트시티건축공학과,,이강민,PASS/FAIL,가상강의(보조강의)
건축계획학,전공(심화),공과대학 스마트시티건축공학과,"수15:00~16:30(공2205), 목10:30~12:00(공2205)",박선아,GRADE,가상강의(보조강의)
건축구조해석,전공(심화),공과대학 스마트시티건축공학과,"월13:30~15:00(공2206), 화09:00~10:30(공2206)",이강민,GRADE,가상강의(보조강의)
수치해석,전공(심화),공과대학 스마트시티건축공학과,"화13:30~15:00(공2205), 수13:30~15:00(공2205)",황순규,GRADE,가상강의(보조강의)
건축시공학,전공(핵심),공과대학 스마트시티건축공학과,"화10:30~12:00(공2206), 수16:30~18:00(공2206)",김규용,GRADE,가상강의(보조강의)
철근콘크리트구조및설계,전공(핵심),공과대학 스마트시티건축공학과,"월09:00~10:30(공2204), 수09:00~10:30(공2204)",윤현도,GRADE,가상강의(보조강의)
철근콘크리트구조및설계,전공(핵심),공과대학 스마트시티건축공학과,"월10:30~12:00(공2204), 수10:30~12:00(공2204)",윤현도,GRADE,가상강의(보조강의)
건물에너지,전공(심화),공과대학 스마트시티건축공학과,"월18:00~19:30(공2201), 화18:00~19:30(공2201)",김민휘,GRADE,가상강의(보조강의)
미래설계상담7,전공(기초),공과대학 스마트시티건축공학과,,이강민,PASS/FAIL,가상강의(보조강의)
철골구조및설계2,전공(심화),공과대학 스마트시티건축공학과,"월10:30~12:00(공2201), 수09:00~10:30(공2201)",이강민,GRADE,가상강의(보조강의)
건축도서실무,전공(심화),공과대학 스마트시티건축공학과,"월13:30~15:00(공2204), 목10:30~12:00(공2204)",임승철,GRADE,가상강의(보조강의)
건축유지관리학,전공(심화),공과대학 스마트시티건축공학과,월16:30~19:30(공2205),신경수,GRADE,가상강의(보조강의)
리빙랩 캡스톤디자인 1,전공(심화),공과대학 스마트시티건축공학과,화13:00~19:00(공2204),김규용,GRADE,가상강의(보조강의)
리빙랩 캡스톤디자인 1,전공(심화),공과대학 스마트시티건축공학과,화13:00~19:00(공2202),임승철,GRADE,가상강의(보조강의)
과제연구2,전공(심화),공과대학 스마트시티건축공학과,,이강민,PASS/FAIL,가상강의(보조강의)
미래설계상담1,전공(기초),공과대학 자율운항시스템공학과,,유원선,PASS/FAIL,
AVS설계입문,전공(핵심),공과대학 자율운항시스템공학과,"월10:30~12:00(공3116), 수10:30~12:00(공3116)",윤원근,GRADE,가상강의(보조강의)
자율운항시스템공학개론,전공(핵심),공과대학 자율운항시스템공학과,"화13:30~15:00(공3303), 목13:30~15:00(공3303)",정현,GRADE,가상강의(보조강의)
대학생활과 진로설계,교양(소양필수),공과대학 자율운항시스템공학과,목10:00~11:00(공3116),유원선,GRADE,가상강의(보조강의)
공학수학1,전공(기초),공과대학 자율운항시스템공학과,"월10:30~12:00(공3303), 수10:30~12:00(공3303)",박광필,GRADE,가상강의(보조강의)
동역학,전공(핵심),공과대학 자율운항시스템공학과,"월15:00~16:30(공3303), 화15:00~16:30(공3303)",서형석,GRADE,가상강의(보조강의)
미래설계상담3,전공(기초),공과대학 자율운항시스템공학과,,유원선,PASS/FAIL,
컴퓨터프로그래밍2,전공(핵심),공과대학 자율운항시스템공학과,"화16:30~18:00(공3217), 목16:30~18:00(공3217)",양경규,GRADE,가상강의(보조강의)
컴퓨터프로그래밍2,전공(핵심),공과대학 자율운항시스템공학과,"화12:00~13:30(공3217), 목12:00~13:30(공3217)",양경규,GRADE,가상강의(보조강의)
전기전자회로,전공(심화),공과대학 자율운항시스템공학과,"월16:30~18:00(공3303), 수16:30~18:00(공3303)",김선제,GRADE,가상강의(보조강의)
CAD,전공(핵심),공과대학 자율운항시스템공학과,화10:00~13:00(공5210),박광필,GRADE,가상강의(보조강의)
스마트오션모빌리티융합입문,전공(기초),공과대학 자율운항시스템공학과,수13:00~16:00(공3303),이정우,GRADE,가상강의(보조강의)
미래설계상담5,전공(기초),공과대학 자율운항시스템공학과,,유원선,PASS/FAIL,
진동공학,전공(심화),공과대학 자율운항시스템공학과,"월15:00~16:30(공3116), 수15:00~16:30(공3116)",김선제,GRADE,가상강의(보조강의)
해양유체공학,전공(심화),공과대학 자율운항시스템공학과,"화13:30~15:00(공3116), 목13:30~15:00(공3116)",양경규,GRADE,가상강의(보조강의)
응용수학,전공(심화),공과대학 자율운항시스템공학과,"화16:30~18:00(공3303), 목16:30~18:00(공3303)",유원선,GRADE,가상강의(보조강의)
공학수치해석,전공(핵심),공과대학 자율운항시스템공학과,"월10:30~12:00(공3217), 수10:30~12:00(공3217)",안병권,GRADE,가상강의(보조강의)
구조역학,전공(심화),공과대학 자율운항시스템공학과,"월13:30~15:00(공3116), 수13:30~15:00(공3116)",서형석,GRADE,가상강의(보조강의)
오션모빌리티 프로그래밍,전공(핵심),공과대학 자율운항시스템공학과,"화15:00~16:30(공3217), 목15:00~16:30(공3217)",정종대,GRADE,가상강의(보조강의)
오션모빌리티와 에너지 변환,전공(심화),공과대학 자율운항시스템공학과,"화10:30~12:00(공3303), 목10:30~12:00(공3303)",이정우,GRADE,가상강의(보조강의)
미래설계상담7,전공(기초),공과대학 자율운항시스템공학과,,유원선,PASS/FAIL,
AVS 캡스톤디자인1,전공(심화),공과대학 자율운항시스템공학과,"월13:00~15:00(공3217), 수13:00~15:00(공3217)",윤원근,GRADE,가상강의(보조강의)
최적화이론,전공(심화),공과대학 자율운항시스템공학과,"화15:00~16:30(공3116), 목15:00~16:30(공3116)",정현,GRADE,가상강의(보조강의)
추진시스템설계,전공(심화),공과대학 자율운항시스템공학과,"월16:30~18:00(공3217), 수16:30~18:00(공3217)",안병권,GRADE,가상강의(보조강의)
딥러닝,전공(심화),공과대학 자율운항시스템공학과,"화13:30~15:00(공3217), 목13:30~15:00(공3217)",유원선,GRADE,가상강의(보조강의)
모바일로봇공학,전공(심화),공과대학 자율운항시스템공학과,"화10:30~12:00(공3217), 목10:30~12:00(공3217)",정종대,GRADE,가상강의(보조강의)
미래설계상담1,전공(기초),공과대학 인공지능학과,,김종익,PASS/FAIL,가상강의(보조강의)
이산수학,전공(기초),공과대학 인공지능학과,"화13:00~15:00(공5405), 목14:00~15:00(공5405)",김종익,GRADE,가상강의(보조강의)
컴퓨터프로그래밍 1,전공(기초),공과대학 인공지능학과,"월16:00~18:00(공5413), 목15:00~17:00(공5404)",장경선,GRADE,가상강의(보조강의)
컴퓨터프로그래밍 1,전공(기초),공과대학 인공지능학과,"목10:00~12:00(융합201), 금14:00~16:00(산학연0210)",최병하,GRADE,가상강의(보조강의)
컴퓨터프로그래밍 1,전공(기초),공과대학 인공지능학과,"목10:00~12:00(융합301), 금10:00~12:00(산학연0210)",염희균,GRADE,가상강의(보조강의)
대학생활과 진로설계,교양(소양필수),공과대학 인공지능학과,목13:00~14:00(공5405),김종익,GRADE,가상강의(보조강의)
미래설계상담3,전공(기초),공과대학 인공지능학과,,김종익,PASS/FAIL,가상강의(보조강의)
확률 및 통계,전공(핵심),공과대학 인공지능학과,수09:00~12:00(공5411),권진근,GRADE,가상강의(보조강의)
자료구조,전공(기초),공과대학 인공지능학과,"월16:00~18:00(공5415), 금14:00~16:00(공5411)",박종현,GRADE,가상강의(보조강의)
기초프로젝트랩,전공(핵심),공과대학 인공지능학과,"수15:00~18:00(공5411), 목19:00~22:00(공5411)",김재정,GRADE,가상강의(보조강의)
컴퓨터프로그래밍 3,전공(심화),공과대학 인공지능학과,"화15:00~17:00(공5415), 목13:00~15:00(공5404)",김형기,GRADE,가상강의(보조강의)
컴퓨터구조,전공(핵심),공과대학 인공지능학과,"월15:00~16:00(공5411), 금10:00~12:00(공5411)",김형식,GRADE,가상강의(보조강의)
AI 데이터 표현과 모델링,전공(기초),공과대학 인공지능학과,"월10:00~12:00(공5411), 화17:00~19:00(공5415)",박지훈,GRADE,가상강의(보조강의)
미래설계상담5,전공(기초),공과대학 인공지능학과,,김종익,PASS/FAIL,가상강의(보조강의)
컴퓨터네트워크,전공(핵심),공과대학 인공지능학과,"월10:00~12:00(공5401), 수10:00~12:00(공5413)",김기일,GRADE,가상강의(보조강의)
영상처리,전공(핵심),공과대학 인공지능학과,"목15:00~17:00(공5411), 금09:00~11:00(공5416)",고영준,GRADE,가상강의(보조강의)
데이터베이스,전공(핵심),공과대학 인공지능학과,"수14:00~16:00(공5404), 금14:00~16:00(공5416)",유정연,GRADE,가상강의(보조강의)
임베디드소프트웨어,전공(심화),공과대학 인공지능학과,"화15:00~17:00(공5401), 수16:00~18:00(공5416)",김형신,GRADE,가상강의(보조강의)
딥러닝,전공(핵심),공과대학 인공지능학과,목10:00~13:00(공5405),박지훈,GRADE,가상강의(보조강의)
자연어처리,전공(심화),공과대학 인공지능학과,"월14:00~16:00(공5416), 화10:00~12:00(공5401)",정상근,GRADE,가상강의(보조강의)
미래설계상담7,전공(기초),공과대학 인공지능학과,,김종익,PASS/FAIL,가상강의(보조강의)
바이오-AI융합1,전공(심화),공과대학 인공지능학과,수10:00~13:00(공5401),김상묵,GRADE,가상강의(보조강의)
최신 AI 특강 1,전공(심화),공과대학 인공지능학과,목10:00~13:00(공5401),권진근,GRADE,가상강의(보조강의)
로봇 AI,전공(심화),공과대학 인공지능학과,목14:00~17:00(공5401),김현,GRADE,가상강의(보조강의)
AI시스템설계,전공(심화),공과대학 인공지능학과,수15:00~18:00(공5401),양희철,GRADE,가상강의(보조강의)
미래설계상담1,전공(기초),공과대학 전자공학과,,안재혁,PASS/FAIL,가상강의(보조강의)
창의적공학설계,전공(기초),공과대학 전자공학과,"월09:00~11:00(공2401-A), 월11:00~13:00(공2401-A)",이용우,GRADE,가상강의(보조강의)
컴퓨터프로그래밍 1,전공(기초),공과대학 전자공학과,"월14:00~16:00(공2401-A), 화13:00~15:00(공2474)",김대우,GRADE,가상강의(보조강의)
컴퓨터프로그래밍 1,전공(기초),공과대학 전자공학과,"월16:00~18:00(공2401-A), 화10:00~12:00(공2474)",김대우,GRADE,가상강의(보조강의)
컴퓨터프로그래밍 1,전공(기초),공과대학 전자공학과,"수13:00~15:00(융합201), 목15:00~17:00(글로벌304)",염희균,GRADE,가상강의(보조강의)
미래설계상담3,전공(기초),공과대학 전자공학과,,안재혁,PASS/FAIL,가상강의(보조강의)
전기자기학1,전공(기초),공과대학 전자공학과,"월10:00~12:00(공2315), 수11:00~12:00(공2315)",김영담,GRADE,가상강의(보조강의)
전기자기학1,전공(기초),공과대학 전자공학과,"월13:00~15:00(공2315), 수10:00~11:00(공2315)",김영담,GRADE,가상강의(보조강의)
공학수학1,전공(기초),공과대학 전자공학과,"화10:00~11:00(공2401-A), 목16:00~18:00(공2315)",황동환,GRADE,가상강의(보조강의)
공학수학1,전공(기초),공과대학 전자공학과,"화10:00~11:00(공2315), 목16:00~18:00(공2328)",이가원,GRADE,가상강의(보조강의)
회로이론및실험1,전공(기초),공과대학 전자공학과,"월15:00~17:00(공2316), 화16:00~18:00(공2401-A)",김효원,GRADE,가상강의(보조강의)
확률및랜덤변수,전공(기초),공과대학 전자공학과,"화14:00~15:00(공2401-A), 수15:00~17:00(공2401-A)",김효원,GRADE,가상강의(보조강의)
확률및랜덤변수,전공(기초),공과대학 전자공학과,"화15:00~16:00(공2401-A), 수13:00~15:00(공2401-A)",김효원,GRADE,가상강의(보조강의)
디지털논리회로,전공(핵심),공과대학 전자공학과,"월10:00~12:00(공2328), 수11:00~12:00(공2328)",박준민,GRADE,가상강의(보조강의)
디지털논리회로,전공(핵심),공과대학 전자공학과,"월13:00~15:00(공2328), 수10:00~11:00(공2328)",박준민,GRADE,가상강의(보조강의)
미래설계상담5,전공(기초),공과대학 전자공학과,,안재혁,PASS/FAIL,가상강의(보조강의)
자동제어,전공(핵심),공과대학 전자공학과,"화15:00~17:00(공2328), 목10:00~11:00(공2401-A)",황동환,GRADE,가상강의(보조강의)
자동제어,전공(핵심),공과대학 전자공학과,"화15:00~17:00(공2315), 목10:00~11:00(공2315)",박준민,GRADE,가상강의(보조강의)
전자회로 1,전공(핵심),공과대학 전자공학과,"화10:00~11:00(공2327), 목14:00~16:00(공2327)",고형호,GRADE,가상강의(보조강의)
전자회로 1,전공(핵심),공과대학 전자공학과,"화10:00~11:00(공2328), 목14:00~16:00(공2328)",창동진,GRADE,가상강의(보조강의)
반도체소자,전공(핵심),공과대학 전자공학과,"월15:00~17:00(공2315), 화17:00~18:00(공2315)",이가원,GRADE,가상강의(보조강의)
반도체소자,전공(핵심),공과대학 전자공학과,"월15:00~17:00(공2328), 화17:00~18:00(공2328)",안재혁,GRADE,가상강의(보조강의)
통신공학,전공(핵심),공과대학 전자공학과,"화13:00~14:00(공2328), 수16:00~18:00(공2328)",장윤선,GRADE,가상강의(보조강의)
통신공학,전공(핵심),공과대학 전자공학과,"화14:00~15:00(공2328), 수13:00~15:00(공2328)",장윤선,GRADE,가상강의(보조강의)
마이크로파공학1,전공(핵심),공과대학 전자공학과,"화13:00~14:00(공2315), 수15:00~17:00(공2315)",김철영,GRADE,가상강의(보조강의)
마이크로파공학1,전공(핵심),공과대학 전자공학과,"화14:00~15:00(공2315), 수13:00~15:00(공2315)",김철영,GRADE,가상강의(보조강의)
디지털시스템설계,전공(핵심),공과대학 전자공학과,"월09:00~11:00(공2474), 금13:00~15:00(공2474)",유호영,GRADE,가상강의(보조강의)
디지털시스템설계,전공(핵심),공과대학 전자공학과,"월13:00~15:00(공2474), 금09:00~11:00(공2474)",유호영,GRADE,가상강의(보조강의)
미래설계상담7,전공(기초),공과대학 전자공학과,,안재혁,PASS/FAIL,가상강의(보조강의)
통신시스템,전공(심화),공과대학 전자공학과,"월15:00~17:00(공2327), 목17:00~18:00(공2327)",장윤선,GRADE,가상강의(보조강의)
아날로그집적회로,전공(심화),공과대학 전자공학과,"화16:00~18:00(공2327), 목10:00~11:00(공2327)",고형호,GRADE,가상강의(보조강의)
VLSI설계,전공(심화),공과대학 전자공학과,"수10:00~12:00(공2327), 목11:00~12:00(공2328)",창동진,GRADE,가상강의(보조강의)
안테나공학,전공(심화),공과대학 전자공학과,"화13:00~14:00(공2327), 수15:00~17:00(공2327)",김영담,GRADE,가상강의(보조강의)
캡스톤디자인1,전공(심화),공과대학 전자공학과,"월19:00~22:00(공2316), 화19:00~22:00(공2316)",안재혁,GRADE,가상강의(보조강의)
캡스톤디자인1,전공(심화),공과대학 전자공학과,"월19:00~22:00(공2374), 화19:00~22:00(공2374)",유호영,GRADE,가상강의(보조강의)
고급반도체소자,전공(심화),공과대학 전자공학과,"월13:00~14:00(공2401-A), 수13:00~15:00(공2327)",이가원,GRADE,가상강의(보조강의)
지능형시스템설계,전공(핵심),공과대학 전자공학과,"목13:00~15:00(공2474), 목15:00~17:00(공2474)",유호영,GRADE,가상강의(보조강의)
건축설계 1,전공(핵심),공과대학 건축학과 (5),"월14:00~16:00(공2103), 월16:00~19:00(공2103), 목14:00~15:00(공2103), 목15:00~18:00(공2103)",류주희,GRADE,가상강의(보조강의)
건축설계 1,전공(핵심),공과대학 건축학과 (5),"월14:00~16:00(공2107), 월16:00~19:00(공2107), 목14:00~15:00(공2107), 목15:00~18:00(공2107)",윤주선,GRADE,가상강의(보조강의)
건축설계 1,전공(핵심),공과대학 건축학과 (5),"월14:00~16:00(공2108), 월16:00~19:00(공2108), 목14:00~15:00(공2108), 목15:00~18:00(공2108)",윤선영,GRADE,가상강의(보조강의)
건축학개론,전공(핵심),공과대학 건축학과 (5),"화10:00~12:00(공2302), 수17:00~18:00(공2302)",권재현,GRADE,가상강의(보조강의)
대학생활과 진로설계,교양(소양필수),공과대학 건축학과 (5),화17:00~18:00(공2302),성우제,GRADE,가상강의(보조강의)
건축재료학,전공(핵심),공과대학 건축학과 (5),"수09:00~11:00(공2303), 금12:00~13:00(공2303)",이정원,GRADE,가상강의(보조강의)
표현기법,전공(심화),공과대학 건축학과 (5),"수14:00~18:00(공2303), 수15:00~18:00(공2303), 수16:00~18:00(공2303), 수17:00~18:00(공2303)",류주희,GRADE,가상강의(보조강의)
구조역학,전공(핵심),공과대학 건축학과 (5),"수11:00~12:00(공2303), 금10:00~12:00(공2303)",김상연,GRADE,가상강의(보조강의)
건축환경,전공(핵심),공과대학 건축학과 (5),"수18:00~19:00(공2303), 금16:00~18:00(공2303)",이창민,GRADE,가상강의(보조강의)
건축설계 3,전공(핵심),공과대학 건축학과 (5),,,GRADE,가상강의(보조강의)
건축설계 3,전공(핵심),공과대학 건축학과 (5),"월14:00~15:00(공2508), 월15:00~16:00(공2508), 월16:00~19:00(공2508), 목14:00~15:00(공2508), 목15:00~18:00(공2508)",조성범,GRADE,가상강의(보조강의)
건축설계 3,전공(핵심),공과대학 건축학과 (5),"월14:00~15:00(공2509), 월15:00~16:00(공2509), 월16:00~19:00(공2509), 목14:00~15:00(공2509), 목15:00~18:00(공2509)",이상현,GRADE,가상강의(보조강의)
미래설계상담3,전공(기초),공과대학 건축학과 (5),,성우제,PASS/FAIL,가상강의(보조강의)
건축계획학,전공(핵심),공과대학 건축학과 (5),"화14:00~16:00(공2302), 수13:00~14:00(공2302)",홍지학,GRADE,가상강의(보조강의)
주거론,전공(심화),공과대학 건축학과 (5),"월11:00~12:00(공2302), 금17:00~19:00(공2302)",김형진,GRADE,가상강의(보조강의)
보존과 재활용,전공(심화),공과대학 건축학과 (5),"월09:00~11:00(공2302), 화16:00~17:00(공2302)",이정수,GRADE,가상강의(보조강의)
건축설계 5,전공(핵심),공과대학 건축학과 (5),"월14:00~16:00(공2302), 월16:00~19:00(공2302), 목14:00~15:00(공2302), 목15:00~18:00(공2302)",이정수,GRADE,가상강의(보조강의)
건축설계 5,전공(핵심),공과대학 건축학과 (5),"월14:00~16:00(공2505), 월16:00~19:00(공2505), 목14:00~15:00(공2505), 목15:00~18:00(공2505)",홍지학,GRADE,가상강의(보조강의)
건축설계 5,전공(핵심),공과대학 건축학과 (5),"월14:00~16:00(공2506), 월16:00~19:00(공2506), 목14:00~15:00(공2506), 목15:00~18:00(공2506)",장원석,GRADE,가상강의(보조강의)
미래설계상담5,전공(기초),공과대학 건축학과 (5),,성우제,PASS/FAIL,가상강의(보조강의)
건축시공학,전공(핵심),공과대학 건축학과 (5),"월12:00~13:00(공2303), 금10:00~12:00(공2302)",이경륜,GRADE,가상강의(보조강의)
도시계획,전공(심화),공과대학 건축학과 (5),"화16:00~17:00(공2303), 금14:00~16:00(공2302)",윤주선,GRADE,가상강의(보조강의)
철골구조,전공(핵심),공과대학 건축학과 (5),"화14:00~16:00(공2303), 금12:00~13:00(공2302)",전제경,GRADE,가상강의(보조강의)
건축설계 7(캡스톤디자인1),전공(핵심),공과대학 건축학과 (5),"월14:00~16:00(공2501), 월16:00~19:00(공2501), 목14:00~15:00(공2501), 목15:00~18:00(공2501)",이정원,GRADE,가상강의(보조강의)
건축설계 7(캡스톤디자인1),전공(핵심),공과대학 건축학과 (5),"월14:00~16:00(공2502), 월16:00~19:00(공2502), 목14:00~15:00(공2502), 목15:00~18:00(공2502)",성우제,GRADE,가상강의(보조강의)
건축설계 7(캡스톤디자인1),전공(핵심),공과대학 건축학과 (5),"월14:00~16:00(공2503), 월16:00~19:00(공2503), 목14:00~15:00(공2503), 목15:00~18:00(공2503)",성태원,GRADE,가상강의(보조강의)
미래설계상담7,전공(기초),공과대학 건축학과 (5),,성우제,PASS/FAIL,가상강의(보조강의)
건축관련 법제도,전공(핵심),공과대학 건축학과 (5),"월10:00~12:00(공2303), 수11:00~12:00(공2302)",이양재,GRADE,가상강의(보조강의)
건물시스템통합,전공(핵심),공과대학 건축학과 (5),"수09:00~11:00(공2302), 금16:00~17:00(공2302)",최준성,GRADE,가상강의(보조강의)
건축설계9 (건축종합설계1),전공(핵심),공과대학 건축학과 (5),"화08:00~14:00(공2301-1), 화12:00~14:00(공2301-1), 목08:00~14:00(공2301-1)",이정원,GRADE,가상강의(보조강의)
건축설계9 (건축종합설계1),전공(핵심),공과대학 건축학과 (5),"화08:00~14:00(공2301-2), 화12:00~14:00(공2301-2), 목08:00~14:00(공2301-2)",홍지학,GRADE,가상강의(보조강의)
건축설계9 (건축종합설계1),전공(핵심),공과대학 건축학과 (5),"화08:00~14:00(공2304-1), 목08:00~14:00(공2304-1), 목10:00~14:00(공2304-1)",성우제,GRADE,가상강의(보조강의)
건축과 사회,교양(균형),공과대학 건축공학과,"월13:30~15:00(공2205), 수12:00~13:30(공2205)",박선아,GRADE,가상강의(보조강의)
미래설계상담1,전공(기초),공과대학 토목공학과,,고준영,PASS/FAIL,가상강의(보조강의)
창의설계입문,전공(핵심),공과대학 토목공학과,금09:00~12:00(공2228),배현웅,GRADE,가상강의(보조강의)
공학지질학,전공(핵심),공과대학 토목공학과,"월14:00~16:00(공2228), 화14:00~15:00(공2229)",고준영,GRADE,가상강의(보조강의)
컴퓨터프로그래밍 1,전공(핵심),공과대학 토목공학과,"월09:00~11:00(공2235), 월11:00~13:00(공2235)",민근형,GRADE,가상강의(보조강의)
컴퓨터프로그래밍 1,전공(핵심),공과대학 토목공학과,"화09:00~11:00(공2235), 화11:00~13:00(공2235)",민근형,GRADE,가상강의(보조강의)
공학수학1,전공(기초),공과대학 토목공학과,"월16:00~17:00(공2229), 금13:00~15:00(공2229)",위희정,GRADE,가상강의(보조강의)
미래설계상담3,전공(기초),공과대학 토목공학과,,고준영,PASS/FAIL,가상강의(보조강의)
유체역학,전공(핵심),공과대학 토목공학과,"월11:00~12:00(공2229), 수15:00~17:00(공2229)",손민우,GRADE,가상강의(보조강의)
건설CAD및설계,전공(심화),공과대학 토목공학과,"목13:00~14:00(공2235), 목14:00~18:00(공2235)",이민재,GRADE,가상강의(보조강의)
건설재료학,전공(핵심),공과대학 토목공학과,"화13:00~15:00(공2127), 수14:00~15:00(공2127)",신경준,GRADE,가상강의(보조강의)
재료역학,전공(핵심),공과대학 토목공학과,"월13:00~15:00(공2127), 수13:00~14:00(공2127)",신경준,GRADE,가상강의(보조강의)
응용측량학,전공(핵심),공과대학 토목공학과,"월09:00~10:00(공2229), 수09:00~11:00(공2229)",윤희천,GRADE,가상강의(보조강의)
미래설계상담5,전공(기초),공과대학 토목공학과,,고준영,PASS/FAIL,가상강의(보조강의)
토질역학(2),전공(심화),공과대학 토목공학과,"수14:00~15:00(공2228), 목10:00~12:00(공2228)",박형춘,GRADE,가상강의(보조강의)
사진측량학,전공(심화),공과대학 토목공학과,"월10:00~11:00(공2229), 화09:00~11:00(공2229)",윤희천,GRADE,가상강의(보조강의)
철근콘크리트공학1,전공(핵심),공과대학 토목공학과,"월09:00~10:00(공2228), 월11:00~12:00(공2228), 화11:00~12:00(공2228)",김윤용,GRADE,가상강의(보조강의)
재료및콘크리트실험,전공(심화),공과대학 토목공학과,"수09:00~10:00(공2127), 수10:00~14:00(공2118)",김윤용,GRADE,가상강의(보조강의)
수리실험,전공(심화),공과대학 토목공학과,"목13:00~14:00(공2127), 목14:00~18:00(공2131)",전상훈,GRADE,가상강의(보조강의)
구조역학2,전공(심화),공과대학 토목공학과,"화15:00~17:00(공2127), 수15:00~16:00(공2127)",김우석,GRADE,가상강의(보조강의)
상하수도공학,전공(심화),공과대학 토목공학과,"화13:00~15:00(공2228), 수17:00~18:00(공2228)",전상훈,GRADE,가상강의(보조강의)
토질실험,전공(심화),공과대학 토목공학과,월13:00~19:00(공2226),박형춘,GRADE,가상강의(보조강의)
미래설계상담7,전공(기초),공과대학 토목공학과,,고준영,PASS/FAIL,가상강의(보조강의)
교량공학 및 설계,전공(심화),공과대학 토목공학과,"화14:00~15:00(공2235), 수16:00~18:00(공2235)",김우석,GRADE,가상강의(보조강의)
기초공학 이론 및 설계,전공(심화),공과대학 토목공학과,"화10:00~12:00(공2127), 수10:00~11:00(공2127)",고준영,GRADE,가상강의(보조강의)
건설적산 및 공정설계,전공(심화),공과대학 토목공학과,"월14:00~16:00(공2229), 수11:00~12:00(공2229)",이민재,GRADE,가상강의(보조강의)
수자원공학및설계,전공(심화),공과대학 토목공학과,화15:00~18:00(공2228),손민우,GRADE,가상강의(보조강의)
철도및궤도공학,전공(심화),공과대학 토목공학과,금13:00~16:00(공2228),배현웅,GRADE,가상강의(보조강의)
미래설계상담1,전공(기초),공과대학 전기공학과,,윤익재,PASS/FAIL,가상강의(보조강의)
컴퓨터프로그래밍 1,전공(핵심),공과대학 전기공학과,"화09:00~11:00(산학연0210), 화11:00~13:00(산학연0210)",백용선,GRADE,가상강의(보조강의)
컴퓨터프로그래밍 1,전공(핵심),공과대학 전기공학과,"목09:00~11:00(산학연0210), 목11:00~13:00(산학연0210)",백용선,GRADE,가상강의(보조강의)
미래설계상담3,전공(기초),공과대학 전기공학과,,윤익재,PASS/FAIL,가상강의(보조강의)
전기물성,전공(핵심),공과대학 전기공학과,"월10:00~12:00(공2266), 화13:00~14:00(공2266)",나정효,GRADE,가상강의(보조강의)
공업수학1,전공(심화),공과대학 전기공학과,"화14:00~16:00(공2266), 목13:00~14:00(공2266)",천관호,GRADE,가상강의(보조강의)
전자기학 1,전공(핵심),공과대학 전기공학과,"월09:00~10:00(공2266), 수13:00~15:00(공2266)",윤익재,GRADE,가상강의(보조강의)
전기회로1,전공(핵심),공과대학 전기공학과,"월17:00~19:00(공2266), 화16:00~17:00(공2266)",김종훈,GRADE,가상강의(보조강의)
디지털시스템,전공(심화),공과대학 전기공학과,"수10:00~12:00(공2266), 목14:00~15:00(공2266)",이욱진,GRADE,가상강의(보조강의)
미래설계상담5,전공(기초),공과대학 전기공학과,,윤익재,PASS/FAIL,가상강의(보조강의)
수치해석,전공(심화),공과대학 전기공학과,"목16:00~17:00(공2266), 금10:00~12:00(공2266)",이미영,GRADE,가상강의(보조강의)
기기.전력전자실험,전공(심화),공과대학 전기공학과,월13:00~17:00(공2170),차한주,GRADE,가상강의(보조강의)
전자에너지변환,전공(핵심),공과대학 전기공학과,"수16:00~18:00(공2266), 목17:00~18:00(공2266)",최장영,GRADE,가상강의(보조강의)
제어공학개론,전공(핵심),공과대학 전기공학과,"화17:00~18:00(공2266), 목10:00~12:00(공2266)",천관호,GRADE,가상강의(보조강의)
전자회로2,전공(심화),공과대학 전기공학과,"화13:00~14:00(공2133), 수09:00~11:00(공2133)",차한주,GRADE,가상강의(보조강의)
전기설비이론및설계,전공(심화),공과대학 전기공학과,화09:00~12:00(공2266),나정효,GRADE,가상강의(보조강의)
센서와계측공학,전공(심화),공과대학 전기공학과,월09:00~12:00(공2133),차한주,GRADE,가상강의(보조강의)
센서와계측공학,전공(심화),공과대학 전기공학과,금13:00~16:00(공2133),서정진,GRADE,가상강의(보조강의)
미래설계상담7,전공(기초),공과대학 전기공학과,,윤익재,PASS/FAIL,가상강의(보조강의)
신호해석,전공(심화),공과대학 전기공학과,"월09:00~11:00(공2137), 수09:00~10:00(공2137)",김종훈,GRADE,가상강의(보조강의)
신교통전기,전공(심화),공과대학 전기공학과,"화10:00~12:00(공2133), 수11:00~12:00(공2133)",윤익재,GRADE,가상강의(보조강의)
Capstone Design 1,전공(심화),공과대학 전기공학과,월13:00~16:00(공2266),윤익재,GRADE,가상강의(보조강의)
신재생에너지공학,전공(심화),공과대학 전기공학과,"월17:00~18:00(공2133), 목14:00~16:00(공2133)",최장영,GRADE,가상강의(보조강의)
전력시스템2,전공(심화),공과대학 전기공학과,,,GRADE,가상강의(보조강의)
전동기제어공학,전공(심화),공과대학 전기공학과,"화14:00~15:00(공2133), 목10:00~12:00(공2133)",이욱진,GRADE,가상강의(보조강의)
미래설계상담3,전공(기초),공과대학 전파정보통신공학과,,김병관,PASS/FAIL,가상강의(보조강의)
전기자기학1,전공(핵심),공과대학 전파정보통신공학과,"화14:00~16:00(공2435), 수14:00~15:00(공2435)",이재현,GRADE,가상강의(보조강의)
전기자기학1,전공(핵심),공과대학 전파정보통신공학과,"월14:00~16:00(공3306), 수15:00~16:00(공3306)",은창수,GRADE,가상강의(보조강의)
물리전자,전공(핵심),공과대학 전파정보통신공학과,"월10:00~12:00(공2435), 목13:00~14:00(공2435)",김동욱,GRADE,가상강의(보조강의)
공학수학1,전공(핵심),공과대학 전파정보통신공학과,"월14:00~16:00(공2435), 화16:00~17:00(공2435)",김병관,GRADE,가상강의(보조강의)
공학수학1,전공(핵심),공과대학 전파정보통신공학과,"화10:00~12:00(공3507), 수11:00~12:00(공3507)",김병철,GRADE,가상강의(보조강의)
논리회로,전공(핵심),공과대학 전파정보통신공학과,"화13:00~14:00(공2435), 수09:00~11:00(공2435)",우종명,GRADE,가상강의(보조강의)
논리회로,전공(핵심),공과대학 전파정보통신공학과,"화14:00~16:00(공3507), 수14:00~15:00(공3507)",오왕록,GRADE,가상강의(보조강의)
회로이론 1,전공(핵심),공과대학 전파정보통신공학과,"화10:00~12:00(공2435), 수15:00~16:00(공2435)",우종명,GRADE,가상강의(보조강의)
회로이론 1,전공(핵심),공과대학 전파정보통신공학과,"월16:00~18:00(공3507), 수10:00~11:00(공3507)",이재용,GRADE,가상강의(보조강의)
자료구조및실습,전공(핵심),공과대학 전파정보통신공학과,"화16:00~18:00(공3520), 수16:00~18:00(공3520)",권영미,GRADE,가상강의(보조강의)
미래설계상담5,전공(기초),공과대학 전파정보통신공학과,,김병관,PASS/FAIL,가상강의(보조강의)
전자회로 1,전공(심화),공과대학 전파정보통신공학과,"월10:00~12:00(공2434-1), 수13:00~14:00(공2434-1)",조영균,GRADE,가상강의(보조강의)
전자회로 1,전공(심화),공과대학 전파정보통신공학과,"화10:00~12:00(공3506), 수16:00~17:00(공3506)",은창수,GRADE,가상강의(보조강의)
통신이론,전공(심화),공과대학 전파정보통신공학과,"화10:00~12:00(공2434-1), 수10:00~11:00(공2434-1)",홍성용,GRADE,가상강의(보조강의)
통신이론,전공(심화),공과대학 전파정보통신공학과,"월16:00~18:00(공3506), 목16:00~17:00(공3401)",안재민,GRADE,가상강의(보조강의)
전자파이론,전공(심화),공과대학 전파정보통신공학과,"화16:00~17:00(공2434-1), 수15:00~17:00(공2434-1)",이재현,GRADE,가상강의(보조강의)
데이터 통신,전공(심화),공과대학 전파정보통신공학과,"월10:00~11:00(공3401), 화16:00~18:00(공3401)",이재용,GRADE,가상강의(보조강의)
컴퓨터구조,전공(심화),공과대학 전파정보통신공학과,"수10:00~11:00(공3401), 목14:00~16:00(공3401)",김민석,GRADE,가상강의(보조강의)
전자회로 설계,전공(심화),공과대학 전파정보통신공학과,목14:00~20:00(공2402),김동욱,GRADE,가상강의(보조강의)
전자회로실험,전공(심화),공과대학 전파정보통신공학과,"월19:00~20:00(공2331), 월14:00~19:00(공2331)",이용우,GRADE,가상강의(보조강의)
운영체제,전공(심화),공과대학 전파정보통신공학과,"월14:00~16:00(공3507), 수14:00~15:00(공3506)",이공주,GRADE,가상강의(보조강의)
확률및랜덤프로세스,전공(심화),공과대학 전파정보통신공학과,"화14:00~16:00(공3506), 수17:00~18:00(공3506)",성태경,GRADE,가상강의(보조강의)
미래설계상담7,전공(기초),공과대학 전파정보통신공학과,,김병관,PASS/FAIL,가상강의(보조강의)
통신시스템,전공(심화),공과대학 전파정보통신공학과,"월15:00~16:00(공3304), 목14:00~16:00(공3506)",안재민,GRADE,가상강의(보조강의)
차세대 네트워크,전공(심화),공과대학 전파정보통신공학과,"월10:00~11:00(공3507), 화16:00~18:00(공3507)",김병철,GRADE,가상강의(보조강의)
정보통신특강,전공(심화),공과대학 전파정보통신공학과,수09:00~12:00(공3506),성태경,GRADE,가상강의(보조강의)
무선통신시스템,전공(심화),공과대학 전파정보통신공학과,"월16:00~17:00(공2434-1), 목16:00~18:00(공2434-1)",김병관,GRADE,가상강의(보조강의)
마이크로파회로설계2,전공(심화),공과대학 전파정보통신공학과,화13:00~19:00(공2402),홍성용,GRADE,가상강의(보조강의)
안테나공학,전공(심화),공과대학 전파정보통신공학과,"화09:00~10:00(공2434-1), 수11:00~13:00(공2434-1)",우종명,GRADE,가상강의(보조강의)
전파융합캡스톤디자인1,전공(심화),공과대학 전파정보통신공학과,"월19:00~22:00(공2435), 목20:00~23:00(공2435)",김동욱,GRADE,가상강의(보조강의)
통신시스템캡스톤디자인1,전공(심화),공과대학 전파정보통신공학과,"월19:00~22:00(공3520), 화19:00~22:00(공3520)",성태경,GRADE,가상강의(보조강의)
DB및네트워크프로그래밍,전공(심화),공과대학 전파정보통신공학과,"월16:00~18:00(공3520), 화14:00~16:00(공3520)",권영미,GRADE,가상강의(보조강의)
셀룰라통신,전공(심화),공과대학 전파정보통신공학과,"화10:00~12:00(공3401), 수15:00~16:00(공3507)",오왕록,GRADE,가상강의(보조강의)
아날로그반도체회로,전공(심화),공과대학 전파정보통신공학과,"월14:00~16:00(공2434-1), 수14:00~15:00(공2434-1)",조영균,GRADE,가상강의(보조강의)
미래설계상담1,전공(기초),공과대학 신소재공학과,,한준현,PASS/FAIL,가상강의(보조강의)
재료기초물리학1,전공(기초),공과대학 신소재공학과,"월13:30~15:00(공1301), 수13:30~15:00(공1301)",김효진,GRADE,가상강의(보조강의)
재료기초물리학1,전공(기초),공과대학 신소재공학과,"월13:30~15:00(공1157), 수13:30~15:00(공1157)",정종율,GRADE,가상강의(보조강의)
재료공학입문1,전공(기초),공과대학 신소재공학과,"월10:30~12:00(공1301), 화10:30~12:00(공1301)",최지훈,GRADE,가상강의(보조강의)
재료공학입문1,전공(기초),공과대학 신소재공학과,"월10:30~12:00(공1157), 화10:30~12:00(공1157)",김상준,GRADE,가상강의(보조강의)
대학생활과 진로설계,교양(소양필수),공과대학 신소재공학과,수15:00~16:00(공1301),한준현,GRADE,가상강의(보조강의)
미래설계상담3,전공(기초),공과대학 신소재공학과,,한준현,PASS/FAIL,가상강의(보조강의)
물리화학,전공(핵심),공과대학 신소재공학과,,홍순구,GRADE,가상강의(보조강의)
물리화학,전공(핵심),공과대학 신소재공학과,"월16:30~18:00(공1157), 화16:30~18:00(공1157)",김현유,GRADE,가상강의(보조강의)
재료과학1,전공(핵심),공과대학 신소재공학과,"월09:00~10:30(공1107), 수09:00~10:30(공1107)",백경호,GRADE,가상강의(보조강의)
재료과학1,전공(핵심),공과대학 신소재공학과,"월09:00~10:30(공1301), 수09:00~10:30(공1301)",이수열,GRADE,가상강의(보조강의)
공학수학1,전공(기초),공과대학 신소재공학과,"월15:00~16:30(공1157), 화09:00~10:30(공1157)",백경호,GRADE,가상강의(보조강의)
공학수학1,전공(기초),공과대학 신소재공학과,"월15:00~16:30(공1301), 화09:00~10:30(공1301)",이동현,GRADE,가상강의(보조강의)
양자물리,전공(핵심),공과대학 신소재공학과,"화13:30~15:00(공1301), 목10:30~12:00(공1301)",김효진,GRADE,가상강의(보조강의)
양자물리,전공(핵심),공과대학 신소재공학과,"수16:30~18:00(공1301), 목16:30~18:00(공1301)",김효진,GRADE,가상강의(보조강의)
결정구조학,전공(핵심),공과대학 신소재공학과,"화15:00~16:30(공1301), 목13:30~15:00(공1301)",김의태,GRADE,가상강의(보조강의)
결정구조학,전공(핵심),공과대학 신소재공학과,"화15:00~16:30(공1157), 목13:30~15:00(공1157)",전나리,GRADE,가상강의(보조강의)
재료전산,전공(심화),공과대학 신소재공학과,"월10:30~12:00(산학연0210), 수10:30~12:00(산학연0210)",이종현,GRADE,가상강의(보조강의)
미래설계상담5,전공(기초),공과대학 신소재공학과,,한준현,PASS/FAIL,가상강의(보조강의)
유전체재료,전공(심화),공과대학 신소재공학과,,박상백,GRADE,가상강의(보조강의)
상변태,전공(핵심),공과대학 신소재공학과,"수13:30~15:00(공1107), 목13:30~15:00(공1107)",김천중,GRADE,가상강의(보조강의)
상변태,전공(핵심),공과대학 신소재공학과,"수13:30~15:00(공1375), 목13:30~15:00(공1375)",이동현,GRADE,가상강의(보조강의)
재료강도학,전공(핵심),공과대학 신소재공학과,"월10:30~12:00(공1107), 수10:30~12:00(공1107)",한준현,GRADE,가상강의(보조강의)
재료강도학,전공(핵심),공과대학 신소재공학과,"월10:30~12:00(공1375), 수10:30~12:00(공1301)",이수열,GRADE,가상강의(보조강의)
반응속도론,전공(심화),공과대학 신소재공학과,"화16:30~18:00(공1107), 목16:30~18:00(공1107)",김상준,GRADE,가상강의(보조강의)
반도체재료,전공(핵심),공과대학 신소재공학과,"월15:00~16:30(공1375), 수15:00~16:30(공1375)",홍기현,GRADE,가상강의(보조강의)
반도체재료,전공(핵심),공과대학 신소재공학과,"월16:30~18:00(공1375), 수16:30~18:00(공1375)",홍기현,GRADE,가상강의(보조강의)
열전달및확산,전공(핵심),공과대학 신소재공학과,"월13:30~15:00(공1107), 화13:30~15:00(공1107)",백경호,GRADE,가상강의(보조강의)
촉매화학,전공(심화),공과대학 신소재공학과,"월13:30~15:00(공1375), 화13:30~15:00(공1375)",김현유,GRADE,가상강의(보조강의)
유기소재개론,전공(핵심),공과대학 신소재공학과,"월09:00~10:30(공1375), 화09:00~10:30(공1375)",최지훈,GRADE,가상강의(보조강의)
철강제련,전공(심화),공과대학 신소재공학과,,이종현,GRADE,가상강의(보조강의)
재료열처리,전공(심화),공과대학 신소재공학과,"월16:30~18:00(공1107), 수16:30~18:00(공1107)",한준현,GRADE,가상강의(보조강의)
재료의전자기특성,전공(심화),공과대학 신소재공학과,"월15:00~16:30(공1107), 수15:00~16:30(공1107)",정종율,GRADE,가상강의(보조강의)
재료전기화학개론,전공(심화),공과대학 신소재공학과,"화10:30~12:00(공1107), 목15:00~16:30(공1107)",김천중,GRADE,가상강의(보조강의)
에너지환경재료,전공(심화),공과대학 신소재공학과,"월16:30~18:00(공1301), 화16:30~18:00(공1301)",김효진,GRADE,가상강의(보조강의)
디스플레이공학,전공(심화),공과대학 신소재공학과,"화15:00~16:30(공1375), 수10:30~12:00(공1375)",홍기현,GRADE,가상강의(보조강의)
반도성세라믹스,전공(심화),공과대학 신소재공학과,"화09:00~10:30(공1107), 목09:00~10:30(공1107)",최민섭,GRADE,가상강의(보조강의)
나노과학기술,전공(심화),공과대학 신소재공학과,"화10:30~12:00(공1375), 목10:30~12:00(공1375)",전나리,GRADE,가상강의(보조강의)
신소재콜로키움,전공(심화),공과대학 신소재공학과,,김천중,PASS/FAIL,가상강의(보조강의)
반도체소재공정 캡스톤디자인,전공(심화),공과대학 신소재공학과,"목15:00~17:00(공1375), 목17:00~19:00(공1375)",김의태,GRADE,가상강의(보조강의)
반도체소재공정 캡스톤디자인,전공(심화),공과대학 신소재공학과,"목15:00~17:00(공1157), 목17:00~19:00(공1157)",최민섭,GRADE,가상강의(보조강의)
미래설계상담1,전공(기초),공과대학 환경공학과,,최수훈,PASS/FAIL,가상강의(보조강의)
대학생활과 진로설계,교양(소양필수),공과대학 환경공학과,수14:00~15:00(공3314),최수훈,GRADE,
공학수학,전공(기초),공과대학 환경공학과,수15:00~18:00(공3426),김혜숙,GRADE,가상강의(보조강의)
미래설계상담3,전공(기초),공과대학 환경공학과,,최수훈,PASS/FAIL,가상강의(보조강의)
대기오염개론,전공(핵심),공과대학 환경공학과,"월18:00~19:30(공3314), 수10:30~12:00(공3314)",임세희,GRADE,가상강의(보조강의)
수질화학,전공(핵심),공과대학 환경공학과,"화10:30~12:00(공3426), 수09:00~10:30(공3426)",최영균,GRADE,가상강의(보조강의)
환경기초공학설계,전공(핵심),공과대학 환경공학과,목14:00~17:00(공3307),신미수,GRADE,가상강의(보조강의)
환경기초공학설계,전공(핵심),공과대학 환경공학과,목18:00~21:00(공3307),신미수,GRADE,가상강의(보조강의)
수질분석및실험,전공(핵심),공과대학 환경공학과,"금09:00~12:00(공3314), 금13:00~19:00(공3314)",정지현,GRADE,가상강의(보조강의)
폐기물처리공학,전공(핵심),공과대학 환경공학과,"월16:30~18:00(공3426), 화13:30~15:00(공3426)",장용철,GRADE,가상강의(보조강의)
미래설계상담5,전공(기초),공과대학 환경공학과,,최수훈,PASS/FAIL,가상강의(보조강의)
환경기기분석,전공(심화),공과대학 환경공학과,월15:00~18:00(공3314),한영수,GRADE,가상강의(보조강의)
상수도공학및실험,전공(심화),공과대학 환경공학과,"금12:00~14:00(공3426), 금14:00~16:00(공3426)",안현경,GRADE,가상강의(보조강의)
폐수처리공정및설계,전공(심화),공과대학 환경공학과,"화15:00~16:30(공3426), 수10:30~12:00(공3426)",최영균,GRADE,가상강의(보조강의)
유해물질과위해성평가,전공(심화),공과대학 환경공학과,"월13:30~15:00(공3314), 화16:30~18:00(공3426)",장용철,GRADE,가상강의(보조강의)
환경정책및법규,전공(심화),공과대학 환경공학과,수19:00~22:00(공3314),김혜숙,GRADE,가상강의(보조강의)
수질관리공학및설계,전공(심화),공과대학 환경공학과,"화10:00~12:00(공3314), 화13:00~15:00(공3314)",서동일,GRADE,가상강의(보조강의)
분진제어공학,전공(심화),공과대학 환경공학과,화19:00~22:00(공3426),박상원,GRADE,가상강의(보조강의)
대기측정및자료분석,전공(심화),공과대학 환경공학과,"수15:00~17:00(공3314), 수17:00~19:00(공3314)",임세희,GRADE,가상강의(보조강의)
데이터분석과프로그래밍,전공(핵심),공과대학 환경공학과,"금18:00~20:00(공3307), 금16:00~18:00(공3307)",임화정,GRADE,가상강의(보조강의)
산업 인공지능 및 실습1,전공(심화),공과대학 환경공학과,"월18:00~20:00(공3307), 월20:00~22:00(공3307)",임화정,GRADE,가상강의(보조강의)
미래설계상담7,전공(기초),공과대학 환경공학과,,최수훈,PASS/FAIL,가상강의(보조강의)
토양오염제어,전공(심화),공과대학 환경공학과,"월12:00~13:30(공3426), 수13:30~15:00(공3426)",한영수,GRADE,가상강의(보조강의)
환경공학종합설계,전공(심화),공과대학 환경공학과,목09:00~15:00(공3314),최수훈,GRADE,가상강의(보조강의)
스마트 물관리공학,전공(심화),공과대학 환경공학과,"월10:30~12:00(공3314), 수10:30~12:00(공3313)",서동일,GRADE,가상강의(보조강의)
미래설계상담1,전공(기초),공과대학 항공우주공학과,,김승균,PASS/FAIL,가상강의(보조강의)
컴퓨터연습1,전공(기초),공과대학 항공우주공학과,목15:00~17:00(공3322),정성자,GRADE,가상강의(보조강의)
항공우주공학개론,전공(기초),공과대학 항공우주공학과,금09:00~12:00(공3323),이창호,GRADE,가상강의(보조강의)
대학생활과 진로설계,교양(소양필수),공과대학 항공우주공학과,월14:00~15:00(공3317),김병수,GRADE,가상강의(보조강의)
공학수학1,전공(기초),공과대학 항공우주공학과,"월13:30~15:00(공3323), 수13:30~15:00(공3323)",조은희,GRADE,가상강의(보조강의)
미래설계상담3,전공(기초),공과대학 항공우주공학과,,한종섭,PASS/FAIL,가상강의(보조강의)
고체역학,전공(핵심),공과대학 항공우주공학과,"화13:30~15:00(공3323), 목13:30~15:00(공3323)",박재상,GRADE,가상강의(보조강의)
열역학,전공(핵심),공과대학 항공우주공학과,"월10:30~12:00(공3323), 수15:00~16:30(공3323)",고영성,GRADE,가상강의(보조강의)
CAD,전공(기초),공과대학 항공우주공학과,"화10:00~12:00(공3322), 목10:00~12:00(공3322)",김병수,GRADE,가상강의(보조강의)
공학계측이론 및 실습,전공(핵심),공과대학 항공우주공학과,"수09:00~11:00(공3317), 수11:00~13:00(공3317)",고영성,GRADE,가상강의(보조강의)
미래설계상담5,전공(기초),공과대학 항공우주공학과,,석진영,PASS/FAIL,가상강의(보조강의)
자동제어,전공(심화),공과대학 항공우주공학과,"월15:00~16:30(공3323), 수15:00~16:30(공3322)",김승균,GRADE,가상강의(보조강의)
공기역학 1,전공(핵심),공과대학 항공우주공학과,"화13:30~15:00(공3317), 수13:30~15:00(공3317)",한종섭,GRADE,가상강의(보조강의)
항공기진동론,전공(심화),공과대학 항공우주공학과,"화10:30~12:00(공3323), 목10:30~12:00(공3323)",박재상,GRADE,가상강의(보조강의)
수치해석,전공(심화),공과대학 항공우주공학과,"화15:00~16:30(공3322), 목13:30~15:00(공3322)",김병수,GRADE,가상강의(보조강의)
공기역학실험,전공(핵심),공과대학 항공우주공학과,"월18:00~20:00(공3317), 화18:00~20:00(공3317), 화17:00~18:00(공3317)",한종섭,GRADE,가상강의(보조강의)
제트추진장치,전공(핵심),공과대학 항공우주공학과,"월10:30~12:00(공3322), 수10:30~12:00(공3322)",허환일,GRADE,가상강의(보조강의)
공력소음개론,전공(심화),공과대학 항공우주공학과,"월10:30~12:00(공3317), 수09:00~10:30(공3322)",한종섭,GRADE,가상강의(보조강의)
비행제어시뮬레이션,전공(심화),공과대학 항공우주공학과,"월15:00~16:30(공3317), 목16:30~18:00(공3317)",석진영,GRADE,가상강의(보조강의)
비행제어실험,전공(심화),공과대학 항공우주공학과,"월18:00~20:00(공3322), 월17:00~18:00(공3322), 목18:00~20:00(공3322)",석진영,GRADE,가상강의(보조강의)
추진장치설계,전공(심화),공과대학 항공우주공학과,"월13:30~15:00(공3322), 수13:30~15:00(공3322)",허환일,GRADE,가상강의(보조강의)
항공기설계,전공(심화),공과대학 항공우주공학과,화09:00~12:00(공3321-1),김인걸,GRADE,가상강의(보조강의)
미래설계상담1,전공(기초),공과대학 메카트로닉스공학과,,안미치코,PASS/FAIL,가상강의(보조강의)
프로그래밍언어,전공(핵심),공과대학 메카트로닉스공학과,"화10:00~12:00(공3520), 수16:00~18:00(공3401)",이재용,GRADE,가상강의(보조강의)
대학생활과 진로설계,교양(소양필수),공과대학 메카트로닉스공학과,화14:00~15:00(공4611),안미치코,GRADE,가상강의(보조강의)
미래설계상담3,전공(기초),공과대학 메카트로닉스공학과,,안미치코,PASS/FAIL,가상강의(보조강의)
고체역학,전공(기초),공과대학 메카트로닉스공학과,"월13:00~15:00(공4611), 목10:00~11:00(공4611)",양석조,GRADE,가상강의(보조강의)
공학수학1,전공(기초),공과대학 메카트로닉스공학과,"화10:00~12:00(공4710), 수15:00~16:00(공4710)",안미치코,GRADE,가상강의(보조강의)
기계공작법,전공(심화),공과대학 메카트로닉스공학과,"수10:00~12:00(공4611), 목11:00~12:00(공4611)",김도영,GRADE,가상강의(보조강의)
전자회로,전공(심화),공과대학 메카트로닉스공학과,"월10:00~12:00(공4710), 수14:00~15:00(공4710)",고윤호,GRADE,가상강의(보조강의)
전자회로실험,전공(기초),공과대학 메카트로닉스공학과,"월15:00~18:00(공4607), 수16:00~19:00(공4607)",고윤호,GRADE,가상강의(보조강의)
컴퓨터응용제도,전공(핵심),공과대학 메카트로닉스공학과,화12:00~18:00(공4613),한성지,GRADE,가상강의(보조강의)
미래설계상담5,전공(기초),공과대학 메카트로닉스공학과,,안미치코,PASS/FAIL,가상강의(보조강의)
수치해석,전공(핵심),공과대학 메카트로닉스공학과,"월10:00~12:00(공4611), 수14:00~15:00(공4611)",이지홍,GRADE,가상강의(보조강의)
CAD / CAM,전공(심화),공과대학 메카트로닉스공학과,"화10:00~12:00(공4611), 목14:00~15:00(공4611)",김도영,GRADE,가상강의(보조강의)
전자기계,전공(심화),공과대학 메카트로닉스공학과,"화13:00~15:00(공4710), 수11:00~12:00(공4710)",노명규,GRADE,가상강의(보조강의)
창의적기구설계및실습,전공(심화),공과대학 메카트로닉스공학과,"월16:00~18:00(공4611), 수15:00~17:00(공4613)",한성지,GRADE,가상강의(보조강의)
열유체공학 1,전공(핵심),공과대학 메카트로닉스공학과,"화15:00~16:00(공4710), 목10:00~12:00(공4710)",안미치코,GRADE,가상강의(보조강의)
디지털 신호와 시스템,전공(심화),공과대학 메카트로닉스공학과,"월14:00~16:00(공4710), 수10:00~11:00(공4710)",정슬,GRADE,가상강의(보조강의)
미래설계상담7,전공(기초),공과대학 메카트로닉스공학과,,안미치코,PASS/FAIL,가상강의(보조강의)
창의적로봇설계및제어,전공(심화),공과대학 메카트로닉스공학과,"월10:00~12:00(공4612), 수14:00~16:00(공4612)",정슬,GRADE,가상강의(보조강의)
인공지능개론,전공(심화),공과대학 메카트로닉스공학과,"화14:00~15:00(공4612), 목10:00~12:00(공4612)",원문철,GRADE,가상강의(보조강의)
캡스톤디자인Ⅰ,전공(심화),공과대학 메카트로닉스공학과,목13:00~19:00(공4710),안미치코,GRADE,가상강의(보조강의)
지능로봇실습,전공(심화),공과대학 메카트로닉스공학과,"월14:00~16:00(공4608), 수10:00~12:00(공4612)",이지홍,GRADE,가상강의(보조강의)
바이오공학,전공(심화),공과대학 메카트로닉스공학과,화15:00~18:00(공4612),양석조,GRADE,가상강의(보조강의)
미래설계상담1,전공(기초),공과대학 기계공학부,,이중석,PASS/FAIL,가상강의(보조강의)
미래설계상담3,전공(기초),공과대학 기계공학부,,이중석,PASS/FAIL,가상강의(보조강의)
공학수학1,전공(기초),공과대학 기계공학부,"화16:00~18:00(공4414), 수13:00~14:00(공4414)",장성민,GRADE,가상강의(보조강의)
공학수학1,전공(기초),공과대학 기계공학부,"화16:00~18:00(공4317), 수13:00~14:00(공4317)",정덕현,GRADE,가상강의(보조강의)
CAD기초,전공(핵심),공과대학 기계공학부,"수09:00~11:00(공4318), 수11:00~13:00(공4318)",홍준희,GRADE,가상강의(보조강의)
CAD기초,전공(핵심),공과대학 기계공학부,"수14:00~16:00(공4318), 수16:00~18:00(공4318)",남한구,GRADE,가상강의(보조강의)
CAD기초,전공(핵심),공과대학 기계공학부,"목14:00~16:00(공5102), 목16:00~18:00(공5210)",박상호,GRADE,가상강의(보조강의)
기계공작법,전공(기초),공과대학 기계공학부,"화10:00~12:00(공4317), 목13:00~14:00(공4317)",이원균,GRADE,가상강의(보조강의)
기계공작법,전공(기초),공과대학 기계공학부,"월15:00~16:00(공4414), 화10:00~12:00(공4414)",남한구,GRADE,가상강의(보조강의)
고체역학,전공(핵심),공과대학 기계공학부,"월13:00~15:00(공4317), 화15:00~16:00(공4317)",김용하,GRADE,가상강의(보조강의)
고체역학,전공(핵심),공과대학 기계공학부,"월13:00~15:00(공4414), 화15:00~16:00(공4414)",장성민,GRADE,가상강의(보조강의)
열역학,전공(핵심),공과대학 기계공학부,"월10:00~12:00(공4317), 목11:00~12:00(공4317)",김홍집,GRADE,가상강의(보조강의)
열역학,전공(핵심),공과대학 기계공학부,"월10:00~12:00(공4414), 목11:00~12:00(공4414)",오진우,GRADE,가상강의(보조강의)
기계재료학,전공(핵심),공과대학 기계공학부,"월16:00~18:00(공4414), 화14:00~15:00(공4414)",이경민,GRADE,가상강의(보조강의)
기계재료학,전공(핵심),공과대학 기계공학부,"화14:00~15:00(공4317), 목09:00~11:00(공4317)",정덕현,GRADE,가상강의(보조강의)
미래설계상담5,전공(기초),공과대학 기계공학부,,이중석,PASS/FAIL,가상강의(보조강의)
열전달,전공(핵심),공과대학 기계공학부,"화09:00~10:00(공4317), 수14:00~16:00(공4317)",유상석,GRADE,가상강의(보조강의)
열전달,전공(핵심),공과대학 기계공학부,"월13:00~15:00(공4416), 화09:00~10:00(공4416)",김윤영,GRADE,가상강의(보조강의)
기계진동학,전공(핵심),공과대학 기계공학부,"월10:00~12:00(공4709), 목11:00~12:00(공4709)",김용훈,GRADE,가상강의(보조강의)
기계진동학,전공(핵심),공과대학 기계공학부,"월12:00~13:00(공4709), 목09:00~11:00(공4709)",김용훈,GRADE,가상강의(보조강의)
수치해석,전공(핵심),공과대학 기계공학부,"월15:00~17:00(공4318), 목17:00~18:00(공4318)",고성호,GRADE,가상강의(보조강의)
수치해석,전공(핵심),공과대학 기계공학부,"월17:00~18:00(공4318), 목15:00~17:00(공4318)",고성호,GRADE,가상강의(보조강의)
수치해석,전공(핵심),공과대학 기계공학부,"수09:00~11:00(공4413), 목17:00~18:00(공4413)",김병재,GRADE,가상강의(보조강의)
수치해석,전공(핵심),공과대학 기계공학부,"수11:00~12:00(공4413), 목15:00~17:00(공4413)",조성진,GRADE,가상강의(보조강의)
응용유체역학,전공(핵심),공과대학 기계공학부,"목09:00~11:00(공4414), 금09:00~10:00(공4414)",신원규,GRADE,가상강의(보조강의)
CAM,전공(심화),공과대학 기계공학부,"화14:00~16:00(공5214), 화16:00~18:00(공5210)",박상호,GRADE,가상강의(보조강의)
기계요소설계,전공(핵심),공과대학 기계공학부,"월09:00~10:00(공4414), 금10:00~12:00(공4414)",이중석,GRADE,가상강의(보조강의)
기계요소설계,전공(핵심),공과대학 기계공학부,"월09:00~10:00(공4416), 목13:00~15:00(공4416)",김용하,GRADE,가상강의(보조강의)
친환경동력기관,전공(심화),공과대학 기계공학부,"화14:00~15:00(공4311), 목13:00~15:00(공4311)",김홍집,GRADE,가상강의(보조강의)
마이크로프로세서응용,전공(심화),공과대학 기계공학부,"수13:00~15:00(공4413), 수15:00~17:00(공4413)",이원균,GRADE,가상강의(보조강의)
반도체 개론,전공(핵심),공과대학 기계공학부,화10:00~13:00(공4416),김용하,GRADE,가상강의(보조강의)
친환경 xEV 공학 개론,전공(심화),공과대학 기계공학부,화15:00~18:00(공4416),김홍집,GRADE,가상강의(보조강의)
구조 및 제어실험,전공(심화),공과대학 기계공학부,"금13:00~15:00(공4311), 금15:00~17:00(공4311)",오동호,GRADE,가상강의(보조강의)
미래설계상담7,전공(기초),공과대학 기계공학부,,이중석,PASS/FAIL,가상강의(보조강의)
졸업논문,전공(심화),공과대학 기계공학부,,이중석,PASS/FAIL,가상강의(보조강의)
추진공학,전공(심화),공과대학 기계공학부,"화10:00~11:00(공4311), 수10:00~12:00(공4311)",김홍집,GRADE,가상강의(보조강의)
공기조화 및 냉동,전공(심화),공과대학 기계공학부,"월09:00~11:00(공4212), 목11:00~12:00(공4212)",신원규,GRADE,가상강의(보조강의)
최적설계,전공(심화),공과대학 기계공학부,"월11:00~12:00(공4416), 목15:00~17:00(공4416)",이중석,GRADE,가상강의(보조강의)
심화종합설계,전공(심화),공과대학 기계공학부,수13:00~19:00(공4212),박승환,GRADE,가상강의(보조강의)
심화종합설계,전공(심화),공과대학 기계공학부,수13:00~19:00(공4108),오동호,GRADE,가상강의(보조강의)
심화종합설계,전공(심화),공과대학 기계공학부,수13:00~19:00(공4311),오진우,GRADE,가상강의(보조강의)
심화종합설계,전공(심화),공과대학 기계공학부,수13:00~19:00(공4417),박상호,GRADE,가상강의(보조강의)
심화종합설계,전공(심화),공과대학 기계공학부,수13:00~19:00(공4416),이중석,GRADE,가상강의(보조강의)
초소형기전공학설계,전공(심화),공과대학 기계공학부,"화14:00~16:00(공4417), 화16:00~18:00(공4417)",조성진,GRADE,가상강의(보조강의)
에너지플랜트공학,전공(심화),공과대학 기계공학부,"월16:00~18:00(공4311), 화11:00~12:00(공4311)",김병재,GRADE,가상강의(보조강의)
정밀측정,전공(심화),공과대학 기계공학부,"수09:00~11:00(공5214), 수11:00~13:00(공5210)",박상호,GRADE,가상강의(보조강의)
생산품질공학,전공(심화),공과대학 기계공학부,"화09:00~10:00(공4212), 목13:00~15:00(공4212)",박승환,GRADE,가상강의(보조강의)
미래설계상담1,전공(기초),공과대학 응용화학공학과,,이재원,PASS/FAIL,
창의설계입문,전공(핵심),공과대학 응용화학공학과,월15:00~18:00(공1402),송슬기,GRADE,가상강의(보조강의)
창의설계입문,전공(핵심),공과대학 응용화학공학과,화13:30~16:30(공1402),송슬기,GRADE,가상강의(보조강의)
대학생활과 진로설계,교양(소양필수),공과대학 응용화학공학과,화17:00~18:00(공1468),이경진,GRADE,가상강의(보조강의)
공학수학,전공(기초),공과대학 응용화학공학과,"화13:30~15:00(공1143), 목10:30~12:00(공1143)",이경진,GRADE,가상강의(보조강의)
공학수학,전공(기초),공과대학 응용화학공학과,"화13:30~15:00(공1468), 목10:30~12:00(공1468)",박해민,GRADE,가상강의(보조강의)
공학수학,전공(기초),공과대학 응용화학공학과,"화13:30~15:00(공1259), 목10:30~12:00(공1259)",유재범,GRADE,가상강의(보조강의)
미래설계상담3,전공(기초),공과대학 응용화학공학과,,이재원,PASS/FAIL,
유기화학1,전공(핵심),공과대학 응용화학공학과,"월16:30~18:00(공1257), 수10:30~12:00(공1257)",이창수,GRADE,가상강의(보조강의)
유기화학1,전공(핵심),공과대학 응용화학공학과,"화15:00~16:30(공1468), 목13:30~15:00(공1468)",김병관,GRADE,가상강의(보조강의)
물리화학 1,전공(핵심),공과대학 응용화학공학과,"월16:30~18:00(공1468), 수10:30~12:00(공1468)",박해민,GRADE,가상강의(보조강의)
물리화학 1,전공(핵심),공과대학 응용화학공학과,"화15:00~16:30(공1257), 목09:00~10:30(공1257)",류훈희,GRADE,가상강의(보조강의)
기초생명과학,전공(기초),공과대학 응용화학공학과,"월15:00~16:30(공1468), 수09:00~10:30(공1468)",김동명,GRADE,가상강의(보조강의)
기초생명과학,전공(기초),공과대학 응용화학공학과,"월15:00~16:30(공1203), 수09:00~10:30(공1203)",최유성,GRADE,가상강의(보조강의)
공업분석화학,전공(심화),공과대학 응용화학공학과,"월13:30~15:00(공1468), 수13:30~15:00(공1468)",최호석,GRADE,가상강의(보조강의)
공업분석화학,전공(심화),공과대학 응용화학공학과,"월13:30~15:00(공1203), 수13:30~15:00(공1203)",송승완,GRADE,가상강의(보조강의)
물리화학실험및설계,전공(핵심),공과대학 응용화학공학과,"수15:00~16:00(공1259), 수16:00~20:00(공1259)",이경진,GRADE,가상강의(보조강의)
물리화학실험및설계,전공(핵심),공과대학 응용화학공학과,"화08:00~09:00(공1143), 화09:00~13:00(공1143)",이재원,GRADE,가상강의(보조강의)
물리화학실험및설계,전공(핵심),공과대학 응용화학공학과,"월08:00~09:00(공1468), 월09:00~13:00(공1468)",박해민,GRADE,가상강의(보조강의)
미래설계상담5,전공(기초),공과대학 응용화학공학과,,이재원,PASS/FAIL,
유체역학,전공(핵심),공과대학 응용화학공학과,"월13:30~15:00(공1257), 수13:30~15:00(공1257)",김성탁,GRADE,가상강의(보조강의)
유체역학,전공(핵심),공과대학 응용화학공학과,"월13:30~15:00(공1259), 수13:30~15:00(공1259)",송슬기,GRADE,가상강의(보조강의)
유기공업화학,전공(핵심),공과대학 응용화학공학과,"화09:00~10:30(공1468), 목15:00~16:30(공1468)",김병관,GRADE,가상강의(보조강의)
기기분석,전공(심화),공과대학 응용화학공학과,"월16:30~18:00(공1143), 화15:00~16:30(공1259)",한규승,GRADE,가상강의(보조강의)
기기분석,전공(심화),공과대학 응용화학공학과,"월16:30~18:00(공1203), 화15:00~16:30(공1143)",이재원,GRADE,가상강의(보조강의)
생물화학공학,전공(심화),공과대학 응용화학공학과,"월15:00~16:30(공1257), 수09:00~10:30(공1257)",이창수,GRADE,가상강의(보조강의)
무기응용화학실험및설계,전공(핵심),공과대학 응용화학공학과,"수08:00~09:00(공1143), 수09:00~13:00(공1143)",이영석,GRADE,가상강의(보조강의)
무기재료응용화학,전공(심화),공과대학 응용화학공학과,"화10:30~12:00(공1468), 수12:00~13:30(공1468)",한규승,GRADE,가상강의(보조강의)
석유화학공학,전공(심화),공과대학 응용화학공학과,"화16:30~18:00(공1257), 목10:30~12:00(공1257)",김영호,GRADE,가상강의(보조강의)
유기소재합성화학,전공(심화),공과대학 응용화학공학과,"화13:30~15:00(공1257), 수10:30~12:00(공1203)",이재원,GRADE,가상강의(보조강의)
화공열역학,전공(핵심),공과대학 응용화학공학과,수15:00~18:00(공1468),이영석,GRADE,가상강의(보조강의)
화공열역학,전공(핵심),공과대학 응용화학공학과,수15:00~18:00(공1257),노고산,GRADE,가상강의(보조강의)
미래설계상담7,전공(기초),공과대학 응용화학공학과,,,PASS/FAIL,
촉매공학,전공(심화),공과대학 응용화학공학과,"월15:00~16:30(공1259), 수16:30~18:00(공1203)",김성탁,GRADE,가상강의(보조강의)
합성단위공정,전공(심화),공과대학 응용화학공학과,"화10:30~12:00(공1257), 목13:30~15:00(공1257)",김영호,GRADE,가상강의(보조강의)
융합공정자동화,전공(심화),공과대학 응용화학공학과,"화13:30~15:00(공1143), 목10:30~12:00(공1143)",한명완,GRADE,가상강의(보조강의)
융합공정자동화,전공(심화),공과대학 응용화학공학과,"화16:30~18:00(공1143), 목15:00~16:30(공1143)",한명완,GRADE,가상강의(보조강의)
수치해석,전공(심화),공과대학 응용화학공학과,"화13:30~15:00(공1316), 목10:30~12:00(공1316)",류훈희,GRADE,가상강의(보조강의)
열전달,전공(심화),공과대학 응용화학공학과,"화09:00~10:30(공1259), 수10:30~12:00(공1259)",최호석,GRADE,가상강의(보조강의)
융합생물공학,전공(심화),공과대학 응용화학공학과,"월16:30~18:00(공1259), 수15:00~16:30(공1143)",김동명,GRADE,가상강의(보조강의)
종합설계,전공(심화),공과대학 응용화학공학과,"월13:30~15:00(공1143), 수13:30~15:00(공1143)",최유성,GRADE,가상강의(보조강의)
종합설계,전공(심화),공과대학 응용화학공학과,"화15:00~16:30(공1203), 수15:00~16:30(공1203)",최유성,GRADE,가상강의(보조강의)
첨단분리공정,전공(심화),공과대학 응용화학공학과,"월10:30~12:00(공1259), 목09:00~10:30(공1259)",유재범,GRADE,가상강의(보조강의)
미래설계상담1,전공(기초),공과대학 에너지공학과,,장효식,PASS/FAIL,가상강의(보조강의)
대학생활과 진로설계,교양(소양필수),공과대학 에너지공학과,화15:00~16:00(산학연0603),장효식,GRADE,가상강의(보조강의)
에너지와인류,전공(기초),공과대학 에너지공학과,"월16:30~18:00(산학연0602), 수15:00~16:30(산학연0602)",조철희,GRADE,가상강의(보조강의)
미래설계상담3,전공(기초),공과대학 에너지공학과,,장효식,PASS/FAIL,가상강의(보조강의)
에너지공학기초실험 1,전공(기초),공과대학 에너지공학과,"화13:00~14:00(산학연0602), 화14:00~18:00(산학연0602)",이규복,GRADE,가상강의(보조강의)
에너지재료공학,전공(기초),공과대학 에너지공학과,"월10:30~12:00(산학연0602), 수09:00~10:30(산학연0602)",장효식,GRADE,가상강의(보조강의)
에너지열역학,전공(기초),공과대학 에너지공학과,"화09:00~10:30(산학연0602), 목09:00~10:30(산학연0602)",신혜영,GRADE,가상강의(보조강의)
에너지물리화학,전공(기초),공과대학 에너지공학과,"월16:30~18:00(산학연0603), 수15:00~16:30(산학연0603)",임종철,GRADE,가상강의(보조강의)
공학수학,전공(기초),공과대학 에너지공학과,"월15:00~16:30(산학연0603), 목16:30~18:00(산학연0603)",정남기,GRADE,가상강의(보조강의)
에너지전기화학,전공(핵심),공과대학 에너지공학과,"월13:30~15:00(산학연0602), 수13:30~15:00(산학연0602)",김성수,GRADE,가상강의(보조강의)
미래설계상담1,전공(기초),공과대학 정보통신융합학부,,김병관,PASS/FAIL,가상강의(보조강의)
컴퓨터프로그래밍 1,전공(기초),공과대학 정보통신융합학부,"월14:00~16:00(공3520), 수14:00~16:00(공3401)",김병철,GRADE,가상강의(보조강의)
컴퓨터프로그래밍 1,전공(기초),공과대학 정보통신융합학부,"월14:00~16:00(공3401), 수14:00~16:00(공3520)",권영미,GRADE,가상강의(보조강의)
컴퓨터프로그래밍 1,전공(기초),공과대학 정보통신융합학부,"월14:00~16:00(공3506), 수14:00~16:00(공2402)",김민석,GRADE,가상강의(보조강의)
창의설계입문,전공(기초),공과대학 정보통신융합학부,"수16:00~18:00(공2402), 목14:00~16:00(공2435)",김병관,GRADE,가상강의(보조강의)
창의설계입문,전공(기초),공과대학 정보통신융합학부,"수16:00~18:00(공3306), 목14:00~16:00(공3520)",박판근,GRADE,가상강의(보조강의)
창의설계입문,전공(기초),공과대학 정보통신융합학부,"화10:00~12:00(공3306), 수10:00~12:00(공3520)",박판근,GRADE,가상강의(보조강의)
대학생활과 진로설계,교양(소양필수),공과대학 정보통신융합학부,화17:00~18:00(공2435),김병관,GRADE,가상강의(보조강의)
대학생활과 진로설계,교양(소양필수),공과대학 정보통신융합학부,화17:00~18:00(공3506),이공주,GRADE,가상강의(보조강의)
인공지능 이해와 활용,교양(균형),공과대학 정보통신융합학부,,이공주,GRADE,가상강의(보조강의)
인공지능 이해와 활용,교양(균형),공과대학 정보통신융합학부,,박판근,GRADE,가상강의(보조강의)
인공지능 이해와 활용,교양(균형),공과대학 정보통신융합학부,"월16:30~18:00(공2435), 목10:30~12:00(공2435)",김민석,GRADE,가상강의(보조강의)
인공지능 이해와 활용,교양(균형),공과대학 정보통신융합학부,,이공주,GRADE,가상강의(보조강의)
미래설계상담1,전공(기초),공과대학 유기재료공학과,,송우진,PASS/FAIL,가상강의(보조강의)
공업화학 1,전공(기초),공과대학 유기재료공학과,"화12:00~13:30(공1244), 목10:30~12:00(공1244)",원경식,GRADE,가상강의(보조강의)
공업화학 1,전공(기초),공과대학 유기재료공학과,"화13:30~15:00(공1244), 목12:00~13:30(공1244)",김잔디,GRADE,가상강의(보조강의)
대학생활과 진로설계,교양(소양필수),공과대학 유기재료공학과,수11:00~12:00(공2240),정영규,GRADE,가상강의(보조강의)
대학생활과 진로설계,교양(소양필수),공과대학 유기재료공학과,수11:00~12:00(공2243),송우진,GRADE,가상강의(보조강의)
미래설계상담3,전공(기초),공과대학 유기재료공학과,,송우진,PASS/FAIL,가상강의(보조강의)
유기화학1,전공(기초),공과대학 유기재료공학과,"월13:00~15:00(공2240), 수10:00~11:00(공2240)",이택승,GRADE,가상강의(보조강의)
유기화학1,전공(기초),공과대학 유기재료공학과,"월13:00~15:00(공2243), 수10:00~11:00(공2243)",구준모,GRADE,가상강의(보조강의)
물리화학,전공(기초),공과대학 유기재료공학과,"월10:00~12:00(공2240), 화09:00~10:00(공2240)",박태현,GRADE,가상강의(보조강의)
물리화학,전공(기초),공과대학 유기재료공학과,"월10:00~12:00(공2243), 화09:00~10:00(공2243)",류주환,GRADE,가상강의(보조강의)
공학수학,전공(기초),공과대학 유기재료공학과,"월15:00~16:00(공2240), 화13:00~15:00(공2240)",구자승,GRADE,가상강의(보조강의)
공학수학,전공(기초),공과대학 유기재료공학과,"월15:00~16:00(공2243), 화13:00~15:00(공2243)",류주환,GRADE,가상강의(보조강의)
고분자공학개론,전공(핵심),공과대학 유기재료공학과,"수09:00~10:00(공2240), 목10:00~12:00(공2240)",박성균,GRADE,가상강의(보조강의)
고분자공학개론,전공(핵심),공과대학 유기재료공학과,"수09:00~10:00(공2243), 목10:00~12:00(공2243)",김영진,GRADE,가상강의(보조강의)
물리화학실험,전공(심화),공과대학 유기재료공학과,"목14:00~17:00(공1244), 목17:00~20:00(공1470)",최재학,GRADE,가상강의(보조강의)
물리화학실험,전공(심화),공과대학 유기재료공학과,"목14:00~17:00(공1470), 목17:00~20:00(공1244)",진형민,GRADE,가상강의(보조강의)
미래설계상담5,전공(기초),공과대학 유기재료공학과,,송우진,PASS/FAIL,가상강의(보조강의)
고분자재료,전공(핵심),공과대학 유기재료공학과,"화15:00~17:00(공2240), 수13:00~14:00(공2240)",정영규,GRADE,가상강의(보조강의)
고분자재료,전공(핵심),공과대학 유기재료공학과,"화15:00~17:00(공2243), 수13:00~14:00(공2243)",최재학,GRADE,가상강의(보조강의)
유기재료물성,전공(핵심),공과대학 유기재료공학과,"월17:00~18:00(공2240), 수16:00~18:00(공2240)",이승구,GRADE,가상강의(보조강의)
유기재료물성,전공(핵심),공과대학 유기재료공학과,"월17:00~18:00(공2243), 수16:00~18:00(공2243)",진형민,GRADE,가상강의(보조강의)
고분자합성,전공(핵심),공과대학 유기재료공학과,금10:00~13:00(공2240),조수연,GRADE,가상강의(보조강의)
고분자합성,전공(핵심),공과대학 유기재료공학과,"목16:00~17:00(공2243), 금10:00~12:00(공2243)",구준모,GRADE,가상강의(보조강의)
섬유화학,전공(심화),공과대학 유기재료공학과,"월09:00~10:00(국제133), 목13:00~15:00(국제133)",박태현,GRADE,가상강의(보조강의)
색소재료화학,전공(심화),공과대학 유기재료공학과,"월15:00~17:00(공1244), 화10:00~11:00(공1244)",손영아,GRADE,가상강의(보조강의)
유기광전자재료,전공(심화),공과대학 유기재료공학과,"월10:00~11:00(국제133), 화13:00~15:00(국제133)",이택승,GRADE,가상강의(보조강의)
이동현상,전공(심화),공과대학 유기재료공학과,"월13:00~15:00(국제134), 화17:00~18:00(국제134)",송우진,GRADE,가상강의(보조강의)
석유화학공업,전공(심화),공과대학 유기재료공학과,"월11:00~12:00(국제134), 목10:00~12:00(국제134)",구준모,GRADE,가상강의(보조강의)
분자생물학,전공(심화),공과대학 유기재료공학과,수09:00~12:00(공1244),김호겸,GRADE,가상강의(보조강의)
지속가능섬유고분자,전공(심화),공과대학 유기재료공학과,"화11:00~12:00(공1244), 수14:00~16:00(국제133)",구자승,GRADE,가상강의(보조강의)
미래설계상담7,전공(기초),공과대학 유기재료공학과,,송우진,PASS/FAIL,가상강의(보조강의)
기능성고분자,전공(심화),공과대학 유기재료공학과,"수14:00~16:00(공2240), 목13:00~14:00(공2240)",박성균,GRADE,가상강의(보조강의)
기능성고분자,전공(심화),공과대학 유기재료공학과,"수14:00~16:00(공2243), 목13:00~14:00(공2243)",최재학,GRADE,가상강의(보조강의)
나노유무기재료,전공(심화),공과대학 유기재료공학과,"화09:00~10:00(국제133), 수09:00~11:00(국제133)",정영규,GRADE,가상강의(보조강의)
고분자가공,전공(심화),공과대학 유기재료공학과,"화15:00~17:00(국제134), 수13:00~14:00(국제134)",송우진,GRADE,가상강의(보조강의)
바이오고분자,전공(심화),공과대학 유기재료공학과,"화10:00~12:00(국제134), 수11:00~12:00(국제134)",김영진,GRADE,가상강의(보조강의)
에너지환경융합소재 캡스톤디자인,전공(심화),공과대학 유기재료공학과,금13:00~19:00(국제133),송우진,GRADE,가상강의(보조강의)
미래설계상담1,전공(기초),공과대학 컴퓨터융합학부,,원유재,PASS/FAIL,가상강의(보조강의)
이산수학,전공(핵심),공과대학 컴퓨터융합학부,"월14:00~15:00(공5410), 화13:00~15:00(공5410)",임성수,GRADE,가상강의(보조강의)
이산수학,전공(핵심),공과대학 컴퓨터융합학부,"월10:00~12:00(공5102), 금11:00~12:00(공5102)",윤찬미,GRADE,가상강의(보조강의)
이산수학,전공(핵심),공과대학 컴퓨터융합학부,"월09:00~10:00(공5102), 금09:00~11:00(공5102)",윤찬미,GRADE,가상강의(보조강의)
컴퓨터프로그래밍 1,전공(기초),공과대학 컴퓨터융합학부,"월16:00~18:00(공5411), 화10:00~12:00(공5414)",원유재,GRADE,가상강의(보조강의)
컴퓨터프로그래밍 1,전공(기초),공과대학 컴퓨터융합학부,"월16:00~18:00(공5414), 화10:00~12:00(공5410)",장진수,GRADE,가상강의(보조강의)
컴퓨터프로그래밍 1,전공(기초),공과대학 컴퓨터융합학부,"화13:00~15:00(공5413), 금13:00~15:00(공5405)",서정주,GRADE,가상강의(보조강의)
컴퓨터프로그래밍 1,전공(기초),공과대학 컴퓨터융합학부,"월10:00~12:00(융합201), 화13:00~15:00(산학연0210)",이병선,GRADE,가상강의(보조강의)
컴퓨터프로그래밍 1,전공(기초),공과대학 컴퓨터융합학부,"수13:00~15:00(산학연0210), 목15:00~17:00(융합201)",박미,GRADE,가상강의(보조강의)
컴퓨터프로그래밍 1,전공(기초),공과대학 컴퓨터융합학부,"목14:00~16:00(융합301), 금16:00~18:00(산학연0210)",최병하,GRADE,가상강의(보조강의)
컴퓨터프로그래밍 1,전공(기초),공과대학 컴퓨터융합학부,,,GRADE,가상강의(보조강의)
컴퓨터프로그래밍 1,전공(기초),공과대학 컴퓨터융합학부,,,GRADE,가상강의(보조강의)
컴퓨터프로그래밍 1,전공(기초),공과대학 컴퓨터융합학부,,,GRADE,가상강의(보조강의)
대학생활과 진로설계,교양(소양필수),공과대학 컴퓨터융합학부,월13:00~14:00(공5410),원유재,GRADE,가상강의(보조강의)
미래설계상담3,전공(기초),공과대학 컴퓨터융합학부,,원유재,PASS/FAIL,가상강의(보조강의)
계산이론,전공(심화),공과대학 컴퓨터융합학부,목13:00~16:00(공5410),이은주,GRADE,가상강의(보조강의)
확률 및 통계,전공(기초),공과대학 컴퓨터융합학부,수09:00~12:00(공5412),조승범,GRADE,가상강의(보조강의)
확률 및 통계,전공(기초),공과대학 컴퓨터융합학부,목09:00~12:00(공5412),조승범,GRADE,가상강의(보조강의)
확률 및 통계,전공(기초),공과대학 컴퓨터융합학부,목09:00~12:00(공5411),김상묵,GRADE,가상강의(보조강의)
자료구조,전공(기초),공과대학 컴퓨터융합학부,"월13:00~15:00(공5414), 화10:00~12:00(공5405)",박정희,GRADE,가상강의(보조강의)
자료구조,전공(기초),공과대학 컴퓨터융합학부,"수10:00~12:00(공5405), 금16:00~18:00(공5414)",박정희,GRADE,가상강의(보조강의)
자료구조,전공(기초),공과대학 컴퓨터융합학부,"월13:00~15:00(공5415), 금16:00~18:00(공5411)",박종현,GRADE,가상강의(보조강의)
자료구조,전공(기초),공과대학 컴퓨터융합학부,"월13:00~15:00(공5413), 화10:00~12:00(공5411)",이병선,GRADE,가상강의(보조강의)
컴퓨터프로그래밍3,전공(핵심),공과대학 컴퓨터융합학부,"목13:00~15:00(공5414), 금09:00~11:00(공5414)",조은선,GRADE,가상강의(보조강의)
컴퓨터프로그래밍3,전공(핵심),공과대학 컴퓨터융합학부,"목16:00~18:00(공5414), 금11:00~13:00(공5414)",조은선,GRADE,가상강의(보조강의)
논리회로,전공(핵심),공과대학 컴퓨터융합학부,"월16:00~18:00(공5409), 화15:00~17:00(공5405)",이철훈,GRADE,가상강의(보조강의)
논리회로,전공(핵심),공과대학 컴퓨터융합학부,"화13:00~15:00(공5409), 금14:00~16:00(공5410)",이철훈,GRADE,가상강의(보조강의)
논리회로,전공(핵심),공과대학 컴퓨터융합학부,"월16:00~18:00(공5412), 화15:00~17:00(공5409)",김형식,GRADE,가상강의(보조강의)
논리회로,전공(핵심),공과대학 컴퓨터융합학부,"화13:00~15:00(공5412), 금14:00~16:00(공5409)",김형식,GRADE,가상강의(보조강의)
논리회로,전공(핵심),공과대학 컴퓨터융합학부,"화13:00~15:00(공5411), 수13:00~15:00(공5409)",남병규,GRADE,가상강의(보조강의)
기초프로젝트랩,전공(핵심),공과대학 컴퓨터융합학부,"수15:00~18:00(공5410), 목19:00~22:00(공5410)",김도헌,GRADE,가상강의(보조강의)
AI 데이터 표현과 모델링,전공(핵심),공과대학 컴퓨터융합학부,"월10:00~12:00(공5410), 화17:00~19:00(공5414)",정상근,GRADE,가상강의(보조강의)
미래설계상담5,전공(기초),공과대학 컴퓨터융합학부,,원유재,PASS/FAIL,가상강의(보조강의)
운영체제및실습,전공(핵심),공과대학 컴퓨터융합학부,"월10:00~12:00(공5412), 수09:00~11:00(공5415)",최훈,GRADE,가상강의(보조강의)
운영체제및실습,전공(핵심),공과대학 컴퓨터융합학부,"화10:00~12:00(공5412), 수11:00~13:00(공5415)",최훈,GRADE,가상강의(보조강의)
프로그래밍언어개론,전공(심화),공과대학 컴퓨터융합학부,"목15:00~17:00(공5412), 금09:00~11:00(공5415)",이성호,GRADE,가상강의(보조강의)
프로그래밍언어개론,전공(심화),공과대학 컴퓨터융합학부,"목13:00~15:00(공5412), 금11:00~13:00(공5415)",이성호,GRADE,가상강의(보조강의)
영상처리,전공(심화),공과대학 컴퓨터융합학부,"목13:00~15:00(공5411), 금11:00~13:00(공5416)",고영준,GRADE,가상강의(보조강의)
실전코딩,전공(심화),공과대학 컴퓨터융합학부,"월12:00~13:00(공5410), 월15:00~18:00(공5410)",김도헌,GRADE,가상강의(보조강의)
IT영어1,전공(핵심),공과대학 컴퓨터융합학부,화17:00~19:00(공5401),이민선,GRADE,가상강의(보조강의)
IT영어1,전공(핵심),공과대학 컴퓨터융합학부,목17:00~19:00(공5401),이민선,GRADE,가상강의(보조강의)
전자회로,전공(심화),공과대학 컴퓨터융합학부,"수16:00~18:00(공5404), 금17:00~18:00(공5404)",남병규,GRADE,가상강의(보조강의)
알고리즘응용,전공(핵심),공과대학 컴퓨터융합학부,"화10:00~12:00(공5404), 수12:00~14:00(공5414)",조승범,GRADE,가상강의(보조강의)
데이터베이스,전공(핵심),공과대학 컴퓨터융합학부,"수14:00~16:00(공5412), 금14:00~16:00(공5415)",이규철,GRADE,가상강의(보조강의)
데이터베이스,전공(핵심),공과대학 컴퓨터융합학부,"수16:00~18:00(공5412), 금16:00~18:00(공5415)",이규철,GRADE,가상강의(보조강의)
데이터통신,전공(심화),공과대학 컴퓨터융합학부,"월13:00~15:00(공5411), 화13:00~15:00(공5414)",이영석,GRADE,가상강의(보조강의)
데이터통신,전공(심화),공과대학 컴퓨터융합학부,"화15:00~17:00(공5411), 목10:00~12:00(공5414)",이영석,GRADE,가상강의(보조강의)
데이터통신,전공(심화),공과대학 컴퓨터융합학부,"월13:00~15:00(공5412), 화13:00~15:00(공5415)",김기일,GRADE,가상강의(보조강의)
창업실습Ⅱ,전공(심화),공과대학 컴퓨터융합학부,,전중양,PASS/FAIL,가상강의(보조강의)
실무프로젝트랩1,전공(심화),공과대학 컴퓨터융합학부,,이영석,PASS/FAIL,가상강의(보조강의)
실무프로젝트랩1,전공(심화),공과대학 컴퓨터융합학부,,여인효,PASS/FAIL,가상강의(보조강의)
미래설계상담7,전공(기초),공과대학 컴퓨터융합학부,,원유재,PASS/FAIL,가상강의(보조강의)
최신컴퓨터특강,전공(심화),공과대학 컴퓨터융합학부,수19:00~22:00(공5410),원유재,GRADE,가상강의(보조강의)
임베디드소프트웨어,전공(심화),공과대학 컴퓨터융합학부,"월13:00~15:00(공5405), 목13:00~15:00(공5413)",김형신,GRADE,가상강의(보조강의)
데이터과학,전공(심화),공과대학 컴퓨터융합학부,"월15:00~16:00(공5405), 목16:00~18:00(공5405)",이종률,GRADE,가상강의(보조강의)
데이터과학,전공(심화),공과대학 컴퓨터융합학부,"월16:00~18:00(공5405), 목15:00~16:00(공5405)",이종률,GRADE,가상강의(보조강의)
데이터베이스설계,전공(심화),공과대학 컴퓨터융합학부,"수10:00~12:00(공5404), 금10:00~12:00(공5413)",유정연,GRADE,가상강의(보조강의)
딥러닝,전공(심화),공과대학 컴퓨터융합학부,목09:00~12:00(공5410),양희철,GRADE,가상강의(보조강의)
종합설계1,전공(심화),공과대학 컴퓨터융합학부,"월19:00~21:00(공5410), 월21:00~23:00(공5410)",장경선,GRADE,가상강의(보조강의)
종합설계1,전공(심화),공과대학 컴퓨터융합학부,"월19:00~21:00(공5411), 월21:00~23:00(공5411)",김영국,GRADE,가상강의(보조강의)
종합설계1,전공(심화),공과대학 컴퓨터융합학부,"월19:00~21:00(공5412), 월21:00~23:00(공5412)",이영석,GRADE,가상강의(보조강의)
인공지능 SoC설계,전공(심화),공과대학 컴퓨터융합학부,"화15:00~17:00(공5412), 금14:00~16:00(공5413)",남병규,GRADE,가상강의(보조강의)
인간-컴퓨터 상호작용,전공(심화),공과대학 컴퓨터융합학부,"월10:00~12:00(공5405), 화10:00~12:00(공5413)",김재정,GRADE,가상강의(보조강의)
창업실습Ⅳ,전공(심화),공과대학 컴퓨터융합학부,,전중양,PASS/FAIL,가상강의(보조강의)
네트워크및웹보안,전공(심화),공과대학 컴퓨터융합학부,"화13:00~15:00(공5404), 수16:00~18:00(공5413)",원유재,GRADE,가상강의(보조강의)
네트워크및웹보안,전공(심화),공과대학 컴퓨터융합학부,"화15:00~17:00(공5404), 수14:00~16:00(공5413)",원유재,GRADE,가상강의(보조강의)
가상혼합현실,전공(심화),공과대학 컴퓨터융합학부,"월16:00~18:00(공5404), 화17:00~19:00(공5413)",김형기,GRADE,가상강의(보조강의)
미래설계상담1,전공(기초),농업생명과학대학 원예학과,,조영득,PASS/FAIL,가상강의(보조강의)
대학생활과 진로설계,교양(소양필수),농업생명과학대학 원예학과,수13:00~14:00(농1336),천종필,GRADE,가상강의(보조강의)
미래설계상담3,전공(기초),농업생명과학대학 원예학과,,조영득,PASS/FAIL,가상강의(보조강의)
농장실습(원예)1,전공(심화),농업생명과학대학 원예학과,수14:00~16:00(농장),천종필,GRADE,가상강의(보조강의)
식물생장조절론,전공(핵심),농업생명과학대학 원예학과,수09:00~12:00(농1314),천종필,GRADE,가상강의(보조강의)
시설원예수직농장학및실습,전공(심화),농업생명과학대학 원예학과,"화14:00~16:00(농1401), 화16:00~18:00(농1401)",박종석,GRADE,가상강의(보조강의)
식물생리학및실험,전공(핵심),농업생명과학대학 원예학과,"금14:00~16:00(농1314), 금16:00~18:00(농1314)",남현진,GRADE,가상강의(보조강의)
작물번식학,전공(핵심),농업생명과학대학 원예학과,월14:00~17:00(농1314),이긍주,GRADE,가상강의(보조강의)
미래설계상담5,전공(기초),농업생명과학대학 원예학과,,조영득,PASS/FAIL,가상강의(보조강의)
농업유전학및실험,전공(핵심),농업생명과학대학 원예학과,"화14:00~16:00(농1407), 화16:00~18:00(농1407)",조영득,GRADE,가상강의(보조강의)
채소원예학및실습,전공(핵심),농업생명과학대학 원예학과,"목09:00~11:00(농1407), 목11:00~13:00(농1407)",김동필,GRADE,가상강의(보조강의)
과수원예학및실습,전공(핵심),농업생명과학대학 원예학과,"월14:00~16:00(농1407), 수16:00~18:00(농1407)",천종필,GRADE,가상강의(보조강의)
화훼원예학및실습,전공(핵심),농업생명과학대학 원예학과,"화09:00~11:00(농1407), 화11:00~13:00(농1407)",이긍주,GRADE,가상강의(보조강의)
스마트잔디관리학및실습,전공(심화),농업생명과학대학 원예학과,"수09:00~11:00(농1407), 수11:00~13:00(농1407)",박종석,GRADE,가상강의(보조강의)
정원계획및설계,전공(심화),농업생명과학대학 원예학과,"수14:00~16:00(농1336), 수16:00~18:00(농1336)",박종석,GRADE,가상강의(보조강의)
원예생명공학,전공(심화),농업생명과학대학 원예학과,목09:00~12:00(농1336),조영득,GRADE,가상강의(보조강의)
원예작물노화생리학,전공(심화),농업생명과학대학 원예학과,금09:00~12:00(농1314),남현진,GRADE,가상강의(보조강의)
미래설계상담3,전공(기초),농업생명과학대학 식품공학과,,구옥경,PASS/FAIL,가상강의(보조강의)
식품생화학1,전공(기초),농업생명과학대학 식품공학과,"월14:00~16:00(농3218), 화11:00~12:00(농3218)",김희택,GRADE,가상강의(보조강의)
식품분석화학,전공(기초),농업생명과학대학 식품공학과,"화13:00~14:00(농2201), 수09:00~11:00(농2201)",구옥경,GRADE,가상강의(보조강의)
식품분석화학실험,전공(심화),농업생명과학대학 식품공학과,화14:00~18:00(농3101),구옥경,GRADE,가상강의(보조강의)
식품미생물학실험,전공(심화),농업생명과학대학 식품공학과,수15:00~19:00(농3101),염수진,GRADE,가상강의(보조강의)
유기화학,전공(심화),농업생명과학대학 식품공학과,"월10:00~12:00(농3218), 화10:00~11:00(농3218)",최종선,GRADE,가상강의(보조강의)
식품미생물학,전공(기초),농업생명과학대학 식품공학과,"수14:00~15:00(농2201), 목10:00~12:00(농2201)",정희곤,GRADE,가상강의(보조강의)
미래설계상담5,전공(기초),농업생명과학대학 식품공학과,,구옥경,PASS/FAIL,가상강의(보조강의)
식품공학1,전공(핵심),농업생명과학대학 식품공학과,"월17:00~18:00(농2201), 화10:00~12:00(농2201)",강태영,GRADE,가상강의(보조강의)
영양화학,전공(심화),농업생명과학대학 식품공학과,"월15:00~17:00(농2201), 수14:00~15:00(농2109)",이기택,GRADE,가상강의(보조강의)
식품화학2,전공(핵심),농업생명과학대학 식품공학과,"월14:00~15:00(농2201), 수15:00~17:00(농2201)",이기택,GRADE,가상강의(보조강의)
식품가공학1,전공(핵심),농업생명과학대학 식품공학과,"수13:00~14:00(농2201), 목09:00~11:00(농3218)",박종태,GRADE,가상강의(보조강의)
식품에멀젼,전공(심화),농업생명과학대학 식품공학과,"월14:00~15:00(농2109), 수10:00~12:00(농2109)",강태영,GRADE,가상강의(보조강의)
미생물 세포생리학,전공(핵심),농업생명과학대학 식품공학과,"수10:00~12:00(농3218), 목14:00~15:00(농3218)",정희곤,GRADE,가상강의(보조강의)
식품바이오공학및실습,전공(심화),농업생명과학대학 식품공학과,"화14:00~16:00(농2201), 화16:00~18:00(농2201)",김희택,GRADE,가상강의(보조강의)
기능성식품학,전공(심화),농업생명과학대학 식품공학과,"월15:00~16:00(농2109), 목09:00~11:00(농2109)",구옥경,GRADE,가상강의(보조강의)
식품품질관리,전공(심화),농업생명과학대학 식품공학과,"월16:00~17:00(농2109), 수15:00~17:00(농2109)",박종태,GRADE,가상강의(보조강의)
캡스톤디자인,전공(심화),농업생명과학대학 식품공학과,월08:00~14:00(농3101),구옥경,GRADE,가상강의(보조강의)
대학생활과 진로설계,교양(소양필수),농업생명과학대학 농업경제학과,수13:00~14:00(농1311),순병민,GRADE,가상강의(보조강의)
미래설계상담3,전공(기초),농업생명과학대학 농업경제학과,,순병민,PASS/FAIL,가상강의(보조강의)
농업자원환경경제학,전공(기초),농업생명과학대학 농업경제학과,화09:00~12:00(농1309),구승모,GRADE,가상강의(보조강의)
농업협동조합론,전공(핵심),농업생명과학대학 농업경제학과,목09:00~12:00(농1402),,GRADE,가상강의(보조강의)
농산물가격론,전공(기초),농업생명과학대학 농업경제학과,월09:00~12:00(농1301),홍승지,GRADE,가상강의(보조강의)
농산물유통론,전공(기초),농업생명과학대학 농업경제학과,수09:00~12:00(농1301),김성훈,GRADE,가상강의(보조강의)
농산물 수급모형의 이해,전공(핵심),농업생명과학대학 농업경제학과,월14:00~17:00(농1402),한석호,GRADE,가상강의(보조강의)
농업생산경제학,전공(심화),농업생명과학대학 농업경제학과,화09:00~12:00(농1301),홍승지,GRADE,가상강의(보조강의)
농식품소비경제학,전공(심화),농업생명과학대학 농업경제학과,화14:00~17:00(농1402),,GRADE,가상강의(보조강의)
식품산업마케팅,전공(심화),농업생명과학대학 농업경제학과,월09:00~12:00(농1402),김성훈,GRADE,가상강의(보조강의)
농촌개발계획 및 실습,전공(심화),농업생명과학대학 농업경제학과,"월19:00~21:00(농1301), 월17:00~19:00(농1301)",순병민,GRADE,가상강의(보조강의)
농업정책분석론,전공(심화),농업생명과학대학 농업경제학과,목14:00~17:00(농1402),순병민,GRADE,가상강의(보조강의)
농식품산업 빅데이터의 이해,전공(핵심),농업생명과학대학 농업경제학과,수14:00~17:00(농1301),순병민,GRADE,가상강의(보조강의)
미래설계상담5,전공(기초),농업생명과학대학 농업경제학과,,순병민,PASS/FAIL,가상강의(보조강의)
농업발전론,전공(심화),농업생명과학대학 농업경제학과,수14:00~17:00(농1402),한석호,GRADE,가상강의(보조강의)
농업경제연구방법론,전공(심화),농업생명과학대학 농업경제학과,수09:00~12:00(농1402),홍승지,GRADE,가상강의(보조강의)
농업경제학특강,전공(심화),농업생명과학대학 농업경제학과,월09:00~12:00(농1309),구승모,GRADE,가상강의(보조강의)
경제데이터분석과 실습,전공(심화),농업생명과학대학 농업경제학과,화14:00~17:00(농1309),한석호,GRADE,가상강의(보조강의)
미래설계상담1,전공(기초),농업생명과학대학 식물자원학과,,박상언,PASS/FAIL,가상강의(보조강의)
미래설계상담3,전공(기초),농업생명과학대학 식물자원학과,,박상언,PASS/FAIL,가상강의(보조강의)
작물조직배양및실험,전공(심화),농업생명과학대학 식물자원학과,"화14:00~16:00(농1228), 수11:00~13:00(농1228)",박상언,GRADE,가상강의(보조강의)
작물영양학,전공(심화),농업생명과학대학 식물자원학과,,,GRADE,가상강의(보조강의)
재배학,전공(핵심),농업생명과학대학 식물자원학과,화09:00~12:00(농1228),조진웅,GRADE,가상강의(보조강의)
식물유전학및실험,전공(기초),농업생명과학대학 식물자원학과,"월14:00~16:00(농1228), 수14:00~16:00(농1228)",김창수,GRADE,가상강의(보조강의)
전공영어,전공(기초),농업생명과학대학 식물자원학과,"월16:00~18:00(농1228), 화13:00~14:00(농1228)",박상언,GRADE,가상강의(보조강의)
작물생산실습1,전공(심화),농업생명과학대학 식물자원학과,"월12:00~14:00(농1228), 수16:00~18:00(농1228)",이성우,GRADE,가상강의(보조강의)
토양과 작물영양,전공(심화),농업생명과학대학 식물자원학과,목09:00~12:00(농1228),조진웅,GRADE,가상강의(보조강의)
실험설계와 데이터분석,전공(기초),농업생명과학대학 식물자원학과,"화16:00~18:00(농1228), 수10:00~11:00(농1228)",이성우,GRADE,가상강의(보조강의)
현대농업과 작물생산,전공(기초),농업생명과학대학 식물자원학과,"수13:00~14:00(농1409), 금09:00~11:00(농1409)",심규찬,GRADE,가상강의(보조강의)
미래설계상담5,전공(기초),농업생명과학대학 식물자원학과,,박상언,PASS/FAIL,가상강의(보조강의)
유전자원학,전공(핵심),농업생명과학대학 식물자원학과,,,GRADE,가상강의(보조강의)
작물육종학및실습,전공(핵심),농업생명과학대학 식물자원학과,"월14:00~16:00(농1218), 수14:00~16:00(농1218)",이성우,GRADE,가상강의(보조강의)
전작실습,전공(심화),농업생명과학대학 식물자원학과,수12:00~14:00(농장),조진웅,GRADE,가상강의(보조강의)
세포생물학,전공(심화),농업생명과학대학 식물자원학과,"월16:00~17:00(농1218), 화14:00~16:00(농1218)",이성우,GRADE,가상강의(보조강의)
식용작물학2,전공(핵심),농업생명과학대학 식물자원학과,수09:00~12:00(농1218),조진웅,GRADE,가상강의(보조강의)
자원식물학,전공(핵심),농업생명과학대학 식물자원학과,월09:00~12:00(농1228),김창수,GRADE,가상강의(보조강의)
벼생산과학및실습,전공(핵심),농업생명과학대학 식물자원학과,"화16:00~18:00(농1409), 목13:00~15:00(농1409)",심규찬,GRADE,가상강의(보조강의)
사료작물학,전공(심화),농업생명과학대학 식물자원학과,화09:00~12:00(농1218),장영미,GRADE,가상강의(보조강의)
생명공학과 육종,전공(심화),농업생명과학대학 식물자원학과,"월13:00~15:00(농1409), 수10:00~11:00(농1409)",심규찬,GRADE,가상강의(보조강의)
미래설계상담3,전공(기초),농업생명과학대학 동물자원과학부,,허정민,PASS/FAIL,가상강의(보조강의)
유생물화학 및 실험,전공(기초),농업생명과학대학 동물자원과학부,"목09:00~11:00(농2401), 목11:00~13:00(농2401)",,GRADE,가상강의(보조강의)
동물번식학,전공(핵심),농업생명과학대학 동물자원과학부,"화09:00~10:00(농2401), 수10:00~12:00(농2401)",최인철,GRADE,가상강의(보조강의)
동물분자유전학및실습,전공(심화),농업생명과학대학 동물자원과학부,"월10:00~12:00(농2320), 화10:00~12:00(농2320)",이준헌,GRADE,가상강의(보조강의)
생물정보분석 및 실습,전공(핵심),농업생명과학대학 동물자원과학부,"월14:00~16:00(농1309), 수14:00~16:00(농1309)",임다정,GRADE,가상강의(보조강의)
축산식품 및 사료 위생학,전공(심화),농업생명과학대학 동물자원과학부,"화12:00~13:00(농2401), 수12:00~14:00(농2401)",용해인,GRADE,가상강의(보조강의)
동물생리학,전공(기초),농업생명과학대학 동물자원과학부,화13:00~16:00(농2202),김민규,GRADE,가상강의(보조강의)
미래설계상담5,전공(기초),농업생명과학대학 동물자원과학부,,,PASS/FAIL,가상강의(보조강의)
가축육종학 및 실습,전공(핵심),농업생명과학대학 동물자원과학부,"월14:00~16:00(농2202), 수16:00~18:00(농2202)",이승환,GRADE,가상강의(보조강의)
식육과학,전공(핵심),농업생명과학대학 동물자원과학부,"화11:00~13:00(농2202), 수11:00~12:00(농2202)",정사무엘,GRADE,가상강의(보조강의)
사료학,전공(핵심),농업생명과학대학 동물자원과학부,"화09:00~11:00(농2202), 수09:00~10:00(농2202)",허정민,GRADE,가상강의(보조강의)
반추동물영양생리학실험,전공(심화),농업생명과학대학 동물자원과학부,목08:00~14:00(농2403),서성원,GRADE,가상강의(보조강의)
유식품가공학및실습,전공(심화),농업생명과학대학 동물자원과학부,"월10:00~12:00(농2402), 화09:00~11:00(농2402)",,GRADE,가상강의(보조강의)
동물바이오 빅데이터 활용,전공(심화),농업생명과학대학 동물자원과학부,"화14:00~16:00(농2403), 수10:00~11:00(농2403)",임다정,GRADE,가상강의(보조강의)
농업교수법 및 평가,전공(심화),농업생명과학대학 동물자원과학부,월16:00~18:00(농2320),함지연,GRADE,가상강의(보조강의)
동물질병학및실습,전공(심화),농업생명과학대학 동물자원과학부,"수09:00~11:00(농2320), 수11:00~13:00(농2320)",김민규,GRADE,가상강의(보조강의)
최신동물자원개발학,전공(심화),농업생명과학대학 동물자원과학부,"월10:00~12:00(농2101), 화13:00~14:00(농2101)",함지연,GRADE,가상강의(보조강의)
동물자원과학캡스톤디자인1,전공(심화),농업생명과학대학 동물자원과학부,화18:00~22:00(농2320),허정민,GRADE,가상강의(보조강의)
동물시설환경학,전공(심화),농업생명과학대학 동물자원과학부,"월12:00~13:00(농2403), 화10:00~12:00(농2403)",안희권,GRADE,가상강의(보조강의)
동물유전체육종학,전공(심화),농업생명과학대학 동물자원과학부,화14:00~17:00(농2320),이승환,GRADE,가상강의(보조강의)
미생물 대사의 이해,전공(심화),농업생명과학대학 동물자원과학부,"화09:00~10:00(농2320), 수14:00~16:00(농2320)",용해인,GRADE,가상강의(보조강의)
미래설계상담3,전공(기초),농업생명과학대학 산림환경자원학과,,이중구,PASS/FAIL,가상강의(보조강의)
산림토양학및실습,전공(핵심),농업생명과학대학 산림환경자원학과,"월10:00~12:00(농1107-2), 월13:00~15:00(농1107-2)",이동현,GRADE,가상강의(보조강의)
식물분류학 및 실습,전공(기초),농업생명과학대학 산림환경자원학과,"화13:00~15:00(농1107-2), 화15:00~16:00(농1107-2), 수11:00~12:00(농1107-2)",이중구,GRADE,가상강의(보조강의)
수목생리학및실습,전공(기초),농업생명과학대학 산림환경자원학과,"화10:00~12:00(농1107-2), 수14:00~16:00(농1107-2)",박병배,GRADE,가상강의(보조강의)
숲치유론및실습,전공(핵심),농업생명과학대학 산림환경자원학과,"금12:00~14:00(농1107-2), 금14:00~16:00(농1107-2)",김건우,GRADE,가상강의(보조강의)
산림자원경영학및실습,전공(심화),농업생명과학대학 산림환경자원학과,"금10:00~12:00(농1107-2), 금13:00~15:00(농1309)",정왕기,GRADE,가상강의(보조강의)
조경수목배식학및설계,전공(심화),농업생명과학대학 산림환경자원학과,"목13:00~15:00(농1128), 목15:00~17:00(농1128)",김대현,GRADE,가상강의(보조강의)
임업기계와목재수확론및실습,전공(핵심),농업생명과학대학 산림환경자원학과,"화10:00~12:00(농1128), 목10:00~12:00(농1128)",이준우,GRADE,가상강의(보조강의)
환경영향평가론,전공(핵심),농업생명과학대학 산림환경자원학과,"월10:00~12:00(농1128), 화13:00~14:00(농1128)",최재용,GRADE,가상강의(보조강의)
산림환경생태학및실습,전공(핵심),농업생명과학대학 산림환경자원학과,"월14:00~16:00(농1128), 수10:00~12:00(농1128)",박병배,GRADE,가상강의(보조강의)
미래설계상담5,전공(기초),농업생명과학대학 산림환경자원학과,,이중구,PASS/FAIL,가상강의(보조강의)
연습림실습,전공(심화),농업생명과학대학 산림환경자원학과,,이중구,GRADE,가상강의(보조강의)
산림토목학및실습,전공(심화),농업생명과학대학 산림환경자원학과,"월10:00~12:00(농1111), 수10:00~12:00(농1111)",이준우,GRADE,가상강의(보조강의)
조경수목학및실습,전공(심화),농업생명과학대학 산림환경자원학과,"월13:00~15:00(농1111), 월15:00~16:00(농1111), 수13:00~14:00(농1111)",이중구,GRADE,가상강의(보조강의)
캡스톤디자인2,전공(심화),농업생명과학대학 산림환경자원학과,"월09:00~10:00(농1111), 화10:00~12:00(농1111)",최재용,GRADE,가상강의(보조강의)
산림정책학개론및응용,전공(심화),농업생명과학대학 산림환경자원학과,화13:00~16:00(농1111),정왕기,GRADE,가상강의(보조강의)
수목관리및진료학,전공(심화),농업생명과학대학 산림환경자원학과,수14:00~17:00(농1128),이동현,GRADE,가상강의(보조강의)
공업수학,전공(심화),농업생명과학대학 환경소재공학과,"수14:00~16:00(농3113), 금11:00~12:00(농3113)",김현배,GRADE,가상강의(보조강의)
열역학,전공(기초),농업생명과학대학 환경소재공학과,"화13:00~15:00(농3113), 수13:00~14:00(농3113)",이정훈,GRADE,가상강의(보조강의)
목재물리학및실험,전공(기초),농업생명과학대학 환경소재공학과,"수09:00~11:00(농3113), 금09:00~11:00(농3113)",강석구,GRADE,가상강의(보조강의)
에코소재유기화학,전공(심화),농업생명과학대학 환경소재공학과,"월15:00~16:00(농3113), 화15:00~17:00(농3113)",한정수,GRADE,가상강의(보조강의)
융합푸드소재분석개론,전공(심화),농업생명과학대학 환경소재공학과,"월13:00~15:00(농3113), 목13:00~14:00(농3113)",성용주,GRADE,가상강의(보조강의)
미래설계상담3,전공(기초),농업생명과학대학 환경소재공학과,,성용주,PASS/FAIL,가상강의(보조강의)
제지학 및 캡스톤디자인,전공(심화),농업생명과학대학 환경소재공학과,"월16:00~18:00(농3113), 목09:00~11:00(농3113)",성용주,GRADE,가상강의(보조강의)
복합재료공정론 및 캡스톤디자인,전공(핵심),농업생명과학대학 환경소재공학과,"수11:00~13:00(농3113), 목11:00~13:00(농3113)",강석구,GRADE,가상강의(보조강의)
목구조설계 및 실습,전공(핵심),농업생명과학대학 환경소재공학과,"수16:00~18:00(농3113), 목16:00~18:00(농3113)",김현배,GRADE,가상강의(보조강의)
투습저항분석 캡스톤디자인,전공(핵심),농업생명과학대학 환경소재공학과,"월18:00~20:00(농3113), 화18:00~20:00(농3113)",이정훈,GRADE,가상강의(보조강의)
셀룰로오스 섬유공정 및 실험,전공(핵심),농업생명과학대학 환경소재공학과,"월11:00~13:00(농3113), 화09:00~11:00(농3113)",한정수,GRADE,가상강의(보조강의)
미래설계상담5,전공(기초),농업생명과학대학 환경소재공학과,,성용주,PASS/FAIL,가상강의(보조강의)
실내주거환경분석과학,전공(심화),농업생명과학대학 환경소재공학과,"월09:00~11:00(농3113), 화17:00~18:00(농3113)",이정훈,GRADE,가상강의(보조강의)
종이물성론 및 캡스톤디자인,전공(심화),농업생명과학대학 환경소재공학과,"화11:00~13:00(농3113), 목14:00~16:00(농3113)",한정수,GRADE,가상강의(보조강의)
목재보존학 및 캡스톤디자인,전공(심화),농업생명과학대학 환경소재공학과,"금13:00~15:00(농3113), 금15:00~17:00(농3113)",윤선미,GRADE,가상강의(보조강의)
순환자원소재공학,전공(심화),농업생명과학대학 환경소재공학과,"수18:00~20:00(농3113), 목18:00~19:00(농3113)",성용주,GRADE,가상강의(보조강의)
미래설계상담1,전공(기초),농업생명과학대학 응용생물학과,,임현섭,PASS/FAIL,
미래설계상담3,전공(기초),농업생명과학대학 응용생물학과,,성건묵,PASS/FAIL,가상강의(보조강의)
분자생물학,전공(기초),농업생명과학대학 응용생물학과,"월10:00~12:00(농1408), 수10:00~11:00(농1408)",임현섭,GRADE,가상강의(보조강의)
미생물학개론,전공(심화),농업생명과학대학 응용생물학과,화10:00~13:00(농1403),민지영,GRADE,가상강의(보조강의)
식물병리학,전공(기초),농업생명과학대학 응용생물학과,"화16:00~18:00(농1408), 수15:00~16:00(농1408)",오상근,GRADE,가상강의(보조강의)
곤충분류및실험,전공(기초),농업생명과학대학 응용생물학과,"월13:00~15:00(농1408), 화14:00~16:00(농1408)",정성훈,GRADE,가상강의(보조강의)
식물의학,전공(심화),농업생명과학대학 응용생물학과,"월15:00~17:00(농1408), 수11:00~12:00(농1408)",오상근,GRADE,가상강의(보조강의)
미래설계상담5,전공(기초),농업생명과학대학 응용생물학과,,위준,PASS/FAIL,가상강의(보조강의)
곤충생태학,전공(핵심),농업생명과학대학 응용생물학과,"월15:00~17:00(농1403), 수13:00~14:00(농1408)",위준,GRADE,가상강의(보조강의)
균생물학,전공(심화),농업생명과학대학 응용생물학과,,,GRADE,가상강의(보조강의)
식물바이러스병학및실험,전공(핵심),농업생명과학대학 응용생물학과,"화14:00~16:00(농1403), 수15:00~17:00(농1403)",임현섭,GRADE,가상강의(보조강의)
분자진단곤충학,전공(심화),농업생명과학대학 응용생물학과,"화16:00~18:00(농1403), 수14:00~15:00(농1408)",정성훈,GRADE,가상강의(보조강의)
종합적해충방제학,전공(심화),농업생명과학대학 응용생물학과,"월14:00~15:00(농1403), 수15:00~17:00(농1410)",성건묵,GRADE,가상강의(보조강의)
천적학,전공(심화),농업생명과학대학 응용생물학과,"화10:00~12:00(농1410), 수14:00~15:00(농1410)",위준,GRADE,가상강의(보조강의)
스마트양봉학,전공(심화),농업생명과학대학 응용생물학과,"화14:00~15:00(농1410), 목10:00~12:00(농1408)",성건묵,GRADE,가상강의(보조강의)
친환경농업미생물학,전공(심화),농업생명과학대학 응용생물학과,,,GRADE,가상강의(보조강의)
미래설계상담1,전공(기초),농업생명과학대학 생물환경화학과,,이기범,PASS/FAIL,
기후변화와 식물환경,전공(핵심),농업생명과학대학 생물환경화학과,수09:00~12:00(농3408),이기범,GRADE,가상강의(보조강의)
대학생활과 진로설계,교양(소양필수),농업생명과학대학 생물환경화학과,화09:00~10:00(농3406),오택근,GRADE,가상강의(보조강의)
미래설계상담3,전공(기초),농업생명과학대학 생물환경화학과,,이기범,PASS/FAIL,
토양학,전공(기초),농업생명과학대학 생물환경화학과,월09:00~12:00(농3406),김성철,GRADE,가상강의(보조강의)
토양환경미생물학,전공(핵심),농업생명과학대학 생물환경화학과,"월14:00~16:00(농3406), 수14:00~15:00(농3406)",이상민,GRADE,가상강의(보조강의)
유기화학,전공(기초),농업생명과학대학 생물환경화학과,화14:00~17:00(농3406),황정인,GRADE,가상강의(보조강의)
식물환경생리학,전공(핵심),농업생명과학대학 생물환경화학과,수09:00~12:00(농2404),,GRADE,가상강의(보조강의)
미래설계상담5,전공(기초),농업생명과학대학 생물환경화학과,,이기범,PASS/FAIL,
대사생화학,전공(심화),농업생명과학대학 생물환경화학과,"월16:00~17:00(농3406), 수15:00~17:00(농3406)",이상민,GRADE,가상강의(보조강의)
생물독성학,전공(심화),농업생명과학대학 생물환경화학과,,,GRADE,가상강의(보조강의)
농약화학,전공(심화),농업생명과학대학 생물환경화학과,"화10:00~12:00(농3406), 수14:00~15:00(농3408)",임치환,GRADE,가상강의(보조강의)
천연물화학,전공(핵심),농업생명과학대학 생물환경화학과,수09:00~12:00(농3406),임치환,GRADE,가상강의(보조강의)
환경화학분석실험,전공(심화),농업생명과학대학 생물환경화학과,"월12:00~16:00(농3301), 금17:00~19:00(농2404)",오택근,GRADE,가상강의(보조강의)
유기분석화학실습,전공(심화),농업생명과학대학 생물환경화학과,"목13:00~16:00(농3301), 금15:00~18:00(농3301)",황정인,GRADE,가상강의(보조강의)
식물분자생물학실험,전공(심화),농업생명과학대학 생물환경화학과,화14:00~20:00(404),이기범,GRADE,가상강의(보조강의)
환경독성화학,전공(심화),농업생명과학대학 생물환경화학과,화09:00~12:00(농3408),김성철,GRADE,가상강의(보조강의)
기후변화대응기술설계,전공(심화),농업생명과학대학 생물환경화학과,"월09:00~12:00(농3408), 월16:00~19:00(농3301)",오택근,GRADE,가상강의(보조강의)
미래설계상담1,전공(기초),농업생명과학대학 지역환경토목학과,,신현오,PASS/FAIL,가상강의(보조강의)
농업기상학,전공(심화),농업생명과학대학 지역환경토목학과,월15:00~18:00(농3117),송정헌,GRADE,가상강의(보조강의)
응용해석,전공(기초),농업생명과학대학 지역환경토목학과,"화10:00~12:00(농3117), 목14:00~15:00(농3117)",안현욱,GRADE,가상강의(보조강의)
생태공간계측기초 및 실습,전공(핵심),농업생명과학대학 지역환경토목학과,"수09:00~11:00(농3117), 수11:00~13:00(농3117)",김대식,GRADE,가상강의(보조강의)
재료역학 및 연습,전공(핵심),농업생명과학대학 지역환경토목학과,"화14:00~16:00(농3117), 화16:00~18:00(농3117)",신현오,GRADE,가상강의(보조강의)
미래설계상담3,전공(기초),농업생명과학대학 지역환경토목학과,,,PASS/FAIL,가상강의(보조강의)
응용역학 및 연습,전공(핵심),농업생명과학대학 지역환경토목학과,"월10:00~12:00(농2219), 수10:00~12:00(농2219)",하태환,GRADE,가상강의(보조강의)
응용지반공학 및 실험,전공(심화),농업생명과학대학 지역환경토목학과,"수13:00~15:00(농2219), 수15:00~17:00(농2219)",이달원,GRADE,가상강의(보조강의)
지역환경공학및실험,전공(심화),농업생명과학대학 지역환경토목학과,"화13:00~15:00(농2219), 목10:00~12:00(농2219)",안현욱,GRADE,가상강의(보조강의)
콘크리트구조설계및연습,전공(심화),농업생명과학대학 지역환경토목학과,"월14:00~16:00(농2219), 월16:00~18:00(농2219)",신현오,GRADE,가상강의(보조강의)
지역환경수문학,전공(핵심),농업생명과학대학 지역환경토목학과,화10:00~13:00(농2219),송정헌,GRADE,가상강의(보조강의)
미래설계상담5,전공(기초),농업생명과학대학 지역환경토목학과,,신현오,PASS/FAIL,가상강의(보조강의)
농촌도로시스템공학,전공(심화),농업생명과학대학 지역환경토목학과,목13:00~16:00(농2219),이달원,GRADE,가상강의(보조강의)
농촌환경정비공학및연습,전공(심화),농업생명과학대학 지역환경토목학과,"월09:00~11:00(농3117), 월11:00~13:00(농3117)",김대식,GRADE,가상강의(보조강의)
농업수자원 설계 실무,전공(심화),농업생명과학대학 지역환경토목학과,수13:00~16:00(농3117),송정헌,GRADE,가상강의(보조강의)
스마트팜 에너지 공학,전공(심화),농업생명과학대학 지역환경토목학과,"월13:30~15:00(농3117), 목10:00~11:30(농1309)",하태환,GRADE,가상강의(보조강의)
미래설계상담1,전공(기초),농업생명과학대학 바이오시스템기계공학과,,이대현,PASS/FAIL,가상강의(보조강의)
응용수학,전공(심화),농업생명과학대학 바이오시스템기계공학과,"월15:00~16:00(농2205), 수14:00~16:00(농2205)",이왕희,GRADE,가상강의(보조강의)
컴퓨터응용기계제도,전공(핵심),농업생명과학대학 바이오시스템기계공학과,"목09:00~11:00(농2118), 목11:00~13:00(농2118)",손철민,GRADE,가상강의(보조강의)
바이오시스템역학,전공(핵심),농업생명과학대학 바이오시스템기계공학과,"화13:00~14:00(농2205), 목13:00~15:00(농2205)",이대현,GRADE,가상강의(보조강의)
바이오시스템 인공지능 개론,전공(심화),농업생명과학대학 바이오시스템기계공학과,"월12:00~14:00(농2205), 수10:00~11:00(농2205)",정선옥,GRADE,가상강의(보조강의)
스마트농업시스템컴퓨터응용,전공(심화),농업생명과학대학 바이오시스템기계공학과,"화16:00~18:00(농2118), 수16:00~17:00(농2118)",이대현,GRADE,가상강의(보조강의)
노지 스마트 정밀농업,전공(심화),농업생명과학대학 바이오시스템기계공학과,"월11:00~12:00(농2203), 수11:00~13:00(농2205)",정선옥,GRADE,가상강의(보조강의)
스마트농업 열역학,전공(핵심),농업생명과학대학 바이오시스템기계공학과,"월14:00~15:00(농2203), 화14:00~16:00(농2203)",이승현,GRADE,가상강의(보조강의)
미래설계상담3,전공(기초),농업생명과학대학 바이오시스템기계공학과,,이대현,PASS/FAIL,가상강의(보조강의)
농업교육론,전공(심화),농업생명과학대학 바이오시스템기계공학과,목16:00~18:00(농2205),이대현,GRADE,가상강의(보조강의)
기구학,전공(핵심),농업생명과학대학 바이오시스템기계공학과,"월09:00~11:00(농2205), 수09:00~10:00(농2203)",정선옥,GRADE,가상강의(보조강의)
생산제조공학,전공(심화),농업생명과학대학 바이오시스템기계공학과,화09:00~12:00(농2203),이영희,GRADE,가상강의(보조강의)
마이크로프로세서응용,전공(심화),농업생명과학대학 바이오시스템기계공학과,월14:00~17:00(농2118),조병관,GRADE,가상강의(보조강의)
바이오시스템기계요소설계,전공(핵심),농업생명과학대학 바이오시스템기계공학과,"화16:00~18:00(농2205), 목16:00~17:00(농2118)",백승민,GRADE,가상강의(보조강의)
스마트농업 열전달,전공(핵심),농업생명과학대학 바이오시스템기계공학과,"화14:00~16:00(농2205), 목10:00~11:00(농2205)",이왕희,GRADE,가상강의(보조강의)
미래설계상담5,전공(기초),농업생명과학대학 바이오시스템기계공학과,,이대현,PASS/FAIL,가상강의(보조강의)
바이오시스템공정공학,전공(심화),농업생명과학대학 바이오시스템기계공학과,"월11:00~12:00(농2205), 화10:00~12:00(농2205)",조병관,GRADE,가상강의(보조강의)
정밀농업기계공학,전공(심화),농업생명과학대학 바이오시스템기계공학과,"월09:00~11:00(농2203), 수13:00~14:00(농2203)",이규호,GRADE,가상강의(보조강의)
응용유체기계,전공(심화),농업생명과학대학 바이오시스템기계공학과,"수09:00~10:00(농2205), 목09:00~11:00(농2203)",김용주,GRADE,가상강의(보조강의)
지능형 바이오시스템,전공(심화),농업생명과학대학 바이오시스템기계공학과,"수14:00~16:00(농2203), 목15:00~16:00(농2205)",이대현,GRADE,가상강의(보조강의)
주제탐구세미나(농생명),교양(소양필수),농업생명과학대학 농생명융합학부,월09:00~12:00(농1101),박종석,GRADE,가상강의(보조강의)
주제탐구세미나(농생명),교양(소양필수),농업생명과학대학 농생명융합학부,월09:00~12:00(농1102),허정민,GRADE,가상강의(보조강의)
미래설계상담1,전공(기초),약학대학 약학과(6),,김형민,PASS/FAIL,가상강의(보조강의)
약학생물학1,전공(기초),약학대학 약학과(6),월15:00~17:00(약121),박상민,GRADE,가상강의(보조강의)
약학일반화학1,전공(기초),약학대학 약학과(6),수10:00~12:00(약121),이석우,GRADE,가상강의(보조강의)
약학개론,전공(기초),약학대학 약학과(6),금13:00~15:00(약121),정길생,GRADE,가상강의(보조강의)
대학생활과 진로설계,교양(소양필수),약학대학 약학과(6),월14:00~15:00(약121),김형민,GRADE,가상강의(보조강의)
미래설계상담3,전공(기초),약학대학 약학과(6),,김형민,PASS/FAIL,가상강의(보조강의)
데이터사이언스,전공(기초),약학대학 약학과(6),화13:00~15:00(약121),양보람,GRADE,가상강의(보조강의)
약유기화학1,전공(기초),약학대학 약학과(6),월10:00~12:00(약121),이석우,GRADE,가상강의(보조강의)
인체생리학1,전공(기초),약학대학 약학과(6),수13:00~15:00(약121),우선희,GRADE,가상강의(보조강의)
기초분석약학,전공(기초),약학대학 약학과(6),목13:00~15:00(약121),김형민,GRADE,가상강의(보조강의)
약학연구개론1,전공(핵심),약학대학 약학과(6),금10:00~12:00(약121),박상민,GRADE,가상강의(보조강의)
미래설계상담5,전공(기초),약학대학 약학과(6),,김형민,PASS/FAIL,가상강의(보조강의)
의약품합성학1,전공(핵심),약학대학 약학과(6),"월15:00~17:00(약220), 수09:00~10:00(약220)",박요한,GRADE,가상강의(보조강의)
병태생리학1,전공(핵심),약학대학 약학과(6),"화09:00~10:00(약220), 목10:00~12:00(약220)",우선희,GRADE,가상강의(보조강의)
약품미생물학및면역학1,전공(핵심),약학대학 약학과(6),"월10:00~12:00(약220), 목09:00~10:00(약220)",정한영,GRADE,가상강의(보조강의)
약학이론실습2,전공(핵심),약학대학 약학과(6),화15:00~19:00(약214),김형민,GRADE,가상강의(보조강의)
약학이론실습2,전공(핵심),약학대학 약학과(6),화15:00~19:00(약414),김형민,GRADE,가상강의(보조강의)
의약품분석학2,전공(핵심),약학대학 약학과(6),화10:00~12:00(약220),김형민,GRADE,가상강의(보조강의)
물리약학2,전공(핵심),약학대학 약학과(6),수15:00~17:00(약220),박정숙,GRADE,가상강의(보조강의)
약품생화학2,전공(핵심),약학대학 약학과(6),목17:00~19:00(약220),이승진,GRADE,가상강의(보조강의)
보건학,전공(심화),약학대학 약학과(6),월13:00~15:00(약220),정혜광,GRADE,가상강의(보조강의)
약용식물학,전공(심화),약학대학 약학과(6),수13:00~15:00(약초원관리동201),정길생,GRADE,가상강의(보조강의)
약물표적세포학,전공(심화),약학대학 약학과(6),수10:00~12:00(약220),허경선,GRADE,가상강의(보조강의)
약물역학개론,전공(심화),약학대학 약학과(6),목13:00~15:00(약220),양보람,GRADE,가상강의(보조강의)
생약학총론,전공(심화),약학대학 약학과(6),목15:00~17:00(약220),나민균,GRADE,가상강의(보조강의)
약품분자생물학,전공(심화),약학대학 약학과(6),화13:00~15:00(약220),정한영,GRADE,가상강의(보조강의)
미래설계상담7,전공(기초),약학대학 약학과(6),,김형민,PASS/FAIL,가상강의(보조강의)
약리학1,전공(핵심),약학대학 약학과(6),"화13:00~15:00(약221), 목09:00~10:00(약221)",명창선,GRADE,가상강의(보조강의)
예방약학 1,전공(핵심),약학대학 약학과(6),"수13:00~15:00(약221), 금09:00~10:00(약221)",김상겸,GRADE,가상강의(보조강의)
약학이론실습4,전공(핵심),약학대학 약학과(6),목15:00~19:00(약414),박요한,GRADE,가상강의(보조강의)
약학이론실습4,전공(핵심),약학대학 약학과(6),목15:00~19:00(약415),박요한,GRADE,가상강의(보조강의)
약제학2,전공(핵심),약학대학 약학과(6),월10:00~12:00(약118),나영국,GRADE,가상강의(보조강의)
신경정신약리학,전공(심화),약학대학 약학과(6),화15:00~17:00(약221),허경선,GRADE,가상강의(보조강의)
분광분석법,전공(심화),약학대학 약학과(6),금13:00~15:00(약221),김형민,GRADE,가상강의(보조강의)
의약품소프트웨어특허분석법,전공(심화),약학대학 약학과(6),금15:00~17:00(약118),나영국,GRADE,가상강의(보조강의)
제약바이오벤처창업론,전공(심화),약학대학 약학과(6),화17:00~19:00(약221),신영근,GRADE,가상강의(보조강의)
면역약품학,전공(심화),약학대학 약학과(6),목13:00~15:00(약416),황인규,GRADE,가상강의(보조강의)
줄기세포와재생치료론,전공(심화),약학대학 약학과(6),수15:00~17:00(약221),우선희,GRADE,가상강의(보조강의)
천연물약품학,전공(심화),약학대학 약학과(6),화11:00~13:00(약221),정길생,GRADE,가상강의(보조강의)
심화생약학,전공(심화),약학대학 약학과(6),월13:00~15:00(약118),정길생,GRADE,가상강의(보조강의)
의약화학2,전공(심화),약학대학 약학과(6),금10:00~12:00(약221),박요한,GRADE,가상강의(보조강의)
의약유전체학,전공(심화),약학대학 약학과(6),목10:00~12:00(약216),이승진,GRADE,가상강의(보조강의)
전공심화실습2,전공(심화),약학대학 약학과(6),월15:00~19:00(약216),허경선,GRADE,가상강의(보조강의)
임상약물동태학,전공(심화),약학대학 약학과(6),화09:00~11:00(약221),채정우,GRADE,가상강의(보조강의)
무기및방사성의약품학,전공(심화),약학대학 약학과(6),수11:00~13:00(약221),송규용,GRADE,가상강의(보조강의)
미래설계상담5,전공(기초),약학대학 약학과,,김형민,PASS/FAIL,가상강의(보조강의)
약물치료학Ⅰ,전공(핵심),약학대학 약학과,화13:00~15:00(약120),이승진,GRADE,가상강의(보조강의)
약물치료학Ⅱ,전공(핵심),약학대학 약학과,금15:00~17:00(약221),채정우,GRADE,가상강의(보조강의)
약물치료학Ⅲ,전공(핵심),약학대학 약학과,월10:00~12:00(약221),윤휘열,GRADE,가상강의(보조강의)
사회약학Ⅰ,전공(핵심),약학대학 약학과,금13:00~15:00(약220),양보람,GRADE,가상강의(보조강의)
약학이론실습Ⅷ,전공(핵심),약학대학 약학과,목15:00~19:00(약214),나영국,GRADE,가상강의(보조강의)
약학이론실습Ⅷ,전공(핵심),약학대학 약학과,목15:00~19:00(약215),나영국,GRADE,가상강의(보조강의)
약학이론실습Ⅸ,전공(핵심),약학대학 약학과,월13:00~17:00(약318),우선희,GRADE,가상강의(보조강의)
약학이론실습Ⅸ,전공(핵심),약학대학 약학과,월13:00~17:00(약105),신영근,GRADE,가상강의(보조강의)
의약품제조품질관리Ⅱ,전공(핵심),약학대학 약학과,"수13:00~15:00(약120), 목09:00~10:00(약120)",김형민,GRADE,가상강의(보조강의)
분자독성학,전공(심화),약학대학 약학과,수15:00~17:00(약120),김상겸,GRADE,가상강의(보조강의)
약전,전공(심화),약학대학 약학과,목10:00~12:00(약120),나영국,GRADE,가상강의(보조강의)
제제설계학(조제학),전공(심화),약학대학 약학과,목13:00~15:00(약120),나영국,GRADE,가상강의(보조강의)
질환별증상 및 약물치료,전공(심화),약학대학 약학과,화10:00~12:00(약120),이소영,GRADE,가상강의(보조강의)
본초학,전공(심화),약학대학 약학과,수10:00~12:00(약120),나민균,GRADE,가상강의(보조강의)
의약품소프트웨어 특허분석법,전공(심화),약학대학 약학과,금17:00~19:00(약118),나영국,GRADE,가상강의(보조강의)
약사커뮤니케이션,전공(심화),약학대학 약학과,"화15:00~16:00(약120), 화16:00~18:00(약120)",윤휘열,GRADE,가상강의(보조강의)
필수실무실습(지역약국-1),전공(핵심),약학대학 약학과,,김형민,GRADE,가상강의(보조강의)
필수실무실습(지역약국-1),전공(핵심),약학대학 약학과,,윤휘열,GRADE,가상강의(보조강의)
필수실무실습(지역약국-1),전공(핵심),약학대학 약학과,,채정우,GRADE,가상강의(보조강의)
필수실무실습(지역약국-1),전공(핵심),약학대학 약학과,,이석우,GRADE,가상강의(보조강의)
필수실무실습(지역약국-2),전공(핵심),약학대학 약학과,,김형민,GRADE,가상강의(보조강의)
필수실무실습(지역약국-2),전공(핵심),약학대학 약학과,,윤휘열,GRADE,가상강의(보조강의)
필수실무실습(지역약국-2),전공(핵심),약학대학 약학과,,채정우,GRADE,가상강의(보조강의)
필수실무실습(지역약국-2),전공(핵심),약학대학 약학과,,이석우,GRADE,가상강의(보조강의)
필수실무실습(의료기관약국-1),전공(핵심),약학대학 약학과,,김형민,GRADE,가상강의(보조강의)
필수실무실습(의료기관약국-1),전공(핵심),약학대학 약학과,,윤휘열,GRADE,가상강의(보조강의)
필수실무실습(의료기관약국-1),전공(핵심),약학대학 약학과,,채정우,GRADE,가상강의(보조강의)
필수실무실습(의료기관약국-1),전공(핵심),약학대학 약학과,,이석우,GRADE,가상강의(보조강의)
필수실무실습(의료기관약국-2),전공(핵심),약학대학 약학과,,김형민,GRADE,가상강의(보조강의)
필수실무실습(의료기관약국-2),전공(핵심),약학대학 약학과,,윤휘열,GRADE,가상강의(보조강의)
필수실무실습(의료기관약국-2),전공(핵심),약학대학 약학과,,채정우,GRADE,가상강의(보조강의)
필수실무실습(의료기관약국-2),전공(핵심),약학대학 약학과,,이석우,GRADE,가상강의(보조강의)
필수실무실습(의료기관약국-3),전공(핵심),약학대학 약학과,,김형민,GRADE,가상강의(보조강의)
필수실무실습(의료기관약국-3),전공(핵심),약학대학 약학과,,윤휘열,GRADE,가상강의(보조강의)
필수실무실습(의료기관약국-3),전공(핵심),약학대학 약학과,,채정우,GRADE,가상강의(보조강의)
필수실무실습(의료기관약국-3),전공(핵심),약학대학 약학과,,이석우,GRADE,가상강의(보조강의)
필수실무실습(의료기관약국-4),전공(핵심),약학대학 약학과,,김형민,GRADE,가상강의(보조강의)
필수실무실습(의료기관약국-4),전공(핵심),약학대학 약학과,,윤휘열,GRADE,가상강의(보조강의)
필수실무실습(의료기관약국-4),전공(핵심),약학대학 약학과,,채정우,GRADE,가상강의(보조강의)
필수실무실습(의료기관약국-4),전공(핵심),약학대학 약학과,,이석우,GRADE,가상강의(보조강의)
필수실무실습(의료기관약국-5),전공(핵심),약학대학 약학과,,김형민,GRADE,가상강의(보조강의)
필수실무실습(의료기관약국-5),전공(핵심),약학대학 약학과,,윤휘열,GRADE,가상강의(보조강의)
필수실무실습(의료기관약국-5),전공(핵심),약학대학 약학과,,채정우,GRADE,가상강의(보조강의)
필수실무실습(의료기관약국-5),전공(핵심),약학대학 약학과,,이석우,GRADE,가상강의(보조강의)
미래설계상담 1,전공(기초),의과대학 의학과,,정우석,PASS/FAIL,가상강의(보조강의)
인문사회의학 3-의료와 인간,전공(기초),의과대학 의학과,"월09:00~10:00(의행101호), 월10:00~11:00(의행101호), 월11:00~12:00(의행101호), 월14:00~15:00(의행101호), 월15:00~16:00(의행101호), 월16:00~17:00(의행101호), 월17:00~18:00(의행101호), 화09:00~10:00(의행101호), 화10:00~11:00(의행101호), 화11:00~12:00(의행101호), 화12:00~13:00(의행101호), 화14:00~15:00(의행101호), 화15:00~16:00(의행101호), 화16:00~17:00(의행101호), 화17:00~18:00(의행101호), 수09:00~10:00(의행101호), 수13:00~14:00(의행101호), 수14:00~15:00(의행101호), 수15:00~16:00(의행101호), 수16:00~17:00(의행101호), 수17:00~18:00(의행101호), 목09:00~10:00(의행101호), 목10:00~11:00(의행101호), 목11:00~12:00(의행101호), 목12:00~13:00(의행101호), 목14:00~15:00(의행101호), 목15:00~16:00(의행101호), 목16:00~17:00(의행101호), 목17:00~18:00(의행101호), 금09:00~10:00(의행101호), 금10:00~11:00(의행101호), 금14:00~15:00(의행101호), 금15:00~16:00(의행101호), 금16:00~17:00(의행101호), 금17:00~18:00(의행101호)",이소영,GRADE,가상강의(보조강의)
내분비계의 구조와 기능,전공(기초),의과대학 의학과,"화09:00~10:00(의행101호), 화10:00~11:00(의행101호), 화11:00~12:00(의행101호), 화12:00~13:00(의행101호), 수09:00~10:00(의행101호), 수10:00~11:00(의행101호), 수11:00~12:00(의행101호), 수12:00~13:00(의행101호), 수14:00~15:00(의행101호), 수15:00~16:00(의행101호), 수16:00~17:00(의행101호), 수17:00~18:00(의행101호), 목09:00~10:00(의행101호), 목10:00~11:00(의행101호), 목11:00~12:00(의행101호), 목12:00~13:00(의행101호), 금09:00~10:00(의행101호), 금10:00~11:00(의행101호)",김형석,GRADE,가상강의(보조강의)
내분비계의 구조와 기능,전공(기초),의과대학 의학과,"화14:00~15:00(의행101호), 화15:00~16:00(의행101호), 화16:00~17:00(의행101호), 화17:00~18:00(의행101호)",김형석,GRADE,가상강의(보조강의)
호흡기계의 구조와 기능,전공(기초),의과대학 의학과,"월09:00~10:00(의행101호), 월10:00~11:00(의행101호), 화09:00~10:00(의행101호), 화10:00~11:00(의행101호), 화11:00~12:00(의행101호), 수09:00~10:00(의행101호), 수10:00~11:00(의행101호), 수14:00~15:00(의행101호), 수15:00~16:00(의행101호), 수16:00~17:00(의행101호), 수17:00~18:00(의행101호), 목09:00~10:00(의행101호), 목10:00~11:00(의행101호), 목16:00~17:00(의행101호), 목17:00~18:00(의행101호), 금09:00~10:00(의행101호), 금10:00~11:00(의행101호), 금14:00~15:00(의행101호), 금15:00~16:00(의행101호), 금16:00~17:00(의행101호), 금17:00~18:00(의행101호)",이상도,GRADE,가상강의(보조강의)
호흡기계의 구조와 기능,전공(기초),의과대학 의학과,"수14:00~15:00, 수15:00~16:00, 수16:00~17:00, 수17:00~18:00, 목14:00~15:00, 목15:00~16:00, 목16:00~17:00, 목17:00~18:00",이상도,GRADE,가상강의(보조강의)
심혈관계의 구조와 기능,전공(기초),의과대학 의학과,"월12:00~13:00(의행101호), 월13:00~14:00(의행101호), 월14:00~15:00(의행101호), 월15:00~16:00(의행101호), 화11:00~12:00(의행101호), 화12:00~13:00(의행101호), 화14:00~15:00(의행101호), 화15:00~16:00(의행101호), 화16:00~17:00(의행101호), 화17:00~18:00(의행101호), 수09:00~10:00(의행101호), 수10:00~11:00(의행101호), 수11:00~12:00(의행101호), 수12:00~13:00(의행101호), 목09:00~10:00(의행101호), 목10:00~11:00(의행101호), 목14:00~15:00(의행101호), 목15:00~16:00(의행101호), 목16:00~17:00(의행101호), 금11:00~12:00(의행101호), 금12:00~13:00(의행101호)",김수일,GRADE,가상강의(보조강의)
심혈관계의 구조와 기능,전공(기초),의과대학 의학과,"수14:00~15:00, 수15:00~16:00, 수16:00~17:00, 금14:00~15:00, 금15:00~16:00, 금16:00~17:00",김수일,GRADE,가상강의(보조강의)
소화기계의 구조와 기능,전공(기초),의과대학 의학과,"월10:00~11:00(의행101호), 월11:00~12:00(의행101호), 화09:00~10:00(의행101호), 화10:00~11:00(의행101호), 화11:00~12:00(의행101호), 화12:00~13:00(의행101호), 화16:00~17:00(의행101호), 화17:00~18:00(의행101호), 수09:00~10:00(의행101호), 수10:00~11:00(의행101호), 수14:00~15:00(의행101호), 수15:00~16:00(의행101호), 수16:00~17:00(의행101호), 수17:00~18:00(의행101호), 목09:00~10:00(의행101호), 목10:00~11:00(의행101호), 목11:00~12:00(의행101호), 목12:00~13:00(의행101호), 금09:00~10:00(의행101호), 금10:00~11:00(의행101호), 금11:00~12:00(의행101호), 금12:00~13:00(의행101호), 금14:00~15:00(의행101호), 금15:00~16:00(의행101호), 금16:00~17:00(의행101호), 금17:00~18:00(의행101호)",김수일,GRADE,가상강의(보조강의)
소화기계의 구조와 기능,전공(기초),의과대학 의학과,"목14:00~15:00, 목15:00~16:00, 목16:00~17:00, 목17:00~18:00",김수일,GRADE,가상강의(보조강의)
약물작용의 원리 1,전공(기초),의과대학 의학과,"월11:00~12:00(의행101호), 월12:00~13:00(의행101호), 화09:00~10:00(의행101호), 화10:00~11:00(의행101호), 화11:00~12:00(의행101호), 화12:00~13:00(의행101호), 수09:00~10:00(의행101호), 수10:00~11:00(의행101호), 수11:00~12:00(의행101호), 수12:00~13:00(의행101호), 목11:00~12:00(의행101호), 목12:00~13:00(의행101호), 목14:00~15:00(의행101호), 목15:00~16:00(의행101호), 목16:00~17:00(의행101호), 목17:00~18:00(의행101호), 금11:00~12:00(의행101호), 금12:00~13:00(의행101호), 금14:00~15:00(의행101호), 금15:00~16:00(의행101호), 금16:00~17:00(의행101호), 금17:00~18:00(의행101호)",홍장희,GRADE,가상강의(보조강의)
신경계의 구조와 기능,전공(기초),의과대학 의학과,"월09:00~10:00(의행101호), 월10:00~11:00(의행101호), 월11:00~12:00(의행101호), 월12:00~13:00(의행101호), 화09:00~10:00(의행101호), 화10:00~11:00(의행101호), 화11:00~12:00(의행101호), 화12:00~13:00(의행101호), 화14:00~15:00(의행101호), 화15:00~16:00(의행101호), 화16:00~17:00(의행101호), 화17:00~18:00(의행101호), 수09:00~10:00(의행101호), 수10:00~11:00(의행101호), 수11:00~12:00(의행101호), 수12:00~13:00(의행101호), 수14:00~15:00(의행101호), 수15:00~16:00(의행101호), 수16:00~17:00(의행101호), 수17:00~18:00(의행101호), 목09:00~10:00(의행101호), 목10:00~11:00(의행101호), 목14:00~15:00(의행101호), 목15:00~16:00(의행101호), 목16:00~17:00(의행101호), 목17:00~18:00(의행101호), 금09:00~10:00(의행101호), 금10:00~11:00(의행101호), 금11:00~12:00(의행101호), 금12:00~13:00(의행101호), 금14:00~15:00(의행101호), 금15:00~16:00(의행101호), 금16:00~17:00(의행101호), 금17:00~18:00(의행101호)",김현우,GRADE,가상강의(보조강의)
신경계의 구조와 기능,전공(기초),의과대학 의학과,"화14:00~15:00, 화15:00~16:00, 화16:00~17:00, 화17:00~18:00, 수14:00~15:00, 수15:00~16:00, 수16:00~17:00, 수17:00~18:00, 목14:00~15:00, 목15:00~16:00, 목16:00~17:00, 목17:00~18:00, 금14:00~15:00, 금15:00~16:00, 금16:00~17:00, 금17:00~18:00",김현우,GRADE,가상강의(보조강의)
숙주의 방어기전,전공(기초),의과대학 의학과,"월09:00~10:00(의행101호), 월10:00~11:00(의행101호), 월11:00~12:00(의행101호), 화09:00~10:00(의행101호), 화10:00~11:00(의행101호), 화11:00~12:00(의행101호), 화12:00~13:00(의행101호), 수09:00~10:00(의행101호), 수10:00~11:00(의행101호), 목09:00~10:00(의행101호), 목10:00~11:00(의행101호), 목11:00~12:00(의행101호), 목12:00~13:00(의행101호), 금09:00~10:00(의행101호), 금10:00~11:00(의행101호), 금11:00~12:00(의행101호), 금12:00~13:00(의행101호)",최철희,GRADE,가상강의(보조강의)
교외심화선택실습 1,전공(심화),의과대학 의학과,,이소영,PASS/FAIL,가상강의(보조강의)
교외심화선택실습 2,전공(심화),의과대학 의학과,,이소영,PASS/FAIL,가상강의(보조강의)
교외심화선택실습 3,전공(심화),의과대학 의학과,,이소영,PASS/FAIL,가상강의(보조강의)
교외심화선택실습 4,전공(심화),의과대학 의학과,,이소영,PASS/FAIL,가상강의(보조강의)
교외심화선택실습 5,전공(심화),의과대학 의학과,,이소영,PASS/FAIL,가상강의(보조강의)
교외심화선택실습 6,전공(심화),의과대학 의학과,,이소영,PASS/FAIL,가상강의(보조강의)
인체해부학총론2,전공(기초),의과대학 의학과,"월09:00~10:00(의행101호), 월10:00~11:00(의행101호), 월11:00~12:00(의행101호), 월12:00~13:00(의행101호), 월14:00~15:00(의행101호), 월15:00~16:00(의행101호), 월16:00~17:00(의행101호), 월17:00~18:00(의행101호), 화09:00~10:00(의행101호), 화10:00~11:00(의행101호), 화11:00~12:00(의행101호), 화12:00~13:00(의행101호), 화14:00~15:00(의행101호), 화15:00~16:00(의행101호), 화16:00~17:00(의행101호), 화17:00~18:00(의행101호), 수09:00~10:00(의행101호), 수10:00~11:00(의행101호), 수11:00~12:00(의행101호), 수12:00~13:00(의행101호), 수14:00~15:00(의행101호), 수15:00~16:00(의행101호), 수16:00~17:00(의행101호), 수17:00~18:00(의행101호), 목09:00~10:00(의행101호), 목10:00~11:00(의행101호), 목11:00~12:00(의행101호), 목12:00~13:00(의행101호), 목14:00~15:00(의행101호), 목15:00~16:00(의행101호), 목16:00~17:00(의행101호), 목17:00~18:00(의행101호), 금09:00~10:00(의행101호), 금10:00~11:00(의행101호), 금11:00~12:00(의행101호), 금12:00~13:00(의행101호), 금14:00~15:00(의행101호), 금15:00~16:00(의행101호), 금16:00~17:00(의행101호), 금17:00~18:00(의행101호)",김수일,GRADE,가상강의(보조강의)
인체해부학총론2,전공(기초),의과대학 의학과,"월14:00~15:00, 월15:00~16:00, 월16:00~17:00, 월17:00~18:00, 화14:00~15:00, 화15:00~16:00, 화16:00~17:00, 화17:00~18:00, 수14:00~15:00, 수15:00~16:00, 수16:00~17:00, 수17:00~18:00, 목14:00~15:00, 목15:00~16:00, 목16:00~17:00, 목17:00~18:00",김수일,GRADE,가상강의(보조강의)
비뇨생식기계의 구조와 기능,전공(기초),의과대학 의학과,"월09:00~10:00(의행101호), 월10:00~11:00(의행101호), 월11:00~12:00(의행101호), 월12:00~13:00(의행101호), 월14:00~15:00(의행101호), 월15:00~16:00(의행101호), 월16:00~17:00(의행101호), 월17:00~18:00(의행101호), 화09:00~10:00(의행101호), 화10:00~11:00(의행101호), 수09:00~10:00(의행101호), 수10:00~11:00(의행101호), 수11:00~12:00(의행101호), 수12:00~13:00(의행101호), 수14:00~15:00(의행101호), 수15:00~16:00(의행101호), 수16:00~17:00(의행101호), 수17:00~18:00(의행101호), 목11:00~12:00(의행101호), 목12:00~13:00(의행101호), 목14:00~15:00(의행101호), 목15:00~16:00(의행101호), 금09:00~10:00(의행101호), 금10:00~11:00(의행101호), 금11:00~12:00(의행101호), 금12:00~13:00(의행101호), 금14:00~15:00(의행101호), 금15:00~16:00(의행101호), 금16:00~17:00(의행101호), 금17:00~18:00(의행101호)",김수일,GRADE,가상강의(보조강의)
비뇨생식기계의 구조와 기능,전공(기초),의과대학 의학과,"화14:00~15:00, 화15:00~16:00, 화16:00~17:00, 화17:00~18:00, 목14:00~15:00, 목15:00~16:00, 목16:00~17:00, 목17:00~18:00, 금14:00~15:00, 금15:00~16:00",김수일,GRADE,가상강의(보조강의)
인체대사학,전공(기초),의과대학 의학과,"월10:00~11:00(의행101호), 월11:00~12:00(의행101호), 월12:00~13:00(의행101호), 월16:00~17:00(의행101호), 월17:00~18:00(의행101호), 화09:00~10:00(의행101호), 화10:00~11:00(의행101호), 화11:00~12:00(의행101호), 화12:00~13:00(의행101호), 수09:00~10:00(의행101호), 수10:00~11:00(의행101호), 수11:00~12:00(의행101호), 수12:00~13:00(의행101호), 수14:00~15:00(의행101호), 수15:00~16:00(의행101호), 수16:00~17:00(의행101호), 수17:00~18:00(의행101호), 목09:00~10:00(의행101호), 목10:00~11:00(의행101호), 목11:00~12:00(의행101호), 목12:00~13:00(의행101호), 목14:00~15:00(의행101호), 목15:00~16:00(의행101호), 목16:00~17:00(의행101호), 목17:00~18:00(의행101호), 금09:00~10:00(의행101호), 금10:00~11:00(의행101호), 금11:00~12:00(의행101호), 금12:00~13:00(의행101호)",김형석,GRADE,가상강의(보조강의)
인체대사학,전공(기초),의과대학 의학과,"목14:00~15:00, 목15:00~16:00, 목16:00~17:00, 목17:00~18:00, 금14:00~15:00, 금15:00~16:00, 금16:00~17:00, 금17:00~18:00",김형석,GRADE,가상강의(보조강의)
기초통합선택실습1,전공(심화),의과대학 의학과,,김수일,PASS/FAIL,가상강의(보조강의)
기초통합선택실습2,전공(심화),의과대학 의학과,,김수일,PASS/FAIL,가상강의(보조강의)
건강증진과 질병예방,교양(소양),의과대학 의학과,"화10:00~11:00(교111), 화11:00~12:00(교111), 화12:00~13:00(교111)",이주미,GRADE,가상강의(보조강의)
미래설계상담 3,전공(기초),의과대학 의학과,,은상준,PASS/FAIL,가상강의(보조강의)
인문사회의학 5-의료윤리,전공(기초),의과대학 의학과,"화09:00~10:00(의행201호), 화10:00~11:00(의행201호), 화11:00~12:00(의행201호), 화13:00~14:00(의행201호), 화14:00~15:00(의행201호), 화15:00~16:00(의행201호), 화16:00~17:00(의행201호), 수09:00~10:00(의행201호), 수10:00~11:00(의행201호), 수13:00~14:00(의행201호), 수14:00~15:00(의행201호), 목09:00~10:00(의행201호), 목10:00~11:00(의행201호), 목11:00~12:00(의행201호), 금09:00~10:00(의행201호), 금10:00~11:00(의행201호), 금11:00~12:00(의행201호)",김정란,GRADE,가상강의(보조강의)
임상표현과정 3-소화기 및 외과,전공(핵심),의과대학 의학과,"월09:00~10:00(의행201호), 월10:00~11:00(의행201호), 월11:00~12:00(의행201호), 월12:00~13:00(의행201호), 월13:00~14:00(의행201호), 월14:00~15:00(의행201호), 월15:00~16:00(의행201호), 월16:00~17:00(의행201호), 월17:00~18:00(의행201호), 화09:00~10:00(의행201호), 화10:00~11:00(의행201호), 화11:00~12:00(의행201호), 화12:00~13:00(의행201호), 화13:00~14:00(의행201호), 화14:00~15:00(의행201호), 화15:00~16:00(의행201호), 화16:00~17:00(의행201호), 수09:00~10:00(의행201호), 수10:00~11:00(의행201호), 수11:00~12:00(의행201호), 수12:00~13:00(의행201호), 수13:00~14:00(의행201호), 수14:00~15:00(의행201호), 수15:00~16:00(의행201호), 수16:00~17:00(의행201호), 목09:00~10:00(의행201호), 목10:00~11:00(의행201호), 목11:00~12:00(의행201호), 목12:00~13:00(의행201호), 목13:00~14:00(의행201호), 목14:00~15:00(의행201호), 목15:00~16:00(의행201호), 목16:00~17:00(의행201호), 금09:00~10:00(의행201호), 금10:00~11:00(의행201호), 금11:00~12:00(의행201호), 금12:00~13:00(의행201호), 금13:00~14:00(의행201호), 금14:00~15:00(의행201호), 금15:00~16:00(의행201호), 금16:00~17:00(의행201호), 금17:00~18:00(의행201호)",김주석,GRADE,가상강의(보조강의)
임상표현과정 4-생식 및 발달,전공(핵심),의과대학 의학과,"월09:00~10:00(의행201호), 월10:00~11:00(의행201호), 월11:00~12:00(의행201호), 월12:00~13:00(의행201호), 월14:00~15:00(의행201호), 월15:00~16:00(의행201호), 월16:00~17:00(의행201호), 월17:00~18:00(의행201호), 화09:00~10:00(의행201호), 화10:00~11:00(의행201호), 화11:00~12:00(의행201호), 화12:00~13:00(의행201호), 화13:00~14:00(의행201호), 화14:00~15:00(의행201호), 화15:00~16:00(의행201호), 화16:00~17:00(의행201호), 화17:00~18:00(의행201호), 수09:00~10:00(의행201호), 수10:00~11:00(의행201호), 수11:00~12:00(의행201호), 수12:00~13:00(의행201호), 수13:00~14:00(의행201호), 수14:00~15:00(의행201호), 수15:00~16:00(의행201호), 수16:00~17:00(의행201호), 수17:00~18:00(의행201호), 목09:00~10:00(의행201호), 목10:00~11:00(의행201호), 목11:00~12:00(의행201호), 목12:00~13:00(의행201호), 목13:00~14:00(의행201호), 목14:00~15:00(의행201호), 목15:00~16:00(의행201호), 목16:00~17:00(의행201호), 금09:00~10:00(의행201호), 금10:00~11:00(의행201호), 금11:00~12:00(의행201호), 금12:00~13:00(의행201호), 금14:00~15:00(의행201호), 금15:00~16:00(의행201호)",장미영,GRADE,가상강의(보조강의)
임상표현과정 5-혈액 및 감염,전공(핵심),의과대학 의학과,"월09:00~10:00(의행201호), 월10:00~11:00(의행201호), 월11:00~12:00(의행201호), 월12:00~13:00(의행201호), 월13:00~14:00(의행201호), 월14:00~15:00(의행201호), 월15:00~16:00(의행201호), 월16:00~17:00(의행201호), 화09:00~10:00(의행201호), 화10:00~11:00(의행201호), 화11:00~12:00(의행201호), 화12:00~13:00(의행201호), 화13:00~14:00(의행201호), 화14:00~15:00(의행201호), 화15:00~16:00(의행201호), 화16:00~17:00(의행201호), 수09:00~10:00(의행201호), 수10:00~11:00(의행201호), 수11:00~12:00(의행201호), 수12:00~13:00(의행201호), 수13:00~14:00(의행201호), 수14:00~15:00(의행201호), 수15:00~16:00(의행201호), 수16:00~17:00(의행201호), 수17:00~18:00(의행201호), 목09:00~10:00(의행201호), 목10:00~11:00(의행201호), 목14:00~15:00(의행201호), 목15:00~16:00(의행201호), 목16:00~17:00(의행201호), 목17:00~18:00(의행201호), 금09:00~10:00(의행201호), 금10:00~11:00(의행201호), 금11:00~12:00(의행201호), 금12:00~13:00(의행201호), 금13:00~14:00(의행201호), 금14:00~15:00(의행201호), 금15:00~16:00(의행201호), 금16:00~17:00(의행201호), 금17:00~18:00(의행201호)",김연숙,GRADE,가상강의(보조강의)
"임상표현과정 6-신장, 요로 및 내분비",전공(핵심),의과대학 의학과,"월09:00~10:00(의행201호), 월10:00~11:00(의행201호), 월11:00~12:00(의행201호), 월12:00~13:00(의행201호), 월14:00~15:00(의행201호), 월15:00~16:00(의행201호), 월16:00~17:00(의행201호), 화09:00~10:00(의행201호), 화10:00~11:00(의행201호), 화11:00~12:00(의행201호), 화12:00~13:00(의행201호), 화13:00~14:00(의행201호), 화14:00~15:00(의행201호), 화15:00~16:00(의행201호), 화16:00~17:00(의행201호), 수09:00~10:00(의행201호), 수10:00~11:00(의행201호), 수11:00~12:00(의행201호), 수12:00~13:00(의행201호), 수13:00~14:00(의행201호), 수14:00~15:00(의행201호), 수15:00~16:00(의행201호), 목09:00~10:00(의행201호), 목10:00~11:00(의행201호), 목11:00~12:00(의행201호), 목12:00~13:00(의행201호), 목13:00~14:00(의행201호), 목14:00~15:00(의행201호), 목15:00~16:00(의행201호), 금09:00~10:00(의행201호), 금10:00~11:00(의행201호), 금11:00~12:00(의행201호), 금12:00~13:00(의행201호), 금13:00~14:00(의행201호), 금15:00~16:00(의행201호), 금16:00~17:00(의행201호)",최대은,GRADE,가상강의(보조강의)
미래설계상담 5,전공(기초),의과대학 의학과,,문재영,PASS/FAIL,가상강의(보조강의)
임상의학입문,전공(핵심),의과대학 의학과,"월10:00~11:00(진료B101), 월11:00~12:00(진료B101), 월13:00~14:00(진료B101), 월14:00~15:00(진료B101), 월15:00~16:00(진료B101), 화09:00~10:00(진료B101), 화10:00~11:00(진료B101), 화11:00~12:00(진료B101), 화13:00~14:00(진료B101), 화14:00~15:00(진료B101), 화15:00~16:00(진료B101), 화16:00~17:00(진료B101), 수09:00~10:00(진료B101), 수10:00~11:00(진료B101), 수11:00~12:00(진료B101), 수12:00~13:00(진료B101), 수13:00~14:00(진료B101), 수14:00~15:00(진료B101), 수15:00~16:00(진료B101), 수16:00~17:00(진료B101), 목09:00~10:00(진료B101), 목10:00~11:00(진료B101), 목11:00~12:00(진료B101), 목12:00~13:00(진료B101), 목14:00~15:00(진료B101), 목15:00~16:00(진료B101), 금10:00~11:00(진료B101), 금11:00~12:00(진료B101), 금14:00~15:00(진료B101), 금15:00~16:00(진료B101), 금16:00~17:00(진료B101)",구본석,GRADE,가상강의(보조강의)
임상수행평가(OSCE/CPX) 1,전공(핵심),의과대학 의학과,,이선열,GRADE,가상강의(보조강의)
심장내과실습,전공(핵심),의과대학 의학과,,김준형,GRADE,가상강의(보조강의)
호흡기내과실습,전공(핵심),의과대학 의학과,,이정은,GRADE,가상강의(보조강의)
내분비대사내과실습,전공(핵심),의과대학 의학과,,이주희,GRADE,가상강의(보조강의)
류마티스내과실습,전공(핵심),의과대학 의학과,,김진현,GRADE,가상강의(보조강의)
신경과실습,전공(핵심),의과대학 의학과,,김대영,GRADE,가상강의(보조강의)
정형외과실습,전공(핵심),의과대학 의학과,,주용범,GRADE,가상강의(보조강의)
비뇨기과실습,전공(핵심),의과대학 의학과,,임재성,GRADE,가상강의(보조강의)
산부인과실습,전공(핵심),의과대학 의학과,,강병헌,GRADE,가상강의(보조강의)
소아청소년과실습,전공(핵심),의과대학 의학과,,임한혁,GRADE,가상강의(보조강의)
응급의학과실습,전공(핵심),의과대학 의학과,,박정수,GRADE,가상강의(보조강의)
마취통증의학과실습,전공(핵심),의과대학 의학과,,고영권,GRADE,가상강의(보조강의)
감염내과실습,전공(핵심),의과대학 의학과,,김연숙,GRADE,가상강의(보조강의)
혈액종양내과실습,전공(핵심),의과대학 의학과,,이명원,GRADE,가상강의(보조강의)
소화기내과실습,전공(핵심),의과대학 의학과,,성재규,GRADE,가상강의(보조강의)
신장내과실습,전공(핵심),의과대학 의학과,,최대은,GRADE,가상강의(보조강의)
외과실습,전공(핵심),의과대학 의학과,,안문상,GRADE,가상강의(보조강의)
정신과실습,전공(핵심),의과대학 의학과,,김정란,GRADE,가상강의(보조강의)
가정의학과실습,전공(핵심),의과대학 의학과,,김성수,GRADE,가상강의(보조강의)
병리과실습,전공(핵심),의과대학 의학과,,여민경,GRADE,가상강의(보조강의)
영상의학과실습,전공(핵심),의과대학 의학과,,김진환,GRADE,가상강의(보조강의)
미래설계상담 7,전공(기초),의과대학 의학과,,김진현,PASS/FAIL,가상강의(보조강의)
예방의학,전공(핵심),의과대학 의학과,"월09:00~10:00(진료101), 월10:00~11:00(진료101), 월11:00~12:00(진료101), 월13:00~14:00(진료101), 월14:00~15:00(진료101), 월15:00~16:00(진료101), 월16:00~17:00(진료101), 화09:00~10:00(진료101), 화10:00~11:00(진료101), 화11:00~12:00(진료101), 화13:00~14:00(진료101), 화14:00~15:00(진료101), 화15:00~16:00(진료101), 화16:00~17:00(진료101), 화17:00~18:00(진료101), 수09:00~10:00(진료101), 수10:00~11:00(진료101), 수11:00~12:00(진료101), 수13:00~14:00(진료101), 수14:00~15:00(진료101), 수15:00~16:00(진료101), 목09:00~10:00(진료101), 목18:00~19:00(진료101), 목10:00~11:00(진료101), 목11:00~12:00(진료101), 목16:00~17:00(진료101), 목17:00~18:00(진료101), 금09:00~10:00(진료101), 금10:00~11:00(진료101), 금11:00~12:00(진료101), 금13:00~14:00(진료101), 금14:00~15:00(진료101), 금15:00~16:00(진료101), 금16:00~17:00(진료101)",은상준,GRADE,가상강의(보조강의)
법과 의사,전공(핵심),의과대학 의학과,"월09:00~10:00(진료101), 월10:00~11:00(진료101), 월11:00~12:00(진료101), 월13:00~14:00(진료101), 월14:00~15:00(진료101), 월15:00~16:00(진료101), 월16:00~17:00(진료101), 화09:00~10:00(진료101), 화10:00~11:00(진료101), 화11:00~12:00(진료101), 화14:00~15:00(진료101), 화15:00~16:00(진료101), 화16:00~17:00(진료101), 화17:00~18:00(진료101), 수09:00~10:00(진료101), 수10:00~11:00(진료101), 수11:00~12:00(진료101), 수13:00~14:00(진료101), 수14:00~15:00(진료101), 수16:00~17:00(진료101), 수17:00~18:00(진료101), 목09:00~10:00(진료101), 목18:00~19:00(진료101), 목10:00~11:00(진료101), 목11:00~12:00(진료101), 목12:00~13:00(진료101), 목16:00~17:00(진료101), 목17:00~18:00(진료101), 금14:00~15:00(진료101), 금15:00~16:00(진료101)",이석구,GRADE,가상강의(보조강의)
임상술기수행 3,전공(핵심),의과대학 의학과,,이선열,GRADE,가상강의(보조강의)
재활의학과실습,전공(핵심),의과대학 의학과,,조강희,GRADE,가상강의(보조강의)
신경외과실습,전공(핵심),의과대학 의학과,,최승원,GRADE,가상강의(보조강의)
흉부외과실습,전공(핵심),의과대학 의학과,,유재현,GRADE,가상강의(보조강의)
피부과실습,전공(핵심),의과대학 의학과,,정경은,GRADE,가상강의(보조강의)
성형외과실습,전공(핵심),의과대학 의학과,,오상하,GRADE,가상강의(보조강의)
안과실습,전공(핵심),의과대학 의학과,,이연희,GRADE,가상강의(보조강의)
이비인후과실습,전공(핵심),의과대학 의학과,,최진웅,GRADE,가상강의(보조강의)
방사선종양학과실습,전공(핵심),의과대학 의학과,,김준상,GRADE,가상강의(보조강의)
핵의학과실습,전공(핵심),의과대학 의학과,,김근호,GRADE,가상강의(보조강의)
진단검사의학과실습,전공(핵심),의과대학 의학과,,권계철,GRADE,가상강의(보조강의)
지역사회의학실습,전공(핵심),의과대학 의학과,,구본정,GRADE,가상강의(보조강의)
미래설계상담 1,전공(기초),의과대학 의예과,,이진선,PASS/FAIL,가상강의(보조강의)
미래설계상담 2,전공(기초),의과대학 의예과,,김인수,PASS/FAIL,
일반화학,전공(기초),의과대학 의예과,"월13:30~15:00(산학연0315), 목09:00~10:30(산학연0315)",김현석,GRADE,가상강의(보조강의)
일반화학,전공(기초),의과대학 의예과,"화16:30~18:00(산학연0315), 목13:30~15:00(산학연0315)",위대한,GRADE,가상강의(보조강의)
일반화학,전공(기초),의과대학 의예과,"수09:00~10:30(산학연0315), 금09:00~10:30(산학연0315)",정연환,GRADE,가상강의(보조강의)
포트폴리오,전공(기초),의과대학 의예과,수17:00~18:00(산학연0315),김수일,GRADE,가상강의(보조강의)
포트폴리오,전공(기초),의과대학 의예과,수17:00~18:00(경N101),김형석,GRADE,가상강의(보조강의)
의학물리학1,전공(기초),의과대학 의예과,"수11:00~12:00(산학연0315), 수12:00~14:00(산학연0315)",황의중,GRADE,가상강의(보조강의)
의학물리학1,전공(기초),의과대학 의예과,"수14:00~15:00(산학연0315), 수15:00~17:00(산학연0315)",김기환,GRADE,가상강의(보조강의)
기초의생명과학,전공(기초),의과대학 의예과,"금09:00~10:00(의307), 금10:00~11:00(의307)",김현우,GRADE,가상강의(보조강의)
세포생물학,전공(기초),의과대학 의예과,"목10:00~11:00(의307), 목11:00~12:00(의307), 금11:00~12:00(의307), 금12:00~13:00(의307)",이상도,GRADE,가상강의(보조강의)
미래설계상담 3,전공(기초),의과대학 의예과,,김지민,PASS/FAIL,가상강의(보조강의)
의학사,전공(기초),의과대학 의예과,"수11:00~12:00(진료실기센터106), 수12:00~13:00(진료실기센터106)",김현우,GRADE,가상강의(보조강의)
의료와 공학,전공(핵심),의과대학 의예과,,,GRADE,가상강의(보조강의)
의학통계학,전공(기초),의과대학 의예과,"화09:00~10:00(진료실기센터106), 화10:00~11:00(진료실기센터106), 화11:00~12:00(진료실기센터106), 화12:00~13:00(진료실기센터106)",이주미,GRADE,가상강의(보조강의)
인문사회의학 1-의료와 사회,전공(기초),의과대학 의예과,"목14:00~15:00(진료실기센터106), 목15:00~16:00(진료실기센터106)",은상준,GRADE,가상강의(보조강의)
인체해부학총론1,전공(기초),의과대학 의예과,"금09:00~10:00(진료실기센터106), 금10:00~11:00(진료실기센터106), 금11:00~12:00(진료실기센터106), 금13:00~14:00(진료실기센터106), 금14:00~15:00(진료실기센터106)",김수일,GRADE,가상강의(보조강의)
인체해부학총론1,전공(기초),의과대학 의예과,"금09:00~10:00(진료실기센터217), 금10:00~11:00(진료실기센터217), 금11:00~12:00(진료실기센터217), 금13:00~14:00(진료실기센터217), 금14:00~15:00(진료실기센터217)",김수일,GRADE,가상강의(보조강의)
생리학총론,전공(기초),의과대학 의예과,"월09:00~10:00(진료실기센터106), 월10:00~11:00(진료실기센터106), 월11:00~12:00(진료실기센터106)",김국성,GRADE,가상강의(보조강의)
인공지능과 의학,전공(핵심),의과대학 의예과,"목09:00~10:00(진료실기센터106), 목10:00~11:00(진료실기센터106), 목11:00~12:00(진료실기센터106)",김진환,GRADE,가상강의(보조강의)
의사처럼 생각하기,전공(기초),의과대학 의예과,"화15:00~16:00(BLS센터301), 화16:00~17:00(BLS센터301), 화17:00~18:00(BLS센터301)",정성수,GRADE,가상강의(보조강의)
진화의학,전공(핵심),의과대학 의예과,,,GRADE,가상강의(보조강의)
스마트의학연구1,전공(핵심),의과대학 의예과,"금18:00~19:00(의307), 금13:00~14:00(의307), 금14:00~15:00(의307), 금15:00~16:00(의307), 금16:00~17:00(의307), 금17:00~18:00(의307)",백승화,GRADE,가상강의(보조강의)
미래설계상담1,전공(기초),생활과학대학 소비자학과,,이진명,PASS/FAIL,
소비자의사결정,전공(기초),생활과학대학 소비자학과,목09:00~12:00(생219),이진명,GRADE,가상강의(보조강의)
가계경제,전공(기초),생활과학대학 소비자학과,화14:00~17:00(생219),김민정,GRADE,가상강의(보조강의)
소비자학의 이해,전공(기초),생활과학대학 소비자학과,금09:00~12:00(생219),이진명,GRADE,가상강의(보조강의)
금융시장과 소비자,전공(핵심),생활과학대학 소비자학과,"화10:00~12:00(생413), 수11:00~12:00(생413)",박주영,GRADE,가상강의(보조강의)
재무심리와자기경영,교양(균형),생활과학대학 소비자학과,화15:00~18:00(생218),이지령,GRADE,가상강의(보조강의)
현대인의 생활문화,교양(소양),생활과학대학 소비자학과,"월12:00~13:30(교214), 목13:30~15:00(교214)",박명순,GRADE,가상강의(보조강의)
현대인의 생활문화,교양(소양),생활과학대학 소비자학과,"화09:00~10:30(교214), 금10:30~12:00(교214)",김인정,GRADE,가상강의(보조강의)
현대인의 생활문화,교양(소양),생활과학대학 소비자학과,"월13:30~15:00(교214), 수12:00~13:30(교214)",박주영,GRADE,가상강의(보조강의)
현대인의 생활문화,교양(소양),생활과학대학 소비자학과,"화13:30~15:00(교214), 목12:00~13:30(교214)",박명순,GRADE,가상강의(보조강의)
현대인의 생활문화,교양(소양),생활과학대학 소비자학과,"화12:00~13:30(교214), 금13:30~15:00(교214)",김인정,GRADE,가상강의(보조강의)
현대인의 생활문화,교양(소양),생활과학대학 소비자학과,"월12:00~13:30(교204A), 목13:30~15:00(교204A)",박주영,GRADE,가상강의(보조강의)
현대인의 생활문화,교양(소양),생활과학대학 소비자학과,화15:00~18:00,박명순,GRADE,가상강의(보조강의)
소비자와 마케팅,교양(균형),생활과학대학 소비자학과,"월12:00~13:30(교209A), 목10:30~12:00(교209A)",유상화,GRADE,가상강의(보조강의)
소비자와 마케팅,교양(균형),생활과학대학 소비자학과,"수10:30~12:00(교209A), 금10:30~12:00(교209A)",유상화,GRADE,가상강의(보조강의)
소비자와 마케팅,교양(균형),생활과학대학 소비자학과,"월15:00~16:30(교209A), 목16:30~18:00(교209A)",이진명,GRADE,가상강의(보조강의)
소비자와 마케팅,교양(균형),생활과학대학 소비자학과,"화16:30~18:00(교209A), 목15:00~16:30(교209A)",구혜경,GRADE,가상강의(보조강의)
사랑과 결혼의 경제학,교양(소양),생활과학대학 소비자학과,"월13:30~15:00(교204A), 수12:00~13:30(교204A)",김민정,GRADE,가상강의(보조강의)
사랑과 결혼의 경제학,교양(소양),생활과학대학 소비자학과,"월16:30~18:00(교204A), 수15:00~16:30(교204A)",조경진,GRADE,가상강의(보조강의)
사랑과 결혼의 경제학,교양(소양),생활과학대학 소비자학과,"수13:30~15:00(교204A), 금12:00~13:30(교204A)",김민정,GRADE,가상강의(보조강의)
사랑과 결혼의 경제학,교양(소양),생활과학대학 소비자학과,"화13:30~15:00(교209A), 목12:00~13:30(교209A)",조경진,GRADE,가상강의(보조강의)
대학생활과 진로설계,교양(소양필수),생활과학대학 소비자학과,수10:00~11:00(생413),이진명,GRADE,가상강의(보조강의)
미래설계상담3,전공(기초),생활과학대학 소비자학과,,,PASS/FAIL,
위험관리와보험,전공(심화),생활과학대학 소비자학과,화12:00~15:00(생411),이지령,GRADE,가상강의(보조강의)
소비자상담,전공(핵심),생활과학대학 소비자학과,"월14:00~15:00(생501), 수10:00~12:00(생501)",고대균,GRADE,가상강의(보조강의)
ICT시장과소비자,전공(핵심),생활과학대학 소비자학과,수15:00~18:00(생219),박혜영,GRADE,가상강의(보조강의)
소비트렌드분석,전공(핵심),생활과학대학 소비자학과,"월13:00~14:00(생411), 화10:00~12:00(생411)",구혜경,GRADE,가상강의(보조강의)
소비자연구방법,전공(기초),생활과학대학 소비자학과,월09:00~12:00(생119),이진명,GRADE,가상강의(보조강의)
가계부채와 신용,전공(핵심),생활과학대학 소비자학과,목14:00~17:00(생413),홍순태,GRADE,가상강의(보조강의)
미래설계상담5,전공(기초),생활과학대학 소비자학과,,,PASS/FAIL,
소비자교육,전공(핵심),생활과학대학 소비자학과,"월13:00~14:00(생413), 화14:00~16:00(생413)",고대균,GRADE,가상강의(보조강의)
투자설계,전공(핵심),생활과학대학 소비자학과,월14:00~17:00(생413),한지형,GRADE,가상강의(보조강의)
소비자와 미디어,전공(심화),생활과학대학 소비자학과,목13:00~16:00(생411),김소현,GRADE,가상강의(보조강의)
소비자와 상품개발(종합설계),전공(심화),생활과학대학 소비자학과,"월09:00~11:00(생411), 월11:00~13:00(생411)",구혜경,GRADE,가상강의(보조강의)
소비자연구(캡스톤디자인),전공(심화),생활과학대학 소비자학과,"화10:00~11:00(생503), 화11:00~12:00(생503), 수18:00~21:00(생503)",이진명,GRADE,가상강의(보조강의)
재무상담과 코칭,전공(심화),생활과학대학 소비자학과,금14:00~17:00(생411),김지현,GRADE,가상강의(보조강의)
미래설계상담7,전공(기초),생활과학대학 소비자학과,,,PASS/FAIL,
세금설계,전공(심화),생활과학대학 소비자학과,목10:00~13:00(생413),홍순태,GRADE,가상강의(보조강의)
금융소비자교육(캡스톤디자인),전공(심화),생활과학대학 소비자학과,"금10:00~12:00(생411), 금12:00~14:00(생411)",김지현,GRADE,가상강의(보조강의)
글로벌 소비시장(캡스톤디자인),전공(심화),생활과학대학 소비자학과,"수13:00~15:00(생411), 수15:00~17:00(생411)",고대균,GRADE,가상강의(보조강의)
미래설계상담1,전공(기초),생활과학대학 의류학과,,노주현,PASS/FAIL,가상강의(보조강의)
의복과섬유,전공(기초),생활과학대학 의류학과,"월11:00~12:00(생219), 수10:00~12:00(생219)",이정순,GRADE,가상강의(보조강의)
패션디자인,전공(기초),생활과학대학 의류학과,"월09:00~11:00(생219), 화13:00~14:00(생219)",최윤미,GRADE,가상강의(보조강의)
대학생활과 진로설계,교양(소양필수),생활과학대학 의류학과,수13:00~14:00(생201),김응태,GRADE,가상강의(보조강의)
패션과 이미지,교양(소양),생활과학대학 의류학과,"월12:00~14:00(교104A), 수11:00~12:00(교104A)",최윤미,GRADE,가상강의(보조강의)
미래설계상담3,전공(기초),생활과학대학 의류학과,,노주현,PASS/FAIL,가상강의(보조강의)
컴퓨터복식디자인,전공(핵심),생활과학대학 의류학과,"월09:00~10:00(생202), 월10:00~12:00(생202)",안진현,GRADE,가상강의(보조강의)
컴퓨터복식디자인,전공(핵심),생활과학대학 의류학과,"목09:00~10:00(생202), 목10:00~12:00(생202)",안진현,GRADE,가상강의(보조강의)
의복패턴설계,전공(핵심),생활과학대학 의류학과,"목09:00~11:00(생311), 목11:00~13:00(생311)",노주현,GRADE,가상강의(보조강의)
의복패턴설계,전공(핵심),생활과학대학 의류학과,"월09:00~11:00(생311), 월11:00~13:00(생311)",박선희,GRADE,가상강의(보조강의)
패션디자인실습 1,전공(핵심),생활과학대학 의류학과,"화09:00~10:00(생309), 화10:00~12:00(생309)",최윤미,GRADE,가상강의(보조강의)
패션디자인실습 1,전공(핵심),생활과학대학 의류학과,"화14:00~15:00(생309), 화15:00~17:00(생309)",최윤미,GRADE,가상강의(보조강의)
패션마케팅,전공(핵심),생활과학대학 의류학과,"월13:00~15:00(생218), 화13:00~14:00(생218)",김한나,GRADE,가상강의(보조강의)
의복환경학,전공(핵심),생활과학대학 의류학과,"화09:00~10:00(생220), 화10:00~12:00(생220)",이예진,GRADE,가상강의(보조강의)
의복환경학,전공(핵심),생활과학대학 의류학과,"화14:00~15:00(생201), 화15:00~17:00(생201)",이예진,GRADE,가상강의(보조강의)
버추얼디자인,전공(핵심),생활과학대학 의류학과,수14:00~16:00(생202),이예진,GRADE,가상강의(보조강의)
패션데이터분석,전공(심화),생활과학대학 의류학과,"목13:00~15:00(생202), 목15:00~17:00(생202)",김응태,GRADE,가상강의(보조강의)
미래설계상담5,전공(기초),생활과학대학 의류학과,,노주현,PASS/FAIL,가상강의(보조강의)
패션리테일링,전공(핵심),생활과학대학 의류학과,"월10:00~11:00(생218), 목13:00~15:00(생218)",이하경,GRADE,가상강의(보조강의)
글로벌패션바잉,전공(심화),생활과학대학 의류학과,"월11:00~12:00(생218), 목10:00~12:00(생218)",김한나,GRADE,가상강의(보조강의)
테일러링(종합설계),전공(심화),생활과학대학 의류학과,"월13:00~15:00(생311), 월15:00~17:00(생311)",유신아,GRADE,가상강의(보조강의)
염색디자인(종합설계),전공(심화),생활과학대학 의류학과,"화09:00~10:00(생112), 화10:00~12:00(생112)",이정순,GRADE,가상강의(보조강의)
염색디자인(종합설계),전공(심화),생활과학대학 의류학과,"화14:00~15:00(생112), 화15:00~17:00(생112)",이정순,GRADE,가상강의(보조강의)
언더웨어(종합설계),전공(심화),생활과학대학 의류학과,"금09:00~11:00(생311), 금11:00~13:00(생311)",박소영,GRADE,가상강의(보조강의)
드레이핑(종합설계),전공(핵심),생활과학대학 의류학과,"수09:00~11:00(생311), 수11:00~13:00(생311)",노주현,GRADE,가상강의(보조강의)
스마트웨어(종합설계),전공(핵심),생활과학대학 의류학과,"수14:00~16:00(생209), 수16:00~18:00(생209)",김응태,GRADE,가상강의(보조강의)
전통문화상품개발(종합설계),전공(핵심),생활과학대학 의류학과,"목15:00~16:00(생218), 목16:00~18:00(생218)",황복희,GRADE,가상강의(보조강의)
미래설계상담7,전공(기초),생활과학대학 의류학과,,노주현,PASS/FAIL,가상강의(보조강의)
비주얼머천다이징,전공(심화),생활과학대학 의류학과,"화10:00~12:00(생417), 수13:00~14:00(생417)",이하경,GRADE,가상강의(보조강의)
신소재와 기능성가공(종합설계),전공(심화),생활과학대학 의류학과,"월13:00~14:00(생209), 월14:00~16:00(생209)",이정순,GRADE,가상강의(보조강의)
의류상품기획(종합설계),전공(심화),생활과학대학 의류학과,"목14:00~16:00(생201), 목16:00~18:00(생201)",김한나,GRADE,가상강의(보조강의)
패션빅데이터프로그래밍,전공(심화),생활과학대학 의류학과,"화14:00~15:00(생202), 화15:00~17:00(생202)",김응태,GRADE,가상강의(보조강의)
미래설계상담1,전공(기초),생활과학대학 식품영양학과,,육홍선,PASS/FAIL,
미래설계상담2,전공(기초),생활과학대학 식품영양학과,,육홍선,PASS/FAIL,
한국조리및실습,전공(핵심),생활과학대학 식품영양학과,"목09:00~10:00(생514), 목10:00~14:00(생514)",한인화,GRADE,가상강의(보조강의)
한국조리및실습,전공(핵심),생활과학대학 식품영양학과,"목14:00~15:00(생514), 목15:00~19:00(생514)",전미라,GRADE,가상강의(보조강의)
기초화학,전공(기초),생활과학대학 식품영양학과,수14:00~17:00(생120),김재한,GRADE,가상강의(보조강의)
식품영양의 이해,전공(핵심),생활과학대학 식품영양학과,월10:00~12:00(생120),전민선,GRADE,가상강의(보조강의)
식생활과 다이어트,교양(소양),생활과학대학 식품영양학과,"월16:30~18:00(교407), 수15:00~16:30(교407)",김경아,GRADE,가상강의(보조강의)
식생활과 다이어트,교양(소양),생활과학대학 식품영양학과,"수13:30~15:00(교407), 금12:00~13:30(교407)",한장일,GRADE,가상강의(보조강의)
현대인을 위한 음식보감,교양(소양),생활과학대학 식품영양학과,"월16:30~18:00(교211), 수15:00~16:30(교211)",한장일,GRADE,가상강의(보조강의)
대학생활과 진로설계,교양(소양필수),생활과학대학 식품영양학과,화11:00~12:00(생120),육홍선,GRADE,가상강의(보조강의)
미래설계상담3,전공(기초),생활과학대학 식품영양학과,,육홍선,PASS/FAIL,
영양생화학2,전공(핵심),생활과학대학 식품영양학과,"화09:00~10:00(생119), 목10:00~12:00(생119)",윤수인,GRADE,가상강의(보조강의)
식품미생물학,전공(핵심),생활과학대학 식품영양학과,수09:00~12:00(생119),김재한,GRADE,가상강의(보조강의)
식품분석및실험,전공(심화),생활과학대학 식품영양학과,"화13:00~15:00(생422), 화15:00~17:00(생422)",육홍선,GRADE,가상강의(보조강의)
식품화학1,전공(기초),생활과학대학 식품영양학과,월13:00~16:00(생219),육홍선,GRADE,가상강의(보조강의)
식품재료학,전공(심화),생활과학대학 식품영양학과,"화10:00~12:00(생119), 수14:00~15:00(생119)",한인화,GRADE,가상강의(보조강의)
미래설계상담4,전공(기초),생활과학대학 식품영양학과,,육홍선,PASS/FAIL,
미래설계상담5,전공(기초),생활과학대학 식품영양학과,,육홍선,PASS/FAIL,
식품위생학및법규,전공(심화),생활과학대학 식품영양학과,화14:00~17:00(생120),김재한,GRADE,가상강의(보조강의)
식품가공및저장학,전공(심화),생활과학대학 식품영양학과,"월14:00~16:00(생120), 월16:00~18:00(생120)",김재한,GRADE,가상강의(보조강의)
영양판정및실습,전공(심화),생활과학대학 식품영양학과,"금09:00~11:00(생218), 금11:00~13:00(생218)",신혜란,GRADE,가상강의(보조강의)
영양교육및상담실습,전공(심화),생활과학대학 식품영양학과,"화09:00~11:00(생218), 화11:00~13:00(생218)",전민선,GRADE,가상강의(보조강의)
영양학실험1,전공(핵심),생활과학대학 식품영양학과,"목13:00~14:00(생422), 목14:00~18:00(생422)",김경아,GRADE,가상강의(보조강의)
건강기능성식품의 이해,전공(핵심),생활과학대학 식품영양학과,수09:00~12:00(생220),한인화,GRADE,가상강의(보조강의)
미래설계상담6,전공(기초),생활과학대학 식품영양학과,,육홍선,PASS/FAIL,
영양사현장실습,전공(심화),생활과학대학 식품영양학과,,육홍선,GRADE,가상강의(보조강의)
식이요법및실습,전공(심화),생활과학대학 식품영양학과,"화14:00~16:00(생119), 수10:00~12:00(생120)",김경아,GRADE,가상강의(보조강의)
급식경영학및실습,전공(심화),생활과학대학 식품영양학과,"목13:00~15:00(생120), 목15:00~17:00(생120)",전민선,GRADE,가상강의(보조강의)
식품영양학과캡스톤디자인1,전공(심화),생활과학대학 식품영양학과,금09:00~15:00(생422),육홍선,GRADE,가상강의(보조강의)
분자영양학,전공(심화),생활과학대학 식품영양학과,"월14:00~16:00(생119), 화13:00~14:00(생119)",김경아,GRADE,가상강의(보조강의)
음악의 이해,교양(소양),예술대학 음악과,"월10:30~12:00(교209A), 수09:00~10:30(교209A)",임승구,GRADE,가상강의(보조강의)
음악의 이해,교양(소양),예술대학 음악과,금12:00~15:00(교102A),윤재혁,GRADE,가상강의(보조강의)
음악의 이해,교양(소양),예술대학 음악과,"화10:30~12:00(교209A), 목09:00~10:30(교209A)",최유미,GRADE,가상강의(보조강의)
Journey to Korean Music,교양(소양),예술대학 음악과,화09:00~12:00(교202A),박세환,GRADE,가상강의(보조강의)
테마가있는합창클래스,교양(소양),예술대학 음악과,수14:00~17:00(음2301),길경호,GRADE,가상강의(보조강의)
대학생활과 진로설계,교양(소양필수),예술대학 음악과,목14:00~15:00(음2301),차두식,GRADE,가상강의(보조강의)
화성법 2,전공(핵심),예술대학 음악과,목13:00~15:00(음1213),우미현,GRADE,가상강의(보조강의)
음악사1,전공(심화),예술대학 음악과,화09:00~12:00(음2301),전정임,GRADE,가상강의(보조강의)
음악과컴퓨터 1,전공(심화),예술대학 음악과,월11:00~13:00(음1218),백은숙,GRADE,가상강의(보조강의)
음악사3,전공(심화),예술대학 음악과,수10:00~13:00(음2301),박세환,GRADE,가상강의(보조강의)
연주및비평3,전공(심화),예술대학 음악과,"목10:00~11:00(음1120), 목11:00~12:00(음1120)",전정임,GRADE,가상강의(보조강의)
음악교육프로그램개발,전공(핵심),예술대학 음악과,금10:00~12:00(음1213),이국화,GRADE,가상강의(보조강의)
공연예술기획,전공(심화),예술대학 음악과,목14:00~17:00(음2306),최현규,GRADE,가상강의(보조강의)
문화예술교육개론,전공(심화),예술대학 음악과,월10:00~12:00(음2102),최유미,GRADE,가상강의(보조강의)
문화예술정책,전공(심화),예술대학 음악과,수10:00~13:00(음2102),최나다,GRADE,가상강의(보조강의)
문화예술창업 캡스톤 디자인,전공(심화),예술대학 음악과,금12:00~15:00(음2102),길경호,GRADE,가상강의(보조강의)
미래설계상담1,전공(기초),예술대 음악과 성악,,차두식,PASS/FAIL,가상강의(보조강의)
한국음악,전공(핵심),예술대 음악과 성악,월10:00~12:00(음2301),이자인,GRADE,가상강의(보조강의)
음악이론,전공(핵심),예술대 음악과 성악,수12:00~14:00(음1213),우미현,GRADE,가상강의(보조강의)
시창·청음1,전공(핵심),예술대 음악과 성악,"화12:00~14:00(음2301), 화14:00~16:00(음2301)",이성원,GRADE,가상강의(보조강의)
피아노클래스1,전공(핵심),예술대 음악과 성악,수10:00~12:00(음1208),김찬양,GRADE,가상강의(보조강의)
합창1,전공(핵심),예술대 음악과 성악,"수18:00~20:00(음1120), 수16:00~18:00(음1120)",이대우,GRADE,가상강의(보조강의)
이탈리아가곡 1,전공(핵심),예술대 음악과 성악,월13:00~15:00(음2102),신소영,GRADE,가상강의(보조강의)
성악전공실기 Ⅰ,전공(핵심),예술대 음악과 성악,월18:00~19:00(음2201),차두식,GRADE,가상강의(보조강의)
성악전공실기 Ⅰ,전공(핵심),예술대 음악과 성악,월19:00~20:00(음2201),차두식,GRADE,가상강의(보조강의)
성악전공실기 Ⅰ,전공(핵심),예술대 음악과 성악,월20:00~21:00(음2201),차두식,GRADE,가상강의(보조강의)
성악전공실기 Ⅰ,전공(핵심),예술대 음악과 성악,월21:00~22:00(음2201),차두식,GRADE,가상강의(보조강의)
성악전공실기 Ⅰ,전공(핵심),예술대 음악과 성악,화18:00~19:00(음2201),차두식,GRADE,가상강의(보조강의)
성악전공실기 Ⅰ,전공(핵심),예술대 음악과 성악,화19:00~20:00(음2201),차두식,GRADE,가상강의(보조강의)
성악전공실기 Ⅰ,전공(핵심),예술대 음악과 성악,목18:00~19:00(음1208),곽진영,GRADE,가상강의(보조강의)
성악전공실기 Ⅰ,전공(핵심),예술대 음악과 성악,목19:00~20:00(음1208),곽진영,GRADE,가상강의(보조강의)
성악전공실기 Ⅰ,전공(핵심),예술대 음악과 성악,목20:00~21:00(음1208),곽진영,GRADE,가상강의(보조강의)
성악전공실기 Ⅰ,전공(핵심),예술대 음악과 성악,월18:00~19:00(음1209),구민영,GRADE,가상강의(보조강의)
성악전공실기 Ⅰ,전공(핵심),예술대 음악과 성악,월19:00~20:00(음1209),구민영,GRADE,가상강의(보조강의)
성악전공실기 Ⅰ,전공(핵심),예술대 음악과 성악,월18:00~19:00(음1210),이윤정,GRADE,가상강의(보조강의)
성악전공실기 Ⅰ,전공(핵심),예술대 음악과 성악,월19:00~20:00(음1210),이윤정,GRADE,가상강의(보조강의)
성악전공실기 Ⅰ,전공(핵심),예술대 음악과 성악,월18:00~19:00(음1203),이두영,GRADE,가상강의(보조강의)
성악전공실기 Ⅰ,전공(핵심),예술대 음악과 성악,금18:00~19:00(음1203),조성숙,GRADE,가상강의(보조강의)
성악전공실기 Ⅰ,전공(핵심),예술대 음악과 성악,금19:00~20:00(음1203),조성숙,GRADE,가상강의(보조강의)
성악전공실기 Ⅰ,전공(핵심),예술대 음악과 성악,금20:00~21:00(음1203),조성숙,GRADE,가상강의(보조강의)
미래설계상담3,전공(기초),예술대 음악과 성악,,차두식,PASS/FAIL,가상강의(보조강의)
합창3,전공(핵심),예술대 음악과 성악,"수18:00~20:00(음1120), 수16:00~18:00(음1120)",이대우,GRADE,가상강의(보조강의)
독일가곡1,전공(심화),예술대 음악과 성악,월14:00~16:00(음1213),장명기,GRADE,가상강의(보조강의)
성악전공실기 Ⅲ,전공(핵심),예술대 음악과 성악,화20:00~21:00(음2201),차두식,GRADE,가상강의(보조강의)
성악전공실기 Ⅲ,전공(핵심),예술대 음악과 성악,화21:00~22:00(음2201),차두식,GRADE,가상강의(보조강의)
성악전공실기 Ⅲ,전공(핵심),예술대 음악과 성악,화18:00~19:00(음1208),장명기,GRADE,가상강의(보조강의)
성악전공실기 Ⅲ,전공(핵심),예술대 음악과 성악,월20:00~21:00(음1209),구민영,GRADE,가상강의(보조강의)
성악전공실기 Ⅲ,전공(핵심),예술대 음악과 성악,월21:00~22:00(음1209),구민영,GRADE,가상강의(보조강의)
성악전공실기 Ⅲ,전공(핵심),예술대 음악과 성악,화18:00~19:00(음1209),고지완,GRADE,가상강의(보조강의)
성악전공실기 Ⅲ,전공(핵심),예술대 음악과 성악,화19:00~20:00(음1209),고지완,GRADE,가상강의(보조강의)
성악전공실기 Ⅲ,전공(핵심),예술대 음악과 성악,금18:00~19:00(음1209),김혜영,GRADE,가상강의(보조강의)
성악전공실기 Ⅲ,전공(핵심),예술대 음악과 성악,금19:00~20:00(음1209),김혜영,GRADE,가상강의(보조강의)
성악전공실기 Ⅲ,전공(핵심),예술대 음악과 성악,화18:00~19:00(음1210),조자영,GRADE,가상강의(보조강의)
성악전공실기 Ⅲ,전공(핵심),예술대 음악과 성악,화19:00~20:00(음1210),조자영,GRADE,가상강의(보조강의)
성악전공실기 Ⅲ,전공(핵심),예술대 음악과 성악,목18:00~19:00(음1210),신소영,GRADE,가상강의(보조강의)
성악전공실기 Ⅲ,전공(핵심),예술대 음악과 성악,금18:00~19:00(음1210),윤성언,GRADE,가상강의(보조강의)
성악전공실기 Ⅲ,전공(핵심),예술대 음악과 성악,월19:00~20:00(음1203),이두영,GRADE,가상강의(보조강의)
성악전공실기 Ⅲ,전공(핵심),예술대 음악과 성악,목18:00~19:00(음1203),전혜영,GRADE,가상강의(보조강의)
미래설계상담5,전공(기초),예술대 음악과 성악,,차두식,PASS/FAIL,가상강의(보조강의)
합창5,전공(심화),예술대 음악과 성악,"수18:00~20:00(음1120), 수16:00~18:00(음1120)",이대우,GRADE,가상강의(보조강의)
오페라클래스1,전공(심화),예술대 음악과 성악,"월12:00~13:00(음1120), 월13:00~14:00(음1120)",차두식,GRADE,가상강의(보조강의)
프랑스가곡 1,전공(심화),예술대 음악과 성악,화15:00~17:00(음2306),윤성언,GRADE,가상강의(보조강의)
성악전공실기 Ⅴ,전공(심화),예술대 음악과 성악,목18:00~19:00(음2201),차두식,GRADE,가상강의(보조강의)
성악전공실기 Ⅴ,전공(심화),예술대 음악과 성악,목19:00~20:00(음2201),차두식,GRADE,가상강의(보조강의)
성악전공실기 Ⅴ,전공(심화),예술대 음악과 성악,목20:00~21:00(음2201),차두식,GRADE,가상강의(보조강의)
성악전공실기 Ⅴ,전공(심화),예술대 음악과 성악,목21:00~22:00(음2201),차두식,GRADE,가상강의(보조강의)
성악전공실기 Ⅴ,전공(심화),예술대 음악과 성악,월18:00~19:00(음1208),이성원,GRADE,가상강의(보조강의)
성악전공실기 Ⅴ,전공(심화),예술대 음악과 성악,화19:00~20:00(음1208),장명기,GRADE,가상강의(보조강의)
성악전공실기 Ⅴ,전공(심화),예술대 음악과 성악,목21:00~22:00(음1208),곽진영,GRADE,가상강의(보조강의)
성악전공실기 Ⅴ,전공(심화),예술대 음악과 성악,금18:00~19:00(음1208),곽진영,GRADE,가상강의(보조강의)
성악전공실기 Ⅴ,전공(심화),예술대 음악과 성악,화20:00~21:00(음1209),고지완,GRADE,가상강의(보조강의)
성악전공실기 Ⅴ,전공(심화),예술대 음악과 성악,목18:00~19:00(음1209),고지완,GRADE,가상강의(보조강의)
성악전공실기 Ⅴ,전공(심화),예술대 음악과 성악,금20:00~21:00(음1209),김혜영,GRADE,가상강의(보조강의)
성악전공실기 Ⅴ,전공(심화),예술대 음악과 성악,월20:00~21:00(음1210),이윤정,GRADE,가상강의(보조강의)
성악전공실기 Ⅴ,전공(심화),예술대 음악과 성악,금19:00~20:00(음1210),윤성언,GRADE,가상강의(보조강의)
성악전공실기 Ⅴ,전공(심화),예술대 음악과 성악,목19:00~20:00(음1203),전혜영,GRADE,가상강의(보조강의)
합창7,전공(심화),예술대 음악과 성악,"수18:00~20:00(음1120), 수16:00~18:00(음1120)",이대우,GRADE,가상강의(보조강의)
성악문헌 1,전공(심화),예술대 음악과 성악,화16:00~18:00(음2102),조자영,GRADE,가상강의(보조강의)
오페라클래스 3,전공(심화),예술대 음악과 성악,"월14:00~15:00(음1120), 월15:00~16:00(음1120)",차두식,GRADE,가상강의(보조강의)
성악전공실기 Ⅶ,전공(심화),예술대 음악과 성악,금18:00~19:00(음2201),차두식,GRADE,가상강의(보조강의)
성악전공실기 Ⅶ,전공(심화),예술대 음악과 성악,금19:00~20:00(음2201),차두식,GRADE,가상강의(보조강의)
성악전공실기 Ⅶ,전공(심화),예술대 음악과 성악,금20:00~21:00(음2201),차두식,GRADE,가상강의(보조강의)
성악전공실기 Ⅶ,전공(심화),예술대 음악과 성악,금21:00~22:00(음2201),차두식,GRADE,가상강의(보조강의)
성악전공실기 Ⅶ,전공(심화),예술대 음악과 성악,화20:00~21:00(음1208),장명기,GRADE,가상강의(보조강의)
성악전공실기 Ⅶ,전공(심화),예술대 음악과 성악,화21:00~22:00(음1208),장명기,GRADE,가상강의(보조강의)
성악전공실기 Ⅶ,전공(심화),예술대 음악과 성악,목20:00~21:00(음1209),고지완,GRADE,가상강의(보조강의)
성악전공실기 Ⅶ,전공(심화),예술대 음악과 성악,금21:00~22:00(음1209),김혜영,GRADE,가상강의(보조강의)
성악전공실기 Ⅶ,전공(심화),예술대 음악과 성악,월21:00~22:00(음1210),이윤정,GRADE,가상강의(보조강의)
성악전공실기 Ⅶ,전공(심화),예술대 음악과 성악,월22:00~23:00(음1210),이윤정,GRADE,가상강의(보조강의)
성악전공실기 Ⅶ,전공(심화),예술대 음악과 성악,목19:00~20:00(음1210),신소영,GRADE,가상강의(보조강의)
성악전공실기 Ⅶ,전공(심화),예술대 음악과 성악,목20:00~21:00(음1210),신소영,GRADE,가상강의(보조강의)
성악전공실기 Ⅶ,전공(심화),예술대 음악과 성악,금20:00~21:00(음1210),윤성언,GRADE,가상강의(보조강의)
성악전공실기 Ⅶ,전공(심화),예술대 음악과 성악,금21:00~22:00(음1210),윤성언,GRADE,가상강의(보조강의)
성악전공실기 Ⅶ,전공(심화),예술대 음악과 성악,월20:00~21:00(음1203),이두영,GRADE,가상강의(보조강의)
성악전공실기 Ⅶ,전공(심화),예술대 음악과 성악,화18:00~19:00(음1203),이두영,GRADE,가상강의(보조강의)
성악전공실기 Ⅶ,전공(심화),예술대 음악과 성악,금21:00~22:00(음1203),조성숙,GRADE,가상강의(보조강의)
성악전공실기 Ⅶ,전공(심화),예술대 음악과 성악,금08:00~09:00(음2201),차두식,GRADE,가상강의(보조강의)
영미가곡,전공(심화),예술대 음악과 성악,목14:00~16:00(음2102),서은진,GRADE,가상강의(보조강의)
음악형식론,전공(핵심),예술대 음악과 작곡,금12:00~14:00(음1213),한대섭,GRADE,가상강의(보조강의)
컴퓨터사보연구,전공(핵심),예술대 음악과 작곡,금14:00~16:00(음1213),한대섭,GRADE,가상강의(보조강의)
작곡전공실기 Ⅰ,전공(핵심),예술대 음악과 작곡,월18:00~19:00(음1317),우미현,GRADE,가상강의(보조강의)
작곡전공실기 Ⅰ,전공(핵심),예술대 음악과 작곡,월19:00~20:00(음1317),우미현,GRADE,가상강의(보조강의)
작곡전공실기 Ⅰ,전공(핵심),예술대 음악과 작곡,월20:00~21:00(음1317),우미현,GRADE,가상강의(보조강의)
작곡전공실기 Ⅰ,전공(핵심),예술대 음악과 작곡,화18:00~19:00(음1317),우미현,GRADE,가상강의(보조강의)
작곡전공실기 Ⅰ,전공(핵심),예술대 음악과 작곡,화19:00~20:00(음1317),우미현,GRADE,가상강의(보조강의)
관현악법,전공(핵심),예술대 음악과 작곡,화15:00~18:00(음1213),우미현,GRADE,가상강의(보조강의)
현대음악의 이해,전공(심화),예술대 음악과 작곡,수15:00~17:00(음1321),우미현,GRADE,가상강의(보조강의)
작곡전공실기 Ⅲ,전공(핵심),예술대 음악과 작곡,월18:00~19:00(음1316),한대섭,GRADE,가상강의(보조강의)
18세기대위법,전공(심화),예술대 음악과 작곡,월13:00~15:00(음1218),백은숙,GRADE,가상강의(보조강의)
음악분석 1,전공(핵심),예술대 음악과 작곡,화12:00~14:00(음1321),우미현,GRADE,가상강의(보조강의)
작곡전공실기 Ⅴ,전공(심화),예술대 음악과 작곡,수18:00~19:00(음1317),우미현,GRADE,가상강의(보조강의)
작곡전공실기 Ⅴ,전공(심화),예술대 음악과 작곡,수19:00~20:00(음1317),우미현,GRADE,가상강의(보조강의)
작곡전공실기 Ⅴ,전공(심화),예술대 음악과 작곡,월19:00~20:00(음1316),한대섭,GRADE,가상강의(보조강의)
실용음악 1,전공(심화),예술대 음악과 작곡,월15:00~17:00(음1218),백은숙,GRADE,가상강의(보조강의)
현대음악(SEMINAR),전공(심화),예술대 음악과 작곡,목16:00~19:00(음1321),우미현,GRADE,가상강의(보조강의)
작곡전공실기 Ⅶ,전공(심화),예술대 음악과 작곡,금20:00~21:00(음1317),우미현,GRADE,가상강의(보조강의)
작곡전공실기 Ⅶ,전공(심화),예술대 음악과 작곡,수20:00~21:00(음1317),우미현,GRADE,가상강의(보조강의)
피아노전공실기 Ⅰ,전공(핵심),예술대 음악과 피아노,월18:00~19:00(음2203),김소연,GRADE,가상강의(보조강의)
피아노전공실기 Ⅰ,전공(핵심),예술대 음악과 피아노,월19:00~20:00(음2203),김소연,GRADE,가상강의(보조강의)
피아노전공실기 Ⅰ,전공(핵심),예술대 음악과 피아노,월20:00~21:00(음2203),김소연,GRADE,가상강의(보조강의)
피아노전공실기 Ⅰ,전공(핵심),예술대 음악과 피아노,월21:00~22:00(음2203),김소연,GRADE,가상강의(보조강의)
피아노전공실기 Ⅰ,전공(핵심),예술대 음악과 피아노,화18:00~19:00(음2203),김소연,GRADE,가상강의(보조강의)
피아노전공실기 Ⅰ,전공(핵심),예술대 음악과 피아노,화19:00~20:00(음2203),김소연,GRADE,가상강의(보조강의)
피아노전공실기 Ⅰ,전공(핵심),예술대 음악과 피아노,화20:00~21:00(음2203),김소연,GRADE,가상강의(보조강의)
피아노전공실기 Ⅰ,전공(핵심),예술대 음악과 피아노,화21:00~22:00(음2203),김소연,GRADE,가상강의(보조강의)
피아노전공실기 Ⅰ,전공(핵심),예술대 음악과 피아노,수18:00~19:00(음2203),김소연,GRADE,가상강의(보조강의)
피아노전공실기 Ⅰ,전공(핵심),예술대 음악과 피아노,화18:00~19:00(음2303),이주원,GRADE,가상강의(보조강의)
피아노전공실기 Ⅰ,전공(핵심),예술대 음악과 피아노,목18:00~19:00(음2303),안태준,GRADE,가상강의(보조강의)
피아노전공실기 Ⅰ,전공(핵심),예술대 음악과 피아노,목19:00~20:00(음2303),안태준,GRADE,가상강의(보조강의)
피아노전공실기 Ⅰ,전공(핵심),예술대 음악과 피아노,목20:00~21:00(음2303),안태준,GRADE,가상강의(보조강의)
피아노전공실기 Ⅰ,전공(핵심),예술대 음악과 피아노,월18:00~19:00(음2304),서필원,GRADE,가상강의(보조강의)
피아노전공실기 Ⅰ,전공(핵심),예술대 음악과 피아노,화18:00~19:00(음2304),김지은,GRADE,가상강의(보조강의)
피아노전공실기 Ⅰ,전공(핵심),예술대 음악과 피아노,화18:00~19:00(음2305),이은지,GRADE,가상강의(보조강의)
피아노전공실기 Ⅰ,전공(핵심),예술대 음악과 피아노,화19:00~20:00(음2305),이은지,GRADE,가상강의(보조강의)
피아노전공실기 Ⅰ,전공(핵심),예술대 음악과 피아노,목21:00~22:00(음2304),서필원,GRADE,가상강의(보조강의)
건반화성 1,전공(핵심),예술대 음악과 피아노,월12:00~14:00(음2306),김인선,GRADE,가상강의(보조강의)
반주법Ⅰ,전공(심화),예술대 음악과 피아노,목10:00~12:00(음2102),한도경,GRADE,가상강의(보조강의)
피아노전공실기 Ⅲ,전공(핵심),예술대 음악과 피아노,수19:00~20:00(음2203),김소연,GRADE,가상강의(보조강의)
피아노전공실기 Ⅲ,전공(핵심),예술대 음악과 피아노,수20:00~21:00(음2203),김소연,GRADE,가상강의(보조강의)
피아노전공실기 Ⅲ,전공(핵심),예술대 음악과 피아노,목18:00~19:00(음2203),김소연,GRADE,가상강의(보조강의)
피아노전공실기 Ⅲ,전공(핵심),예술대 음악과 피아노,목19:00~20:00(음2203),김소연,GRADE,가상강의(보조강의)
피아노전공실기 Ⅲ,전공(핵심),예술대 음악과 피아노,화18:00~19:00(음2206),심근수,GRADE,가상강의(보조강의)
피아노전공실기 Ⅲ,전공(핵심),예술대 음악과 피아노,화19:00~20:00(음2206),심근수,GRADE,가상강의(보조강의)
피아노전공실기 Ⅲ,전공(핵심),예술대 음악과 피아노,금18:00~19:00(음2303),안태준,GRADE,가상강의(보조강의)
피아노전공실기 Ⅲ,전공(핵심),예술대 음악과 피아노,월19:00~20:00(음2304),서필원,GRADE,가상강의(보조강의)
피아노전공실기 Ⅲ,전공(핵심),예술대 음악과 피아노,월20:00~21:00(음2304),서필원,GRADE,가상강의(보조강의)
피아노전공실기 Ⅲ,전공(핵심),예술대 음악과 피아노,화19:00~20:00(음2304),김지은,GRADE,가상강의(보조강의)
피아노전공실기 Ⅲ,전공(핵심),예술대 음악과 피아노,화20:00~21:00(음2304),김지은,GRADE,가상강의(보조강의)
피아노전공실기 Ⅲ,전공(핵심),예술대 음악과 피아노,월18:00~19:00(음2305),김은아,GRADE,가상강의(보조강의)
피아노전공실기 Ⅲ,전공(핵심),예술대 음악과 피아노,화20:00~21:00(음2305),이은지,GRADE,가상강의(보조강의)
피아노전공실기 Ⅲ,전공(핵심),예술대 음악과 피아노,수18:00~19:00(음2305),이은지,GRADE,가상강의(보조강의)
피아노전공실기 Ⅲ,전공(핵심),예술대 음악과 피아노,수19:00~20:00(음2305),이은지,GRADE,가상강의(보조강의)
피아노전공실기 Ⅲ,전공(핵심),예술대 음악과 피아노,목18:00~19:00(음2305),김성재,GRADE,가상강의(보조강의)
피아노전공실기 Ⅲ,전공(핵심),예술대 음악과 피아노,목19:00~20:00(음2305),김성재,GRADE,가상강의(보조강의)
피아노전공실기 Ⅲ,전공(핵심),예술대 음악과 피아노,목20:00~21:00(음2305),김성재,GRADE,가상강의(보조강의)
피아노전공실기 Ⅲ,전공(핵심),예술대 음악과 피아노,금18:00~19:00(음2305),김성재,GRADE,가상강의(보조강의)
피아노전공실기 Ⅲ,전공(핵심),예술대 음악과 피아노,금19:00~20:00(음2305),김성재,GRADE,가상강의(보조강의)
피아노전공실기 Ⅲ,전공(핵심),예술대 음악과 피아노,금20:00~21:00(음2305),김성재,GRADE,가상강의(보조강의)
피아노문헌 1,전공(핵심),예술대 음악과 피아노,월12:00~14:00(음1321),나예지,GRADE,가상강의(보조강의)
피아노실내악Ⅰ,전공(심화),예술대 음악과 피아노,화10:00~12:00(음2303),김은아,GRADE,가상강의(보조강의)
피아노전공실기 Ⅴ,전공(심화),예술대 음악과 피아노,목20:00~21:00(음2203),김소연,GRADE,가상강의(보조강의)
피아노전공실기 Ⅴ,전공(심화),예술대 음악과 피아노,목21:00~22:00(음2203),김소연,GRADE,가상강의(보조강의)
피아노전공실기 Ⅴ,전공(심화),예술대 음악과 피아노,토13:00~14:00(음2203),김소연,GRADE,가상강의(보조강의)
피아노전공실기 Ⅴ,전공(심화),예술대 음악과 피아노,금19:00~20:00(음2203),김소연,GRADE,가상강의(보조강의)
피아노전공실기 Ⅴ,전공(심화),예술대 음악과 피아노,월18:00~19:00(음2206),나예지,GRADE,가상강의(보조강의)
피아노전공실기 Ⅴ,전공(심화),예술대 음악과 피아노,월19:00~20:00(음2206),나예지,GRADE,가상강의(보조강의)
피아노전공실기 Ⅴ,전공(심화),예술대 음악과 피아노,월20:00~21:00(음2206),나예지,GRADE,가상강의(보조강의)
피아노전공실기 Ⅴ,전공(심화),예술대 음악과 피아노,월21:00~22:00(음2206),나예지,GRADE,가상강의(보조강의)
피아노전공실기 Ⅴ,전공(심화),예술대 음악과 피아노,화20:00~21:00(음2206),심근수,GRADE,가상강의(보조강의)
피아노전공실기 Ⅴ,전공(심화),예술대 음악과 피아노,목17:00~18:00(음2206),한도경,GRADE,가상강의(보조강의)
피아노전공실기 Ⅴ,전공(심화),예술대 음악과 피아노,목19:00~20:00(음2206),한도경,GRADE,가상강의(보조강의)
피아노전공실기 Ⅴ,전공(심화),예술대 음악과 피아노,월18:00~19:00(음2303),김인선,GRADE,가상강의(보조강의)
피아노전공실기 Ⅴ,전공(심화),예술대 음악과 피아노,화19:00~20:00(음2303),이주원,GRADE,가상강의(보조강의)
피아노전공실기 Ⅴ,전공(심화),예술대 음악과 피아노,금19:00~20:00(음2303),안태준,GRADE,가상강의(보조강의)
피아노전공실기 Ⅴ,전공(심화),예술대 음악과 피아노,월21:00~22:00(음2304),서필원,GRADE,가상강의(보조강의)
피아노전공실기 Ⅴ,전공(심화),예술대 음악과 피아노,목18:00~19:00(음2304),김지은,GRADE,가상강의(보조강의)
반주법 Ⅲ,전공(심화),예술대 음악과 피아노,목12:00~14:00(음2102),한도경,GRADE,가상강의(보조강의)
피아노교수법 1,전공(심화),예술대 음악과 피아노,월14:00~16:00(음2306),김인선,GRADE,가상강의(보조강의)
피아노전공실기 Ⅶ,전공(심화),예술대 음악과 피아노,금20:00~21:00(음2203),김소연,GRADE,가상강의(보조강의)
피아노전공실기 Ⅶ,전공(심화),예술대 음악과 피아노,금21:00~22:00(음2203),김소연,GRADE,가상강의(보조강의)
피아노전공실기 Ⅶ,전공(심화),예술대 음악과 피아노,월08:00~09:00(음2206),김소연,GRADE,가상강의(보조강의)
피아노전공실기 Ⅶ,전공(심화),예술대 음악과 피아노,화08:00~09:00(음2203),김소연,GRADE,가상강의(보조강의)
피아노전공실기 Ⅶ,전공(심화),예술대 음악과 피아노,토09:00~10:00(음2203),김소연,GRADE,가상강의(보조강의)
피아노전공실기 Ⅶ,전공(심화),예술대 음악과 피아노,수08:00~09:00(음2203),김소연,GRADE,가상강의(보조강의)
피아노전공실기 Ⅶ,전공(심화),예술대 음악과 피아노,목08:00~09:00(음2203),김소연,GRADE,가상강의(보조강의)
피아노전공실기 Ⅶ,전공(심화),예술대 음악과 피아노,금08:00~09:00(음2203),김소연,GRADE,가상강의(보조강의)
피아노전공실기 Ⅶ,전공(심화),예술대 음악과 피아노,토12:00~13:00(음2203),김소연,GRADE,가상강의(보조강의)
피아노전공실기 Ⅶ,전공(심화),예술대 음악과 피아노,토10:00~11:00(음2203),김소연,GRADE,가상강의(보조강의)
피아노전공실기 Ⅶ,전공(심화),예술대 음악과 피아노,토11:00~12:00(음2203),김소연,GRADE,가상강의(보조강의)
피아노전공실기 Ⅶ,전공(심화),예술대 음악과 피아노,수18:00~19:00(음2206),심근수,GRADE,가상강의(보조강의)
피아노전공실기 Ⅶ,전공(심화),예술대 음악과 피아노,수19:00~20:00(음2206),심근수,GRADE,가상강의(보조강의)
피아노전공실기 Ⅶ,전공(심화),예술대 음악과 피아노,월19:00~20:00(음2303),김인선,GRADE,가상강의(보조강의)
피아노전공실기 Ⅶ,전공(심화),예술대 음악과 피아노,화20:00~21:00(음2303),이주원,GRADE,가상강의(보조강의)
피아노전공실기 Ⅶ,전공(심화),예술대 음악과 피아노,금20:00~21:00(음2303),안태준,GRADE,가상강의(보조강의)
피아노전공실기 Ⅶ,전공(심화),예술대 음악과 피아노,목19:00~20:00(음2304),김지은,GRADE,가상강의(보조강의)
피아노전공실기 Ⅶ,전공(심화),예술대 음악과 피아노,목20:00~21:00(음2304),김지은,GRADE,가상강의(보조강의)
피아노전공실기 Ⅶ,전공(심화),예술대 음악과 피아노,월19:00~20:00(음2305),김은아,GRADE,가상강의(보조강의)
피아노전공실기 Ⅶ,전공(심화),예술대 음악과 피아노,월20:00~21:00(음2305),김은아,GRADE,가상강의(보조강의)
피아노전공실기 Ⅶ,전공(심화),예술대 음악과 피아노,수20:00~21:00(음2305),이은지,GRADE,가상강의(보조강의)
한국음악,전공(핵심),예술대학 관현악과,월10:00~12:00(음2301),이자인,GRADE,가상강의(보조강의)
대학생활과 진로설계,교양(소양필수),예술대학 관현악과,목14:00~15:00(음1321),유영대,GRADE,가상강의(보조강의)
미래설계상담3,전공(기초),예술대학 관현악과,,강주이,PASS/FAIL,가상강의(보조강의)
관현악3,전공(핵심),예술대학 관현악과,"월15:00~18:00(오케201), 수15:00~18:00(오케201)",조규진,GRADE,가상강의(보조강의)
연주및비평1,전공(핵심),예술대학 관현악과,수10:00~12:00(음1120),강주이,GRADE,가상강의(보조강의)
미래설계상담5,전공(기초),예술대학 관현악과,,강주이,PASS/FAIL,가상강의(보조강의)
관현악5,전공(심화),예술대학 관현악과,"월15:00~18:00(오케201), 수15:00~18:00(오케201)",조규진,GRADE,가상강의(보조강의)
관현악7,전공(심화),예술대학 관현악과,"월15:00~18:00(오케201), 수15:00~18:00(오케201)",조규진,GRADE,가상강의(보조강의)
지휘법1,전공(심화),예술대학 관현악과,화13:00~16:00(오케201),김가진,GRADE,가상강의(보조강의)
미래설계상담1,전공(기초),예술대 관현악과 관악,,조규진,PASS/FAIL,가상강의(보조강의)
음악이론,전공(핵심),예술대 관현악과 관악,화10:00~12:00(음1213),우미현,GRADE,가상강의(보조강의)
관현악1,전공(핵심),예술대 관현악과 관악,"월12:00~15:00(오케201), 수12:00~15:00(오케201)",조규진,GRADE,가상강의(보조강의)
관악합주 1,전공(핵심),예술대 관현악과 관악,"화16:00~18:00(오케201), 목16:00~18:00(오케201)",유영대,GRADE,가상강의(보조강의)
관악전공실기 1,전공(핵심),예술대 관현악과 관악,월18:00~19:00(음1314),유영대,GRADE,가상강의(보조강의)
관악전공실기 1,전공(핵심),예술대 관현악과 관악,월18:00~19:00(음1304),이효연,GRADE,가상강의(보조강의)
관악전공실기 1,전공(핵심),예술대 관현악과 관악,월18:00~19:00(음1309),서윤정,GRADE,가상강의(보조강의)
관악전공실기 1,전공(핵심),예술대 관현악과 관악,월18:00~19:00(음1303),이준목,GRADE,가상강의(보조강의)
관악전공실기 1,전공(핵심),예술대 관현악과 관악,월19:00~20:00(음1303),이준목,GRADE,가상강의(보조강의)
관악전공실기 1,전공(핵심),예술대 관현악과 관악,월18:00~19:00(음1302),최예설,GRADE,가상강의(보조강의)
관악전공실기 1,전공(핵심),예술대 관현악과 관악,월18:00~19:00(음1310),임승구,GRADE,가상강의(보조강의)
관악전공실기 1,전공(핵심),예술대 관현악과 관악,월19:00~20:00(음1310),임승구,GRADE,가상강의(보조강의)
관악전공실기 1,전공(핵심),예술대 관현악과 관악,월18:00~19:00(음1301),박성현,GRADE,가상강의(보조강의)
관악전공실기 1,전공(핵심),예술대 관현악과 관악,월18:00~19:00(음1306),최제민,GRADE,가상강의(보조강의)
관악전공실기 1,전공(핵심),예술대 관현악과 관악,월18:00~19:00(음1102),송정미,GRADE,가상강의(보조강의)
관악합주 3,전공(핵심),예술대 관현악과 관악,"화16:00~18:00(오케201), 목16:00~18:00(오케201)",유영대,GRADE,가상강의(보조강의)
관악실내악 1,전공(핵심),예술대 관현악과 관악,화12:00~16:00(음2210),임승구,GRADE,가상강의(보조강의)
관악클래스1,전공(심화),예술대 관현악과 관악,금18:00~20:00(음1113),김영은,GRADE,가상강의(보조강의)
관악전공실기 3,전공(핵심),예술대 관현악과 관악,화18:00~19:00(음1310),임승구,GRADE,가상강의(보조강의)
관악전공실기 3,전공(핵심),예술대 관현악과 관악,화18:00~19:00(음1305),한성은,GRADE,가상강의(보조강의)
관악전공실기 3,전공(핵심),예술대 관현악과 관악,화19:00~20:00(음1305),한성은,GRADE,가상강의(보조강의)
관악전공실기 3,전공(핵심),예술대 관현악과 관악,화18:00~19:00(음1309),서윤정,GRADE,가상강의(보조강의)
관악전공실기 3,전공(핵심),예술대 관현악과 관악,화18:00~19:00(음1308),이충헌,GRADE,가상강의(보조강의)
관악전공실기 3,전공(핵심),예술대 관현악과 관악,화18:00~19:00(음1306),윤용진,GRADE,가상강의(보조강의)
관악전공실기 3,전공(핵심),예술대 관현악과 관악,화18:00~19:00(음1101),이규진,GRADE,가상강의(보조강의)
관악합주 5,전공(심화),예술대 관현악과 관악,"화16:00~18:00(오케201), 목16:00~18:00(오케201)",유영대,GRADE,가상강의(보조강의)
관악실내악 3,전공(심화),예술대 관현악과 관악,화12:00~16:00(음1113),윤용진,GRADE,가상강의(보조강의)
관악전공실기 5,전공(심화),예술대 관현악과 관악,수18:00~19:00(음1310),임승구,GRADE,가상강의(보조강의)
관악전공실기 5,전공(심화),예술대 관현악과 관악,수18:00~19:00(음1304),이효연,GRADE,가상강의(보조강의)
관악전공실기 5,전공(심화),예술대 관현악과 관악,수19:00~20:00(음1304),이효연,GRADE,가상강의(보조강의)
관악전공실기 5,전공(심화),예술대 관현악과 관악,수20:00~21:00(음1304),이효연,GRADE,가상강의(보조강의)
관악전공실기 5,전공(심화),예술대 관현악과 관악,수21:00~22:00(음1304),이효연,GRADE,가상강의(보조강의)
관악전공실기 5,전공(심화),예술대 관현악과 관악,수18:00~19:00(음1305),한성은,GRADE,가상강의(보조강의)
관악전공실기 5,전공(심화),예술대 관현악과 관악,수18:00~19:00(음1314),유영대,GRADE,가상강의(보조강의)
관악전공실기 5,전공(심화),예술대 관현악과 관악,수19:00~20:00(음1314),유영대,GRADE,가상강의(보조강의)
관악전공실기 5,전공(심화),예술대 관현악과 관악,수18:00~19:00(음1308),이충헌,GRADE,가상강의(보조강의)
관악전공실기 5,전공(심화),예술대 관현악과 관악,수19:00~20:00(음1308),이충헌,GRADE,가상강의(보조강의)
관악전공실기 5,전공(심화),예술대 관현악과 관악,수20:00~21:00(음1308),이충헌,GRADE,가상강의(보조강의)
관악전공실기 5,전공(심화),예술대 관현악과 관악,수21:00~22:00(음1308),이충헌,GRADE,가상강의(보조강의)
관악전공실기 5,전공(심화),예술대 관현악과 관악,수22:00~23:00(음1308),이충헌,GRADE,가상강의(보조강의)
관악전공실기 5,전공(심화),예술대 관현악과 관악,수18:00~19:00(음1301),박성현,GRADE,가상강의(보조강의)
관악전공실기 5,전공(심화),예술대 관현악과 관악,수19:00~20:00(음1301),박성현,GRADE,가상강의(보조강의)
관악전공실기 5,전공(심화),예술대 관현악과 관악,수18:00~19:00(음1306),최제민,GRADE,가상강의(보조강의)
음악분석 1,전공(심화),예술대 관현악과 관악,월09:00~11:00(음1213),최현정,GRADE,가상강의(보조강의)
관악문헌 1,전공(심화),예술대 관현악과 관악,수10:00~12:00(음2306),임승구,GRADE,가상강의(보조강의)
관악합주 7,전공(심화),예술대 관현악과 관악,"화16:00~18:00(오케201), 목16:00~18:00(오케201)",유영대,GRADE,가상강의(보조강의)
관악전공실기 7,전공(심화),예술대 관현악과 관악,목18:00~19:00(음1314),유영대,GRADE,가상강의(보조강의)
관악전공실기 7,전공(심화),예술대 관현악과 관악,목19:00~20:00(음1314),유영대,GRADE,가상강의(보조강의)
관악전공실기 7,전공(심화),예술대 관현악과 관악,목20:00~21:00(음1314),유영대,GRADE,가상강의(보조강의)
관악전공실기 7,전공(심화),예술대 관현악과 관악,목18:00~19:00(음1305),한성은,GRADE,가상강의(보조강의)
관악전공실기 7,전공(심화),예술대 관현악과 관악,목18:00~19:00(음1309),서윤정,GRADE,가상강의(보조강의)
관악전공실기 7,전공(심화),예술대 관현악과 관악,목19:00~20:00(음1309),서윤정,GRADE,가상강의(보조강의)
관악전공실기 7,전공(심화),예술대 관현악과 관악,목18:00~19:00(음1302),최예설,GRADE,가상강의(보조강의)
관악전공실기 7,전공(심화),예술대 관현악과 관악,목19:00~20:00(음1302),최예설,GRADE,가상강의(보조강의)
관악전공실기 7,전공(심화),예술대 관현악과 관악,목18:00~19:00(음1310),임승구,GRADE,가상강의(보조강의)
관악전공실기 7,전공(심화),예술대 관현악과 관악,목18:00~19:00(음1301),박성현,GRADE,가상강의(보조강의)
관악전공실기 7,전공(심화),예술대 관현악과 관악,목18:00~19:00(음1102),송정미,GRADE,가상강의(보조강의)
관악전공실기 7,전공(심화),예술대 관현악과 관악,목18:00~19:00(음1101),이규진,GRADE,가상강의(보조강의)
현악합주1,전공(핵심),예술대 관현악과 현악,목09:00~13:00(오케201),정진우,GRADE,가상강의(보조강의)
현악전공실기 1,전공(핵심),예술대 관현악과 현악,월18:00~19:00(음1319),강주이,GRADE,가상강의(보조강의)
현악전공실기 1,전공(핵심),예술대 관현악과 현악,월19:00~20:00(음1319),강주이,GRADE,가상강의(보조강의)
현악전공실기 1,전공(핵심),예술대 관현악과 현악,월20:00~21:00(음1319),강주이,GRADE,가상강의(보조강의)
현악전공실기 1,전공(핵심),예술대 관현악과 현악,월18:00~19:00(음2214),고기연,GRADE,가상강의(보조강의)
현악전공실기 1,전공(핵심),예술대 관현악과 현악,월19:00~20:00(음2214),고기연,GRADE,가상강의(보조강의)
현악전공실기 1,전공(핵심),예술대 관현악과 현악,월18:00~19:00(음2219),이혜원,GRADE,가상강의(보조강의)
현악전공실기 1,전공(핵심),예술대 관현악과 현악,월19:00~20:00(음2219),이혜원,GRADE,가상강의(보조강의)
현악전공실기 1,전공(핵심),예술대 관현악과 현악,월20:00~21:00(음2219),이혜원,GRADE,가상강의(보조강의)
현악전공실기 1,전공(핵심),예술대 관현악과 현악,월18:00~19:00(음1104),임성윤,GRADE,가상강의(보조강의)
현악전공실기 1,전공(핵심),예술대 관현악과 현악,월19:00~20:00(음1104),임성윤,GRADE,가상강의(보조강의)
현악전공실기 1,전공(핵심),예술대 관현악과 현악,월20:00~21:00(음1104),임성윤,GRADE,가상강의(보조강의)
현악전공실기 1,전공(핵심),예술대 관현악과 현악,월21:00~22:00(음1104),임성윤,GRADE,가상강의(보조강의)
현악전공실기 1,전공(핵심),예술대 관현악과 현악,월18:00~19:00(음1320),이송희,GRADE,가상강의(보조강의)
현악전공실기 1,전공(핵심),예술대 관현악과 현악,월19:00~20:00(음1320),이송희,GRADE,가상강의(보조강의)
현악전공실기 1,전공(핵심),예술대 관현악과 현악,월18:00~19:00(음1103),김현서,GRADE,가상강의(보조강의)
현악합주 3,전공(핵심),예술대 관현악과 현악,목09:00~13:00(오케201),정진우,GRADE,가상강의(보조강의)
현악실내악 1,전공(핵심),예술대 관현악과 현악,월10:00~14:00(음2210),강주이,GRADE,가상강의(보조강의)
현악클래스1,전공(심화),예술대 관현악과 현악,금18:00~20:00(음2210),동신혜,GRADE,가상강의(보조강의)
현악전공실기 3,전공(핵심),예술대 관현악과 현악,화18:00~19:00(음1320),이송희,GRADE,가상강의(보조강의)
현악전공실기 3,전공(핵심),예술대 관현악과 현악,화19:00~20:00(음1320),이송희,GRADE,가상강의(보조강의)
현악전공실기 3,전공(핵심),예술대 관현악과 현악,화18:00~19:00(음2215),동신혜,GRADE,가상강의(보조강의)
현악전공실기 3,전공(핵심),예술대 관현악과 현악,화19:00~20:00(음2215),동신혜,GRADE,가상강의(보조강의)
현악전공실기 3,전공(핵심),예술대 관현악과 현악,화20:00~21:00(음2215),동신혜,GRADE,가상강의(보조강의)
현악전공실기 3,전공(핵심),예술대 관현악과 현악,화18:00~19:00(음2217),이무은,GRADE,가상강의(보조강의)
현악전공실기 3,전공(핵심),예술대 관현악과 현악,화19:00~20:00(음2217),이무은,GRADE,가상강의(보조강의)
현악전공실기 3,전공(핵심),예술대 관현악과 현악,화18:00~19:00(음2218),이원식,GRADE,가상강의(보조강의)
현악전공실기 3,전공(핵심),예술대 관현악과 현악,화18:00~19:00(음2219),이혜원,GRADE,가상강의(보조강의)
현악전공실기 3,전공(핵심),예술대 관현악과 현악,화18:00~19:00(음1104),임성윤,GRADE,가상강의(보조강의)
현악전공실기 3,전공(핵심),예술대 관현악과 현악,화18:00~19:00(음1103),김현서,GRADE,가상강의(보조강의)
현악전공실기 3,전공(핵심),예술대 관현악과 현악,화18:00~19:00(음1313),유이삭,GRADE,가상강의(보조강의)
현악실내악 3,전공(심화),예술대 관현악과 현악,월09:00~13:00(음1113),이송희,GRADE,가상강의(보조강의)
현악전공실기 5,전공(심화),예술대 관현악과 현악,수18:00~19:00(음1320),이송희,GRADE,가상강의(보조강의)
현악전공실기 5,전공(심화),예술대 관현악과 현악,수18:00~19:00(음2214),고기연,GRADE,가상강의(보조강의)
현악전공실기 5,전공(심화),예술대 관현악과 현악,수18:00~19:00(음2215),동신혜,GRADE,가상강의(보조강의)
현악전공실기 5,전공(심화),예술대 관현악과 현악,수19:00~20:00(음2215),동신혜,GRADE,가상강의(보조강의)
현악전공실기 5,전공(심화),예술대 관현악과 현악,수18:00~19:00(음2216),배시온,GRADE,가상강의(보조강의)
현악전공실기 5,전공(심화),예술대 관현악과 현악,수18:00~19:00(음2218),이원식,GRADE,가상강의(보조강의)
현악전공실기 5,전공(심화),예술대 관현악과 현악,수19:00~20:00(음2218),이원식,GRADE,가상강의(보조강의)
현악전공실기 5,전공(심화),예술대 관현악과 현악,수20:00~21:00(음2218),이원식,GRADE,가상강의(보조강의)
현악전공실기 5,전공(심화),예술대 관현악과 현악,수18:00~19:00(음1104),임성윤,GRADE,가상강의(보조강의)
현악전공실기 5,전공(심화),예술대 관현악과 현악,수18:00~19:00(음1319),강주이,GRADE,가상강의(보조강의)
현악전공실기 5,전공(심화),예술대 관현악과 현악,수19:00~20:00(음1319),강주이,GRADE,가상강의(보조강의)
현악전공실기 5,전공(심화),예술대 관현악과 현악,수20:00~21:00(음1319),강주이,GRADE,가상강의(보조강의)
현악전공실기 5,전공(심화),예술대 관현악과 현악,수21:00~22:00(음1319),강주이,GRADE,가상강의(보조강의)
현악전공실기 5,전공(심화),예술대 관현악과 현악,수18:00~19:00(음1103),김현서,GRADE,가상강의(보조강의)
현악전공실기 5,전공(심화),예술대 관현악과 현악,수18:00~19:00(음1313),유이삭,GRADE,가상강의(보조강의)
현악문헌 1,전공(심화),예술대 관현악과 현악,화10:00~12:00(음1321),이송희,GRADE,가상강의(보조강의)
현악전공실기 7,전공(심화),예술대 관현악과 현악,목18:00~19:00(음1319),강주이,GRADE,가상강의(보조강의)
현악전공실기 7,전공(심화),예술대 관현악과 현악,목19:00~20:00(음1319),강주이,GRADE,가상강의(보조강의)
현악전공실기 7,전공(심화),예술대 관현악과 현악,목18:00~19:00(음2216),배시온,GRADE,가상강의(보조강의)
현악전공실기 7,전공(심화),예술대 관현악과 현악,목19:00~20:00(음2216),배시온,GRADE,가상강의(보조강의)
현악전공실기 7,전공(심화),예술대 관현악과 현악,목18:00~19:00(음2217),이무은,GRADE,가상강의(보조강의)
현악전공실기 7,전공(심화),예술대 관현악과 현악,목19:00~20:00(음2217),이무은,GRADE,가상강의(보조강의)
현악전공실기 7,전공(심화),예술대 관현악과 현악,목20:00~21:00(음2217),이무은,GRADE,가상강의(보조강의)
현악전공실기 7,전공(심화),예술대 관현악과 현악,목18:00~19:00(음2218),이원식,GRADE,가상강의(보조강의)
현악전공실기 7,전공(심화),예술대 관현악과 현악,목19:00~20:00(음2218),이원식,GRADE,가상강의(보조강의)
현악전공실기 7,전공(심화),예술대 관현악과 현악,목20:00~21:00(음2218),이원식,GRADE,가상강의(보조강의)
현악전공실기 7,전공(심화),예술대 관현악과 현악,목18:00~19:00(음1320),이송희,GRADE,가상강의(보조강의)
현악전공실기 7,전공(심화),예술대 관현악과 현악,목18:00~19:00(음1103),김현서,GRADE,가상강의(보조강의)
현악전공실기 7,전공(심화),예술대 관현악과 현악,목18:00~19:00(음1313),유이삭,GRADE,가상강의(보조강의)
미술의이해,교양(소양),예술대학 회화과,"월12:00~13:30(교205), 목13:30~15:00(교205)",노명수,GRADE,가상강의(보조강의)
드로잉과기초조형,교양(소양),예술대학 회화과,"화09:00~10:30(교205), 금10:30~12:00(교205)",강보희,GRADE,가상강의(보조강의)
미래설계상담1,전공(기초),예술대 회화과 한국화,,박능생,PASS/FAIL,가상강의(보조강의)
기초문인화,전공(기초),예술대 회화과 한국화,월09:00~13:00(미0215),권영찬,GRADE,가상강의(보조강의)
기초채색화,전공(기초),예술대 회화과 한국화,화14:00~18:00(미0215),손경숙,GRADE,가상강의(보조강의)
모필조형,전공(기초),예술대 회화과 한국화,월14:00~18:00(미0215),박능생,GRADE,가상강의(보조강의)
미술교육론,전공(심화),예술대 회화과 한국화,화11:00~13:00(미0208),서상호,GRADE,가상강의(보조강의)
미래설계상담3,전공(기초),예술대 회화과 한국화,,손경숙,PASS/FAIL,가상강의(보조강의)
한국화기법,전공(심화),예술대 회화과 한국화,수09:00~13:00(미0308),박능생,GRADE,가상강의(보조강의)
한국화론,전공(심화),예술대 회화과 한국화,월11:00~13:00(미0208),허나영,GRADE,가상강의(보조강의)
전통회화기법 1,전공(기초),예술대 회화과 한국화,월14:00~18:00(미0308),손광석,GRADE,가상강의(보조강의)
채색화기법 1,전공(기초),예술대 회화과 한국화,수14:00~18:00(미0308),손경숙,GRADE,가상강의(보조강의)
전시기획론,전공(심화),예술대 회화과 한국화,화14:00~16:00(미0208),서상호,GRADE,가상강의(보조강의)
미래설계상담5,전공(기초),예술대 회화과 한국화,,손경숙,PASS/FAIL,가상강의(보조강의)
동양미술사,전공(심화),예술대 회화과 한국화,금09:00~11:00(미0208),노명수,GRADE,가상강의(보조강의)
한국화 판화실기,전공(심화),예술대 회화과 한국화,화14:00~18:00(미0108),조현익,GRADE,가상강의(보조강의)
수묵화기법 2,전공(핵심),예술대 회화과 한국화,수14:00~18:00(미0309),박능생,GRADE,가상강의(보조강의)
채색화기법 2,전공(핵심),예술대 회화과 한국화,월14:00~18:00(미0309),손경숙,GRADE,가상강의(보조강의)
한국화 재료기법 1,전공(핵심),예술대 회화과 한국화,목14:00~18:00(미0309),전가을,GRADE,가상강의(보조강의)
전통회화기법 3,전공(심화),예술대 회화과 한국화,화09:00~13:00(미0309),김진아,GRADE,가상강의(보조강의)
아시아 미술작품 연구,전공(심화),예술대 회화과 한국화,수11:00~13:00(미0208),나현진,GRADE,가상강의(보조강의)
수묵화기법 4,전공(핵심),예술대 회화과 한국화,화14:00~18:00(미0310),박능생,GRADE,가상강의(보조강의)
채색화기법 4,전공(핵심),예술대 회화과 한국화,목14:00~18:00(미0310),이은정,GRADE,가상강의(보조강의)
한국화재료기법 3,전공(심화),예술대 회화과 한국화,월09:00~13:00(미0310),구인성,GRADE,가상강의(보조강의)
한국화표현기법 3,전공(심화),예술대 회화과 한국화,월14:00~18:00(미0310),지요상,GRADE,가상강의(보조강의)
한국화실험조형3,전공(심화),예술대 회화과 한국화,화09:00~13:00(미0310),손경숙,GRADE,가상강의(보조강의)
미래설계상담1,전공(기초),예술대 회화과 서양화,,박우식,PASS/FAIL,가상강의(보조강의)
수채화,전공(기초),예술대 회화과 서양화,월14:00~18:00(미0217),이혜숙,GRADE,가상강의(보조강의)
기초회화,전공(기초),예술대 회화과 서양화,수09:00~13:00(미0217),박우식,GRADE,가상강의(보조강의)
소묘,전공(기초),예술대 회화과 서양화,목09:00~13:00(미0217),박지혜,GRADE,가상강의(보조강의)
미래설계상담3,전공(기초),예술대 회화과 서양화,,박우식,PASS/FAIL,가상강의(보조강의)
추상화1,전공(심화),예술대 회화과 서양화,수09:00~13:00(미0218),임형선,GRADE,가상강의(보조강의)
양화론,전공(심화),예술대 회화과 서양화,목14:00~16:00(미0208),박세라,GRADE,가상강의(보조강의)
유화1,전공(기초),예술대 회화과 서양화,수14:00~18:00(미0218),박우식,GRADE,가상강의(보조강의)
소재와기법1,전공(기초),예술대 회화과 서양화,월14:00~18:00(미0218),이주영,GRADE,가상강의(보조강의)
색채학,전공(심화),예술대 회화과 서양화,화16:00~18:00(미0208),김우리,GRADE,가상강의(보조강의)
미래설계상담5,전공(기초),예술대 회화과 서양화,,박우식,PASS/FAIL,가상강의(보조강의)
서양화 판화실기,전공(심화),예술대 회화과 서양화,화09:00~13:00(미0108),정원희,GRADE,가상강의(보조강의)
현대회화론,전공(심화),예술대 회화과 서양화,수09:00~11:00(미0208),김우리,GRADE,가상강의(보조강의)
창작회화1,전공(핵심),예술대 회화과 서양화,수14:00~18:00(미0216),사윤택,GRADE,가상강의(보조강의)
복합매체1,전공(핵심),예술대 회화과 서양화,목14:00~18:00(미0216),정연민,GRADE,가상강의(보조강의)
조형실기1,전공(핵심),예술대 회화과 서양화,화14:00~18:00(미0216),박우식,GRADE,가상강의(보조강의)
창작과비평1,전공(심화),예술대 회화과 서양화,금14:00~18:00(미0216),정규돈,GRADE,가상강의(보조강의)
서양미술사 I,전공(심화),예술대 회화과 서양화,목12:00~14:00(미0208),박세라,GRADE,가상강의(보조강의)
형상과표현1,전공(핵심),예술대 회화과 서양화,월09:00~13:00(미0219),손원영,GRADE,가상강의(보조강의)
창작실기1,전공(핵심),예술대 회화과 서양화,화14:00~18:00(미0219),이인희,GRADE,가상강의(보조강의)
창작의구조,전공(심화),예술대 회화과 서양화,수09:00~13:00(미0219),이돈희,GRADE,가상강의(보조강의)
양화실기,전공(심화),예술대 회화과 서양화,화09:00~13:00(미0219),박우식,GRADE,가상강의(보조강의)
창작세미나1,전공(심화),예술대 회화과 서양화,목14:00~18:00(미0219),송병집,GRADE,가상강의(보조강의)
현대미술론,전공(심화),예술대 회화과 서양화,금14:00~16:00(미0208),류철하,GRADE,가상강의(보조강의)
미래설계상담1,전공(기초),예술대학 조소과,,박찬걸,PASS/FAIL,가상강의(보조강의)
기초조소 1,전공(기초),예술대학 조소과,목14:00~18:00(미0116),박찬걸,GRADE,가상강의(보조강의)
기초조형,전공(기초),예술대학 조소과,수09:00~13:00(미0116),신채훈,GRADE,가상강의(보조강의)
3D 모델링 기초1,전공(기초),예술대학 조소과,월14:00~18:00(미0208),박건재,GRADE,가상강의(보조강의)
예술과 삶,교양(소양),예술대학 조소과,"월15:00~16:30(교205), 목16:30~18:00(교205)",홍혜옥,GRADE,가상강의(보조강의)
미래설계상담3,전공(기초),예술대학 조소과,,박찬걸,PASS/FAIL,가상강의(보조강의)
조소1,전공(기초),예술대학 조소과,목14:00~18:00(미0115),박건재,GRADE,가상강의(보조강의)
조각론,전공(심화),예술대학 조소과,목10:00~12:00(미0212),김하림,GRADE,가상강의(보조강의)
컴퓨터조형1,전공(심화),예술대학 조소과,수14:00~16:00(미0102),장세일,GRADE,가상강의(보조강의)
철조1,전공(기초),예술대학 조소과,월14:00~18:00(미0115),강성훈,GRADE,가상강의(보조강의)
목조1,전공(심화),예술대학 조소과,금14:00~18:00(미0115),김원근,GRADE,가상강의(보조강의)
미술해부학 1,전공(기초),예술대학 조소과,금11:00~13:00(미0208),임호영,GRADE,가상강의(보조강의)
미래설계상담5,전공(기초),예술대학 조소과,,박찬걸,PASS/FAIL,가상강의(보조강의)
조소3,전공(핵심),예술대학 조소과,수14:00~18:00(미0117),박찬걸,GRADE,가상강의(보조강의)
현대조각론,전공(심화),예술대학 조소과,목12:00~14:00(미0212),김하림,GRADE,가상강의(보조강의)
인체표현2,전공(핵심),예술대학 조소과,목14:00~18:00(미0117),변대용,GRADE,가상강의(보조강의)
철조3,전공(핵심),예술대학 조소과,금14:00~18:00(미0117),홍경태,GRADE,가상강의(보조강의)
석조1,전공(심화),예술대학 조소과,월14:00~18:00(미0117),박정우,GRADE,가상강의(보조강의)
3D 입체조형,전공(심화),예술대학 조소과,화14:00~18:00(미0102),강민규,GRADE,가상강의(보조강의)
조소5,전공(핵심),예술대학 조소과,목14:00~18:00(미0118),김석우,GRADE,가상강의(보조강의)
재료기법 1,전공(핵심),예술대학 조소과,월14:00~18:00(미0118),김대성,GRADE,가상강의(보조강의)
인체표현4,전공(심화),예술대학 조소과,수14:00~18:00(미0118),곽휘곤,GRADE,가상강의(보조강의)
철조5,전공(심화),예술대학 조소과,화14:00~18:00(미0118),박찬걸,GRADE,가상강의(보조강의)
환경조형1,전공(심화),예술대학 조소과,수09:00~13:00(미0102),장세일,GRADE,가상강의(보조강의)
미학개론,전공(심화),예술대학 조소과,목10:00~12:00(미0208),홍혜옥,GRADE,가상강의(보조강의)
디자인과 생활,교양(소양),예술대학 디자인창의학과,목10:00~12:00(교101),김희라,GRADE,가상강의(보조강의)
디자인과 생활,교양(소양),예술대학 디자인창의학과,목14:00~16:00(교101),김희라,GRADE,가상강의(보조강의)
디지털사진,교양(소양),예술대학 디자인창의학과,화10:00~12:00(교105),이수철,GRADE,가상강의(보조강의)
대학생활과 진로설계,교양(소양필수),예술대학 디자인창의학과,월18:00~19:00(예디자3208),조성환,GRADE,가상강의(보조강의)
미래설계상담1,전공(기초),예술대 디자인창의학과 도자ㆍ섬유디자인,,임미강,PASS/FAIL,가상강의(보조강의)
입체조형Ⅰ,전공(기초),예술대 디자인창의학과 도자ㆍ섬유디자인,"수14:00~16:00(예디자3108), 수16:00~18:00(예디자3108)",임미강,GRADE,가상강의(보조강의)
기초조형-2D I,전공(기초),예술대 디자인창의학과 도자ㆍ섬유디자인,"월10:00~12:00(예디자3202), 월12:00~14:00(예디자3202)",양승빈,GRADE,가상강의(보조강의)
사진과 예술Ⅰ,전공(기초),예술대 디자인창의학과 도자ㆍ섬유디자인,"금14:00~15:00(예디자3202), 금15:00~17:00(예디자3202)",김태정,GRADE,가상강의(보조강의)
기초컴퓨터 Ⅰ,전공(기초),예술대 디자인창의학과 도자ㆍ섬유디자인,"목10:00~11:00(예디자3208), 목11:00~13:00(예디자3208)",연상민,GRADE,가상강의(보조강의)
미래설계상담3,전공(기초),예술대 디자인창의학과 도자ㆍ섬유디자인,,황승욱,PASS/FAIL,가상강의(보조강의)
기초도자성형기법 I,전공(핵심),예술대 디자인창의학과 도자ㆍ섬유디자인,"월09:00~11:00(예디자3102-1), 월11:00~13:00(예디자3102-1)",이지찬,GRADE,가상강의(보조강의)
기초도자조형디자인 I,전공(핵심),예술대 디자인창의학과 도자ㆍ섬유디자인,"금10:00~11:00(예디자3107), 금11:00~13:00(예디자3107)",박송희,GRADE,가상강의(보조강의)
기초컴퓨터조형모델링 I,전공(핵심),예술대 디자인창의학과 도자ㆍ섬유디자인,"수09:00~10:00(예디자3208), 수10:00~12:00(예디자3208)",황승욱,GRADE,가상강의(보조강의)
제품기획프로세스,전공(핵심),예술대 디자인창의학과 도자ㆍ섬유디자인,"수14:00~15:00(예디자3204), 수15:00~17:00(예디자3204)",황승욱,GRADE,가상강의(보조강의)
기초 위빙과 터프팅 Ⅰ,전공(핵심),예술대 디자인창의학과 도자ㆍ섬유디자인,"화14:00~15:00(예디자3204), 화15:00~17:00(예디자3204)",이성현,GRADE,가상강의(보조강의)
기초섬유조형디자인,전공(핵심),예술대 디자인창의학과 도자ㆍ섬유디자인,"화10:00~11:00(예디자3204), 화11:00~13:00(예디자3204)",인영혜,GRADE,가상강의(보조강의)
미래설계상담5,전공(기초),예술대 디자인창의학과 도자ㆍ섬유디자인,,황승욱,PASS/FAIL,가상강의(보조강의)
도자조형디자인 I,전공(심화),예술대 디자인창의학과 도자ㆍ섬유디자인,"화14:00~16:00(예디자3102-1), 화16:00~18:00(예디자3102-1)",임미강,GRADE,가상강의(보조강의)
섬유조형디자인 I,전공(심화),예술대 디자인창의학과 도자ㆍ섬유디자인,"목09:00~10:00(예디자3206), 목10:00~13:00(예디자3206)",강은혜,GRADE,가상강의(보조강의)
도자제품디자인 I,전공(심화),예술대 디자인창의학과 도자ㆍ섬유디자인,"화10:00~11:00(예디자3102-1), 화11:00~13:00(예디자3102-1)",이지찬,GRADE,가상강의(보조강의)
컴퓨터조형디자인 I,전공(심화),예술대 디자인창의학과 도자ㆍ섬유디자인,"월09:00~10:00(예디자3208), 월10:00~12:00(예디자3208)",황승욱,GRADE,가상강의(보조강의)
텍스타일 캡스톤디자인 l,전공(심화),예술대 디자인창의학과 도자ㆍ섬유디자인,"수14:00~15:00(예디자3208), 수15:00~17:00(예디자3208)",김채영,GRADE,가상강의(보조강의)
스크린 프린팅 Ⅱ,전공(심화),예술대 디자인창의학과 도자ㆍ섬유디자인,"목14:00~15:00(예디자3206), 목15:00~17:00(예디자3206)",채다영,GRADE,가상강의(보조강의)
도자제품캡스톤디자인,전공(심화),예술대 디자인창의학과 도자ㆍ섬유디자인,"화09:00~10:00(예디자3208), 화10:00~11:00(예디자3208), 화11:00~12:00(예디자3208)",황승욱,GRADE,가상강의(보조강의)
도자공간디자인 I,전공(심화),예술대 디자인창의학과 도자ㆍ섬유디자인,"목14:00~15:00(예디자3103-1), 목15:00~16:00(예디자3103-1), 목16:00~17:00(예디자3103-1)",임미강,GRADE,가상강의(보조강의)
섬유조형디자인 Ⅲ,전공(심화),예술대 디자인창의학과 도자ㆍ섬유디자인,"금14:00~15:00(예디자3207), 금15:00~17:00(예디자3207)",오화진,GRADE,가상강의(보조강의)
섬유융합제품디자인 Ⅰ,전공(심화),예술대 디자인창의학과 도자ㆍ섬유디자인,"월10:00~11:00(예디자3207), 월11:00~13:00(예디자3207)",최성일,GRADE,가상강의(보조강의)
미래설계상담1,전공(기초),예술대 디자인창의학과 시각ㆍ제품디자인,,오치규,PASS/FAIL,가상강의(보조강의)
평면조형디자인Ⅰ,전공(기초),예술대 디자인창의학과 시각ㆍ제품디자인,"목14:00~15:00(예디자3306), 목15:00~17:00(예디자3306)",김민아,GRADE,가상강의(보조강의)
입체조형디자인Ⅰ,전공(기초),예술대 디자인창의학과 시각ㆍ제품디자인,"월15:00~16:00(예디자3208), 월16:00~18:00(예디자3208)",조성환,GRADE,가상강의(보조강의)
디자인드로잉Ⅰ,전공(기초),예술대 디자인창의학과 시각ㆍ제품디자인,"화13:00~14:00(예디자3306), 화14:00~16:00(예디자3306)",이수철,GRADE,가상강의(보조강의)
디자인독서와 토론Ⅰ,전공(기초),예술대 디자인창의학과 시각ㆍ제품디자인,"월10:00~11:00(예디자3306), 월11:00~13:00(예디자3306)",박일호,GRADE,가상강의(보조강의)
디지털3D표현기법 l,전공(기초),예술대 디자인창의학과 시각ㆍ제품디자인,"목10:00~11:00(예디자3306), 목11:00~13:00(예디자3306)",차성욱,GRADE,가상강의(보조강의)
미래설계상담3,전공(기초),예술대 디자인창의학과 시각ㆍ제품디자인,,조성환,PASS/FAIL,가상강의(보조강의)
시각디자인 Ⅰ,전공(핵심),예술대 디자인창의학과 시각ㆍ제품디자인,"화09:00~10:00(예디자3307), 화10:00~12:00(예디자3307)",오치규,GRADE,가상강의(보조강의)
디지털 3D 모델링 Ⅰ,전공(핵심),예술대 디자인창의학과 시각ㆍ제품디자인,"금13:00~14:00(예디자3208), 금14:00~16:00(예디자3208)",안승식,GRADE,가상강의(보조강의)
디자인 표현기법 Ⅰ,전공(핵심),예술대 디자인창의학과 시각ㆍ제품디자인,"수09:00~10:00(예디자3307), 수10:00~12:00(예디자3307)",이예중,GRADE,가상강의(보조강의)
기획디자인 Ⅰ,전공(핵심),예술대 디자인창의학과 시각ㆍ제품디자인,"목10:00~11:00(예디자3307), 목11:00~13:00(예디자3307)",김인경,GRADE,가상강의(보조강의)
창의디자인 발상법Ⅰ,전공(핵심),예술대 디자인창의학과 시각ㆍ제품디자인,"수14:00~15:00(예디자3307), 수15:00~17:00(예디자3307)",조성환,GRADE,가상강의(보조강의)
디자인상품기획,전공(핵심),예술대 디자인창의학과 시각ㆍ제품디자인,"목14:00~15:00(예디자3307), 목15:00~17:00(예디자3307)",차성욱,GRADE,가상강의(보조강의)
미래설계상담5,전공(기초),예술대 디자인창의학과 시각ㆍ제품디자인,,조성환,PASS/FAIL,가상강의(보조강의)
아이덴티티 디자인 Ⅰ,전공(심화),예술대 디자인창의학과 시각ㆍ제품디자인,"목09:00~10:00(예디자3308), 목10:00~12:00(예디자3308)",이예중,GRADE,가상강의(보조강의)
시각·제품서비스디자인 Ⅰ,전공(심화),예술대 디자인창의학과 시각ㆍ제품디자인,"금09:00~10:00(예디자3308), 금10:00~12:00(예디자3308)",정윤재,GRADE,가상강의(보조강의)
시각정보캡스톤디자인,전공(심화),예술대 디자인창의학과 시각ㆍ제품디자인,"수09:00~10:00(예디자3308), 수10:00~12:00(예디자3308)",오치규,GRADE,가상강의(보조강의)
디자인융합캡스톤디자인 I,전공(심화),예술대 디자인창의학과 시각ㆍ제품디자인,"화10:00~11:00(예디자3308), 화11:00~12:00(예디자3308), 화12:00~13:00(예디자3308)",조성환,GRADE,가상강의(보조강의)
상품디자인실무 I,전공(심화),예술대 디자인창의학과 시각ㆍ제품디자인,"화14:00~15:00(예디자3308), 화15:00~16:00(예디자3308), 화16:00~17:00(예디자3308)",황세연,GRADE,가상강의(보조강의)
융합디자인 Ⅰ,전공(심화),예술대 디자인창의학과 시각ㆍ제품디자인,"수10:00~11:00(예디자3309), 수11:00~12:00(예디자3309), 수12:00~13:00(예디자3309)",조성환,GRADE,가상강의(보조강의)
커뮤니케이션디자인 Ⅰ,전공(심화),예술대 디자인창의학과 시각ㆍ제품디자인,"금13:00~14:00(예디자3309), 금14:00~16:00(예디자3309)",정윤재,GRADE,가상강의(보조강의)
제품서비스디자인 Ⅰ,전공(심화),예술대 디자인창의학과 시각ㆍ제품디자인,"금09:00~10:00(예디자3309), 금10:00~12:00(예디자3309)",정민현,GRADE,가상강의(보조강의)
디지털콘텐츠캡스톤디자인,전공(심화),예술대 디자인창의학과 시각ㆍ제품디자인,"월12:00~13:00(예디자3309), 월13:00~15:00(예디자3309)",오치규,GRADE,가상강의(보조강의)
3D콘텐츠기획Ⅰ,전공(심화),예술대 디자인창의학과 시각ㆍ제품디자인,"수15:00~16:00(예디자3309), 수16:00~17:00(예디자3309), 수17:00~18:00(예디자3309)",황세연,GRADE,가상강의(보조강의)
일반화학,전공(기초),수의과대학 수의예과,"화09:00~10:30(수0116), 수13:30~15:00(수0116)",고제원,GRADE,가상강의(보조강의)
생명과학,전공(기초),수의과대학 수의예과,"월13:30~15:00(수0116), 수16:00~17:30(수0116)",김철희,GRADE,가상강의(보조강의)
미래설계상담2,전공(기초),수의과대학 수의예과,,김태환,PASS/FAIL,가상강의(보조강의)
유기화학,전공(기초),수의과대학 수의예과,"화10:30~12:00(수0116), 금10:30~12:00(수0116)",손경선,GRADE,가상강의(보조강의)
동물행동학,전공(기초),수의과대학 수의예과,"화16:00~17:00(수0116), 목10:00~12:00(수0116)",위혜진,GRADE,가상강의(보조강의)
의학통계학,전공(핵심),수의과대학 수의예과,"화14:00~16:00(수0116), 목09:00~10:00(수0116)",이후석,GRADE,가상강의(보조강의)
동물사양및영양학,전공(핵심),수의과대학 수의예과,월09:00~12:00(수0116),박은규,GRADE,가상강의(보조강의)
미래설계상담1,전공(기초),수의과대학 수의학과,,홍의주,PASS/FAIL,가상강의(보조강의)
수의미생물학1,전공(기초),수의과대학 수의학과,"월09:00~11:00(수0214), 금14:00~15:00(수0214)",김태환,GRADE,가상강의(보조강의)
수의해부학1,전공(기초),수의과대학 수의학과,"수11:00~13:00(수0214), 목11:00~12:00(수0214)",홍금란,GRADE,가상강의(보조강의)
수의생리학1,전공(기초),수의과대학 수의학과,"수09:00~11:00(수0214), 목12:00~13:00(수0214)",이규필,GRADE,가상강의(보조강의)
수의조직학1,전공(기초),수의과대학 수의학과,화11:00~13:00(수0214),정주영,GRADE,가상강의(보조강의)
수의생화학 1,전공(기초),수의과대학 수의학과,월11:00~13:00(수0214),홍의주,GRADE,가상강의(보조강의)
수의발생학,전공(기초),수의과대학 수의학과,화09:00~11:00(수0214),정효영,GRADE,가상강의(보조강의)
수의면역학,전공(기초),수의과대학 수의학과,목09:00~11:00(수0214),서상희,GRADE,가상강의(보조강의)
수의미생물학실습 1,전공(기초),수의과대학 수의학과,금15:00~17:00(수0316),김태환,GRADE,가상강의(보조강의)
수의미생물학실습 1,전공(기초),수의과대학 수의학과,금17:00~19:00(수0316),김태환,GRADE,가상강의(보조강의)
수의해부학실습 1,전공(기초),수의과대학 수의학과,수14:00~16:00(수0115),홍금란,GRADE,가상강의(보조강의)
수의해부학실습 1,전공(기초),수의과대학 수의학과,수16:00~18:00(수0115),홍금란,GRADE,가상강의(보조강의)
수의생리학실습 1,전공(기초),수의과대학 수의학과,목14:00~16:00(수0316),이규필,GRADE,가상강의(보조강의)
수의생리학실습 1,전공(기초),수의과대학 수의학과,목16:00~18:00(수0316),이규필,GRADE,가상강의(보조강의)
수의조직학실습 1,전공(기초),수의과대학 수의학과,화14:00~16:00(수0316),정주영,GRADE,가상강의(보조강의)
수의조직학실습 1,전공(기초),수의과대학 수의학과,화16:00~18:00(수0316),정주영,GRADE,가상강의(보조강의)
수의생화학실습 1,전공(기초),수의과대학 수의학과,월14:00~16:00(수0316),홍의주,GRADE,가상강의(보조강의)
수의생화학실습 1,전공(기초),수의과대학 수의학과,월16:00~18:00(수0316),홍의주,GRADE,가상강의(보조강의)
수의발생학실습,전공(기초),수의과대학 수의학과,화16:00~18:00(수0317),정효영,GRADE,가상강의(보조강의)
수의발생학실습,전공(기초),수의과대학 수의학과,화14:00~16:00(수0317),정효영,GRADE,가상강의(보조강의)
수의면역학실습,전공(기초),수의과대학 수의학과,금09:00~11:00(수0316),서상희,GRADE,가상강의(보조강의)
수의면역학실습,전공(기초),수의과대학 수의학과,금11:00~13:00(수0316),서상희,GRADE,가상강의(보조강의)
미래설계상담3,전공(기초),수의과대학 수의학과,,홍의주,PASS/FAIL,가상강의(보조강의)
수의병리학1,전공(기초),수의과대학 수의학과,"수11:00~13:00(수0213), 목11:00~12:00(수0213)",권효정,GRADE,가상강의(보조강의)
수의공중보건학1,전공(기초),수의과대학 수의학과,"월09:00~11:00(수0213), 목14:00~15:00(수0213)",박정은,GRADE,가상강의(보조강의)
수의전염병학 1,전공(기초),수의과대학 수의학과,"월11:00~13:00(수0213), 금14:00~15:00(수0213)",이후석,GRADE,가상강의(보조강의)
수의기생충학 1,전공(기초),수의과대학 수의학과,화09:00~11:00(수0213),박배근,GRADE,가상강의(보조강의)
수의약리학 1,전공(기초),수의과대학 수의학과,"월14:00~15:00(수0213), 화14:00~16:00(수0213)",김태원,GRADE,가상강의(보조강의)
수의독성학 1,전공(기초),수의과대학 수의학과,수09:00~11:00(수0213),고제원,GRADE,가상강의(보조강의)
수생동물질병학,전공(기초),수의과대학 수의학과,목09:00~11:00(수0213),마하나마디조이사,GRADE,가상강의(보조강의)
수의병리학실습 1,전공(기초),수의과대학 수의학과,수14:00~16:00(수0316),권효정,GRADE,가상강의(보조강의)
수의병리학실습 1,전공(기초),수의과대학 수의학과,수16:00~18:00(수0316),권효정,GRADE,가상강의(보조강의)
수의공중보건학실습 1,전공(기초),수의과대학 수의학과,목15:00~17:00(수0416),박정은,GRADE,가상강의(보조강의)
수의공중보건학실습 1,전공(기초),수의과대학 수의학과,목17:00~19:00(수0416),박정은,GRADE,가상강의(보조강의)
수의전염병학실습 1,전공(기초),수의과대학 수의학과,금15:00~17:00(수0416),이후석,GRADE,가상강의(보조강의)
수의전염병학실습 1,전공(기초),수의과대학 수의학과,금17:00~19:00(수0416),이후석,GRADE,가상강의(보조강의)
수의기생충학실습 1,전공(기초),수의과대학 수의학과,화11:00~13:00(수0316),박배근,GRADE,가상강의(보조강의)
수의기생충학실습 1,전공(기초),수의과대학 수의학과,화16:00~18:00(수0416),박배근,GRADE,가상강의(보조강의)
수의약리학실습 1,전공(기초),수의과대학 수의학과,월15:00~17:00(수0416),김태원,GRADE,가상강의(보조강의)
수의약리학실습 1,전공(기초),수의과대학 수의학과,월17:00~19:00(수0416),김태원,GRADE,가상강의(보조강의)
수생동물질병학실습,전공(기초),수의과대학 수의학과,금09:00~11:00(수0416),마하나마디조이사,GRADE,가상강의(보조강의)
수생동물질병학실습,전공(기초),수의과대학 수의학과,금11:00~13:00(수0416),마하나마디조이사,GRADE,가상강의(보조강의)
미래설계상담5,전공(기초),수의과대학 수의학과,,홍의주,PASS/FAIL,가상강의(보조강의)
수의내과학 1,전공(핵심),수의과대학 수의학과,"화11:00~13:00(동물315), 수11:00~13:00(동물315)",송중현,GRADE,가상강의(보조강의)
수의외과학 1,전공(핵심),수의과대학 수의학과,"월11:00~13:00(동물315), 화09:00~11:00(동물315)",김대현,GRADE,가상강의(보조강의)
수의산과학 1,전공(핵심),수의과대학 수의학과,"월10:00~11:00(동물315), 수09:00~11:00(동물315)",이상훈,GRADE,가상강의(보조강의)
수의진단검사의학 1,전공(핵심),수의과대학 수의학과,목14:00~15:00(동물315),박성준,GRADE,가상강의(보조강의)
수의영상의학 1,전공(핵심),수의과대학 수의학과,목11:00~13:00(동물315),최호정,GRADE,가상강의(보조강의)
야생동물질병학 1,전공(핵심),수의과대학 수의학과,금11:00~13:00(동물315),박성준,GRADE,가상강의(보조강의)
수의내과학실습 1,전공(핵심),수의과대학 수의학과,수14:00~16:00(동물315),송중현,GRADE,가상강의(보조강의)
수의내과학실습 1,전공(핵심),수의과대학 수의학과,수16:00~18:00(동물315),송중현,GRADE,가상강의(보조강의)
수의외과학실습 1,전공(핵심),수의과대학 수의학과,금14:00~16:00(동물315),김대현,GRADE,가상강의(보조강의)
수의외과학실습 1,전공(핵심),수의과대학 수의학과,금16:00~18:00(동물315),김대현,GRADE,가상강의(보조강의)
수의산과학실습 1,전공(핵심),수의과대학 수의학과,월14:00~16:00(동물315),이상훈,GRADE,가상강의(보조강의)
수의산과학실습 1,전공(핵심),수의과대학 수의학과,월16:00~18:00(동물315),이상훈,GRADE,가상강의(보조강의)
수의진단검사의학실습 1,전공(핵심),수의과대학 수의학과,목15:00~17:00(동물315),박성준,GRADE,가상강의(보조강의)
수의진단검사의학실습 1,전공(핵심),수의과대학 수의학과,목17:00~19:00(동물315),박성준,GRADE,가상강의(보조강의)
수의영상의학실습 1,전공(핵심),수의과대학 수의학과,화14:00~16:00(동물315),최호정,GRADE,가상강의(보조강의)
수의영상의학실습 1,전공(핵심),수의과대학 수의학과,화17:00~19:00(동물315),최호정,GRADE,가상강의(보조강의)
미래설계상담6,전공(기초),수의과대학 수의학과,,홍의주,PASS/FAIL,가상강의(보조강의)
동물병원 진료실습 1,전공(심화),수의과대학 수의학과,"월09:00~10:00, 월15:00~16:00, 화09:00~10:00, 화15:00~16:00, 수09:00~10:00, 수15:00~16:00, 목09:00~10:00, 금09:00~10:00",송중현,GRADE,가상강의(보조강의)
동물병원 진료실습 2,전공(심화),수의과대학 수의학과,"월10:00~11:00, 월16:00~17:00, 화10:00~11:00, 수10:00~11:00, 목10:00~11:00, 목15:00~16:00, 금10:00~11:00, 금15:00~16:00",송중현,GRADE,가상강의(보조강의)
동물병원 진료지원실습 1,전공(심화),수의과대학 수의학과,"월11:00~12:00, 화11:00~12:00, 화16:00~17:00, 수11:00~12:00, 수16:00~17:00, 목11:00~12:00, 목16:00~17:00, 금11:00~12:00",홍의주,GRADE,가상강의(보조강의)
동물병원 진료지원실습 2,전공(심화),수의과대학 수의학과,"월12:00~13:00, 월17:00~18:00, 화12:00~13:00, 화17:00~18:00, 수12:00~13:00, 목12:00~13:00, 금12:00~13:00, 금16:00~17:00",홍의주,GRADE,가상강의(보조강의)
동물병원 진료실습 3,전공(심화),수의과대학 수의학과,"월14:00~15:00, 화14:00~15:00, 수14:00~15:00, 수17:00~18:00, 목14:00~15:00, 목17:00~18:00, 금14:00~15:00, 금17:00~18:00",송중현,GRADE,가상강의(보조강의)
수의학현장실습,전공(심화),수의과대학 수의학과,,홍의주,GRADE,가상강의(보조강의)
국어학개론,전공(기초),사범대학 국어교육과,"화14:00~15:30(자2209), 수14:00~15:30(자2209)",박종관,GRADE,가상강의(보조강의)
국어교육론,전공(기초),사범대학 국어교육과,"화11:00~13:00(자2306), 수09:00~10:00(자2109)",구영산,GRADE,가상강의(보조강의)
교사를위한화법과의사소통,교양(소양),사범대학 국어교육과,목14:00~16:00(자2306),박종관,GRADE,가상강의(보조강의)
대학생활과 진로설계,교양(소양필수),사범대학 국어교육과,목16:00~17:00(자2215),백윤경,GRADE,가상강의(보조강의)
국어문법론,전공(핵심),사범대학 국어교육과,"화15:30~17:00(자2209), 수16:00~17:30(자2209)",박종관,GRADE,가상강의(보조강의)
미래설계상담2,전공(기초),사범대학 국어교육과,,박종관,PASS/FAIL,가상강의(보조강의)
현대시강독,전공(기초),사범대학 국어교육과,"수18:00~19:00(자2301), 목16:00~18:00(자2301)",박수연,GRADE,가상강의(보조강의)
소설교육론,전공(핵심),사범대학 국어교육과,"화10:00~12:00(자2215), 목15:00~16:00(자2215)",백윤경,GRADE,가상강의(보조강의)
의사소통교육론,전공(핵심),사범대학 국어교육과,"화13:00~15:00(자2306), 목09:00~10:00(자2109)",구영산,GRADE,가상강의(보조강의)
국어논술,전공(핵심),사범대학 국어교육과,목11:00~13:00(자2301),호창수,GRADE,가상강의(보조강의)
국문학사,전공(핵심),사범대학 국어교육과,목14:00~17:00(자2201),이영휘,GRADE,가상강의(보조강의)
국어사,전공(핵심),사범대학 국어교육과,"월13:00~14:30(자2209), 화10:00~11:30(자2209)",박종관,GRADE,가상강의(보조강의)
미래설계상담4,전공(기초),사범대학 국어교육과,,박종관,PASS/FAIL,가상강의(보조강의)
국어교육과정및교재연구,전공(핵심),사범대학 국어교육과,"월15:00~16:00(자2209), 수10:00~12:00(자2209)",박종관,GRADE,가상강의(보조강의)
고전산문교육론,전공(심화),사범대학 국어교육과,목09:00~12:00(자2201),이영휘,GRADE,가상강의(보조강의)
현대사회와 문학교육,전공(심화),사범대학 국어교육과,"월17:00~18:00(자2301), 화15:00~17:00(자2301)",박수연,GRADE,가상강의(보조강의)
비평론,전공(심화),사범대학 국어교육과,"화17:00~18:00(자2301), 수14:00~16:00(자2301)",박수연,GRADE,가상강의(보조강의)
미래설계상담6,전공(기초),사범대학 국어교육과,,,PASS/FAIL,가상강의(보조강의)
한자한문교육론,전공(심화),사범대학 국어교육과,"월16:00~17:00(자2209), 목10:00~12:00(자2209)",박종관,GRADE,가상강의(보조강의)
국어교육의 연구문제,전공(심화),사범대학 국어교육과,"월09:00~10:00(자2306), 화15:00~17:00(자2306)",구영산,GRADE,가상강의(보조강의)
영어회화1,전공(기초),사범대학 영어교육과,월10:00~12:00(자2306),김민,GRADE,가상강의(보조강의)
영작문 1,전공(기초),사범대학 영어교육과,수13:00~15:00(자2305),김민,GRADE,가상강의(보조강의)
미래설계상담1,전공(기초),사범대학 영어교육과,,김택중,PASS/FAIL,가상강의(보조강의)
영어읽기지도법,전공(핵심),사범대학 영어교육과,"월12:00~13:00(자2305), 목10:00~12:00(자2305)",김택중,GRADE,가상강의(보조강의)
영국및북미주의문화,전공(기초),사범대학 영어교육과,"화13:00~15:00(자2305), 목17:00~18:00(자2109)",정현경,GRADE,가상강의(보조강의)
대학생활과 진로설계,교양(소양필수),사범대학 영어교육과,수11:00~12:00(자2305),김택중,GRADE,가상강의(보조강의)
영어회화 3,전공(심화),사범대학 영어교육과,목14:00~16:00(자2305),김민,GRADE,가상강의(보조강의)
영어교육,전공(핵심),사범대학 영어교육과,"월10:00~12:00(자2305), 수09:00~10:00(자2305)",이정원,GRADE,가상강의(보조강의)
영작문 3,전공(심화),사범대학 영어교육과,목10:00~12:00(자2211),김민,GRADE,가상강의(보조강의)
미래설계상담3,전공(기초),사범대학 영어교육과,,이정원,PASS/FAIL,가상강의(보조강의)
영국문학사,전공(핵심),사범대학 영어교육과,"월15:30~17:00(자2305), 수15:30~17:00(자2211)",김택중,GRADE,가상강의(보조강의)
영어음운지도법,전공(핵심),사범대학 영어교육과,"화14:00~16:00(자2211), 목13:00~14:00(자2305)",최윤덕,GRADE,가상강의(보조강의)
미래설계상담5,전공(기초),사범대학 영어교육과,,최윤덕,PASS/FAIL,가상강의(보조강의)
영어교육연구방법론,전공(심화),사범대학 영어교육과,"화12:00~13:00(자2305), 금13:00~15:00(자2305)",윤경옥,GRADE,가상강의(보조강의)
영어학 이론,전공(핵심),사범대학 영어교육과,"월17:00~18:00(자2109), 수10:00~12:00(자2306)",정현경,GRADE,가상강의(보조강의)
영어구문지도법,전공(심화),사범대학 영어교육과,"월10:00~12:00(자2211), 수17:00~18:00(자2305)",정현경,GRADE,가상강의(보조강의)
미국소설의 이해,전공(심화),사범대학 영어교육과,"월13:30~15:00(자2305), 수13:30~15:00(자2211)",김택중,GRADE,가상강의(보조강의)
영어교육론,전공(핵심),사범대학 영어교육과,"화09:00~10:00(자2211), 금10:00~12:00(자2211)",윤경옥,GRADE,가상강의(보조강의)
영어구조의이해,전공(심화),사범대학 영어교육과,"화16:00~17:00(자2211), 목13:00~15:00(자2211)",황인태,GRADE,가상강의(보조강의)
영미단편소설론,전공(심화),사범대학 영어교육과,"수12:00~13:00(자2109), 금13:00~15:00(자2211)",엄정헌,GRADE,가상강의(보조강의)
영어수업기법 세미나,전공(심화),사범대학 영어교육과,"월14:00~16:00(자2211), 화10:00~11:00(자2305)",이정원,GRADE,가상강의(보조강의)
멀티미디어 영어교육,전공(심화),사범대학 영어교육과,"월13:00~14:00(자2211), 수10:00~12:00(자2211)",최윤덕,GRADE,가상강의(보조강의)
영어 논술,전공(심화),사범대학 영어교육과,금10:00~12:00(자2306),김민,GRADE,가상강의(보조강의)
미적분학과해석기하학1,전공(기초),사범대학 수학교육과,"월11:30~12:30(자2109), 수14:00~16:00(자2109)",한미현,GRADE,가상강의(보조강의)
미래설계상담1,전공(기초),사범대학 수학교육과,,김준형,PASS/FAIL,가상강의(보조강의)
수학논술,전공(핵심),사범대학 수학교육과,목09:00~11:00(자2401),서보억,GRADE,가상강의(보조강의)
대학생활과 진로설계,교양(소양필수),사범대학 수학교육과,월16:00~17:00(자2306),김준형,GRADE,가상강의(보조강의)
기하학,전공(핵심),사범대학 수학교육과,"화09:00~10:30(자2414), 목09:00~10:30(자2414)",김준형,GRADE,가상강의(보조강의)
미래설계상담3,전공(기초),사범대학 수학교육과,,김준형,PASS/FAIL,가상강의(보조강의)
수학교육공학1및실습,전공(심화),사범대학 수학교육과,"월15:00~16:00(자2203), 월16:00~17:00(자2203), 수13:00~14:00(자2203), 수14:00~15:00(자2203)",서보억,GRADE,가상강의(보조강의)
이산수학,전공(기초),사범대학 수학교육과,"월13:30~15:00(자2306), 수15:00~16:30(자2414)",이윤희,GRADE,가상강의(보조강의)
고등미적분학1,전공(기초),사범대학 수학교육과,"화13:30~15:00(자2414), 목10:30~12:00(자2414)",윤창욱,GRADE,가상강의(보조강의)
선형대수1,전공(기초),사범대학 수학교육과,"화15:00~16:30(자2414), 목14:00~15:30(자2414)",이강용,GRADE,가상강의(보조강의)
기초복소해석학1및실습,전공(핵심),사범대학 수학교육과,"월09:30~11:30(자2109), 수16:00~18:00(자2109)",한미현,GRADE,가상강의(보조강의)
대수학1및실습,전공(핵심),사범대학 수학교육과,"화13:00~15:00(자2401), 금10:00~12:00(자2401)",이강용,GRADE,가상강의(보조강의)
미래설계상담5,전공(기초),사범대학 수학교육과,,김준형,PASS/FAIL,가상강의(보조강의)
수학과교육과정및교재연구,전공(핵심),사범대학 수학교육과,"월13:00~14:30(자2401), 수10:30~12:00(자2401)",서보억,GRADE,가상강의(보조강의)
기초위상학1,전공(핵심),사범대학 수학교육과,"월14:30~16:00(자2401), 목10:30~12:00(자2321)",김준형,GRADE,가상강의(보조강의)
벡터해석,전공(핵심),사범대학 수학교육과,"화10:30~12:00(자2414), 목15:30~17:00(자2414)",윤창욱,GRADE,가상강의(보조강의)
수학교육세미나1,전공(심화),사범대학 수학교육과,"화10:00~12:00(자2401), 목14:00~16:00(자2401)",서보억,GRADE,가상강의(보조강의)
대수학교수법1,전공(심화),사범대학 수학교육과,"월15:00~17:00(자2414), 목10:00~12:00(자2306)",이강용,GRADE,가상강의(보조강의)
기하학교수법1,전공(심화),사범대학 수학교육과,"월10:00~12:00(자2414), 수10:00~12:00(자2414)",김준형,GRADE,가상강의(보조강의)
해석학교수법1,전공(심화),사범대학 수학교육과,"월13:00~15:00(자2414), 수15:00~17:00(자2401)",윤창욱,GRADE,가상강의(보조강의)
교육철학및교육사,교직,사범대학 교육학과,수14:00~16:00(교110),최광만,GRADE,가상강의(보조강의)
교육철학및교육사,교직,사범대학 교육학과,목12:00~14:00(교212),장지원,GRADE,가상강의(보조강의)
교육철학및교육사,교직,사범대학 교육학과,월16:00~18:00(교110),박영미,GRADE,가상강의(보조강의)
교육철학및교육사,교직,사범대학 교육학과,화13:00~15:00(교207),최두진,GRADE,가상강의(보조강의)
교육학개론,교직,사범대학 교육학과,목14:00~16:00(교212),최광만,GRADE,가상강의(보조강의)
교육학개론,교직,사범대학 교육학과,목16:00~18:00(교212),최광만,GRADE,가상강의(보조강의)
교육학개론,교직,사범대학 교육학과,화14:00~16:00(교109),박수정,GRADE,가상강의(보조강의)
교육학개론,교직,사범대학 교육학과,화11:00~13:00(교207),최두진,GRADE,가상강의(보조강의)
교육행정및교육경영,교직,사범대학 교육학과,화16:00~18:00(교109),박수정,GRADE,가상강의(보조강의)
교육행정및교육경영,교직,사범대학 교육학과,목15:00~17:00(교109),문찬주,GRADE,가상강의(보조강의)
교육행정및교육경영,교직,사범대학 교육학과,월18:00~20:00(교212),박정우,GRADE,가상강의(보조강의)
교육행정및교육경영,교직,사범대학 교육학과,금11:00~13:00(교212),임희진,GRADE,가상강의(보조강의)
교육행정및교육경영,교직,사범대학 교육학과,목17:00~19:00(교103A),최진경,GRADE,가상강의(보조강의)
교육방법및교육공학,교직,사범대학 교육학과,월15:00~17:00(교212),양미석,GRADE,가상강의(보조강의)
교육방법및교육공학,교직,사범대학 교육학과,수17:00~19:00(교109),김지숙,GRADE,가상강의(보조강의)
교육방법및교육공학,교직,사범대학 교육학과,화18:00~20:00(교101),김정현,GRADE,가상강의(보조강의)
교육방법및교육공학,교직,사범대학 교육학과,목10:00~12:00(교204A),정다은,GRADE,가상강의(보조강의)
교육사회,교직,사범대학 교육학과,수13:00~15:00(교202A),정성경,GRADE,가상강의(보조강의)
교육사회,교직,사범대학 교육학과,금13:00~15:00(교109),정성경,GRADE,가상강의(보조강의)
교육사회,교직,사범대학 교육학과,금15:00~17:00(교109),정성경,GRADE,가상강의(보조강의)
교육사회,교직,사범대학 교육학과,목11:00~13:00(교109),유은지,GRADE,가상강의(보조강의)
교육사회,교직,사범대학 교육학과,목13:00~15:00(교109),유은지,GRADE,가상강의(보조강의)
교육심리,교직,사범대학 교육학과,월14:00~16:00(교110),박용한,GRADE,가상강의(보조강의)
교육심리,교직,사범대학 교육학과,화09:00~11:00(교212),한정희,GRADE,가상강의(보조강의)
교육심리,교직,사범대학 교육학과,수17:00~19:00(교101),문연희,GRADE,가상강의(보조강의)
교육심리,교직,사범대학 교육학과,목10:00~12:00(교212),한수연,GRADE,가상강의(보조강의)
교육심리,교직,사범대학 교육학과,목16:00~18:00(교110),한수연,GRADE,가상강의(보조강의)
교육실습,교직,사범대학 교육학과,,박환보,GRADE,가상강의(보조강의)
교육과정,교직,사범대학 교육학과,월14:00~16:00(교109),허창수,GRADE,가상강의(보조강의)
교육과정,교직,사범대학 교육학과,수15:00~17:00(교109),허창수,GRADE,가상강의(보조강의)
교육과정,교직,사범대학 교육학과,목09:00~11:00(교104A),김보화,GRADE,가상강의(보조강의)
교육과정,교직,사범대학 교육학과,금11:00~13:00(교109),김보화,GRADE,가상강의(보조강의)
교육평가,교직,사범대학 교육학과,월10:00~12:00(교109),반재천,GRADE,가상강의(보조강의)
교육평가,교직,사범대학 교육학과,화10:00~12:00(교109),반재천,GRADE,가상강의(보조강의)
교육평가,교직,사범대학 교육학과,화16:00~18:00(교110),정혜원,GRADE,가상강의(보조강의)
교육평가,교직,사범대학 교육학과,수10:00~12:00(교110),정혜원,GRADE,가상강의(보조강의)
교육평가,교직,사범대학 교육학과,수16:00~18:00(교110),정혜원,GRADE,가상강의(보조강의)
교직실무,교직,사범대학 교육학과,목18:00~20:00(교210),권희청,GRADE,가상강의(보조강의)
교직실무,교직,사범대학 교육학과,화18:00~20:00(교109),김수구,GRADE,가상강의(보조강의)
교직실무,교직,사범대학 교육학과,목10:00~12:00(교105),이종업,GRADE,가상강의(보조강의)
특수교육학개론,교직,사범대학 교육학과,수10:00~12:00(교211),김형준,GRADE,가상강의(보조강의)
특수교육학개론,교직,사범대학 교육학과,수12:00~14:00(교110),김형준,GRADE,가상강의(보조강의)
특수교육학개론,교직,사범대학 교육학과,화09:00~11:00(교110),박근필,GRADE,가상강의(보조강의)
특수교육학개론,교직,사범대학 교육학과,화11:00~13:00(교110),박근필,GRADE,가상강의(보조강의)
특수교육학개론,교직,사범대학 교육학과,화14:00~16:00(교110),박근필,GRADE,가상강의(보조강의)
평생교육론,일반선택,사범대학 교육학과,금15:00~18:00(교210),배명덕,GRADE,가상강의(보조강의)
평생교육경영론,일반선택,사범대학 교육학과,목09:00~12:00(교110),양채원,GRADE,가상강의(보조강의)
청소년교육론,일반선택,사범대학 교육학과,"화15:00~16:30(교208), 수16:30~18:00(교208)",강영식,GRADE,가상강의(보조강의)
성인학습 및 상담,일반선택,사범대학 교육학과,화16:00~19:00(교212),한수정,GRADE,가상강의(보조강의)
지역사회교육론,일반선택,사범대학 교육학과,목13:00~16:00(교110),양채원,GRADE,가상강의(보조강의)
인적자원개발론,일반선택,사범대학 교육학과,금14:00~17:00(교212),이상훈,GRADE,가상강의(보조강의)
교육실습의이론과실제,교직,사범대학 교육학과,수10:00~12:00(교109),손은령,GRADE,가상강의(보조강의)
교육실습의이론과실제,교직,사범대학 교육학과,월12:00~14:00(교109),장지원,GRADE,가상강의(보조강의)
교육실습의이론과실제,교직,사범대학 교육학과,화11:00~13:00(교212),문찬주,GRADE,가상강의(보조강의)
교육실습의이론과실제,교직,사범대학 교육학과,수15:00~17:00(교212),박환보,GRADE,가상강의(보조강의)
교육실습의이론과실제,교직,사범대학 교육학과,월14:00~16:00(교210),정회상,GRADE,가상강의(보조강의)
교육실습의이론과실제,교직,사범대학 교육학과,월16:00~18:00(교109),정회상,GRADE,가상강의(보조강의)
교육실습의이론과실제,교직,사범대학 교육학과,금13:00~15:00(교110),정일화,GRADE,가상강의(보조강의)
교육실습의이론과실제,교직,사범대학 교육학과,금15:00~17:00(교110),정일화,GRADE,가상강의(보조강의)
교육실습의이론과실제,교직,사범대학 교육학과,화13:00~15:00(교212),문희정,GRADE,가상강의(보조강의)
교육실습의이론과실제,교직,사범대학 교육학과,월18:00~20:00(교110),이재홍,GRADE,가상강의(보조강의)
생활지도및상담,교직,사범대학 교육학과,월10:00~12:00(교110),이순희,GRADE,가상강의(보조강의)
생활지도및상담,교직,사범대학 교육학과,월13:00~15:00(교212),이상옥,GRADE,가상강의(보조강의)
생활지도및상담,교직,사범대학 교육학과,목13:00~15:00(교207),배선희,GRADE,가상강의(보조강의)
생활지도및상담,교직,사범대학 교육학과,화12:00~14:00(교109),이순희,GRADE,가상강의(보조강의)
생활지도및상담,교직,사범대학 교육학과,수11:00~13:00(교212),문희정,GRADE,가상강의(보조강의)
생활지도및상담,교직,사범대학 교육학과,목09:00~11:00(교109),최유선,GRADE,가상강의(보조강의)
평생교육실습,일반선택,사범대학 교육학과,"화19:00~22:00(글로벌503), 목19:00~22:00(글로벌503)",이은정,GRADE,가상강의(보조강의)
교직실무,교직,사범대학 교육학과,목17:00~18:00(교210),권희청,GRADE,가상강의(보조강의)
교직실무,교직,사범대학 교육학과,월17:00~18:00(교212),박정우,GRADE,가상강의(보조강의)
디지털교육,교직,사범대학 교육학과,수16:00~17:00(교105),김지숙,GRADE,가상강의(보조강의)
디지털교육,교직,사범대학 교육학과,화11:00~12:00(교305),김태현,GRADE,가상강의(보조강의)
디지털교육,교직,사범대학 교육학과,화12:00~13:00(교307),김태현,GRADE,가상강의(보조강의)
한국교육사,전공(핵심),사범대학 교육학과,화14:00~17:00(글로벌503),최광만,GRADE,가상강의(보조강의)
교육학강독,전공(핵심),사범대학 교육학과,월13:00~16:00(글로벌308),이은정,GRADE,가상강의(보조강의)
인간관계론,교양(균형),사범대학 교육학과,"월10:30~12:00(교212), 수13:30~15:00(교212)",손은령,GRADE,가상강의(보조강의)
인간관계론,교양(균형),사범대학 교육학과,"화13:30~15:00(교205), 목12:00~13:30(교205)",전현영,GRADE,가상강의(보조강의)
인간관계론,교양(균형),사범대학 교육학과,"화12:00~13:30(교208), 금13:30~15:00(교208)",김춘희,GRADE,가상강의(보조강의)
행복한삶과진로교육,교양(소양),사범대학 교육학과,수15:00~17:00(교202A),김현주,GRADE,가상강의(보조강의)
행복한삶과진로교육,교양(소양),사범대학 교육학과,수13:00~15:00(교109),이순희,GRADE,가상강의(보조강의)
인권과인성교육,교양(균형),사범대학 교육학과,월16:00~18:00(교104A),허창수,GRADE,가상강의(보조강의)
인권과인성교육,교양(균형),사범대학 교육학과,금09:00~11:00(교211),김보화,GRADE,가상강의(보조강의)
대학생활과 진로설계,교양(소양필수),사범대학 교육학과,월12:00~13:00(글로벌308),이은정,GRADE,가상강의(보조강의)
미래설계상담2,전공(기초),사범대학 교육학과,,이은정,PASS/FAIL,
현대교육사조,전공(심화),사범대학 교육학과,"월14:00~15:00(글로벌503), 목14:00~16:00(글로벌503)",장지원,GRADE,가상강의(보조강의)
교육통계,전공(핵심),사범대학 교육학과,화16:00~19:00(글로벌306),반재천,GRADE,가상강의(보조강의)
교육사회학의이론과실제,전공(핵심),사범대학 교육학과,수09:00~12:00(글로벌308),박환보,GRADE,가상강의(보조강의)
교육심리학의이론과실제,전공(핵심),사범대학 교육학과,수16:00~19:00(글로벌308),박용한,GRADE,가상강의(보조강의)
교육학교육과정및교재연구,전공(핵심),사범대학 교육학과,월15:00~18:00(글로벌503),문찬주,GRADE,가상강의(보조강의)
인권과세계시민교육,전공(심화),사범대학 교육학과,화09:00~12:00(글로벌308),허창수,GRADE,가상강의(보조강의)
미래설계상담4,전공(기초),사범대학 교육학과,,이은정,PASS/FAIL,
한국교육행정론,전공(핵심),사범대학 교육학과,수13:00~16:00(글로벌308),박수정,GRADE,가상강의(보조강의)
교육학교수법 및 평가,전공(핵심),사범대학 교육학과,화14:00~16:00(글로벌308),정혜원,GRADE,가상강의(보조강의)
미래설계상담6,전공(기초),사범대학 교육학과,,이은정,PASS/FAIL,
진로교육-캡스톤디자인,전공(심화),사범대학 교육학과,"금09:00~11:00(글로벌308), 금11:00~13:00(글로벌308)",손은령,GRADE,가상강의(보조강의)
미래설계상담1,전공(기초),사범대학 체육교육과,,이주욱,PASS/FAIL,가상강의(보조강의)
체조 1,전공(기초),사범대학 체육교육과,목11:00~13:00(체조장),김동화,GRADE,가상강의(보조강의)
테니스,전공(기초),사범대학 체육교육과,화09:00~11:00(테니스장(종합)),현광석,GRADE,가상강의(보조강의)
체육해부학,전공(핵심),사범대학 체육교육과,"목09:00~11:00(자1304), 금13:00~14:00(자1304)",박상균,GRADE,가상강의(보조강의)
체육논술,전공(기초),사범대학 체육교육과,"월13:00~14:00(자2415), 수09:00~11:00(자2415)",이주욱,GRADE,가상강의(보조강의)
트레이닝의 실제,전공(핵심),사범대학 체육교육과,"월14:00~16:00(자1309), 수08:00~09:00(자1309)",오정환,GRADE,가상강의(보조강의)
스포츠사회학개론,전공(핵심),사범대학 체육교육과,화14:00~16:00(자1309),황성하,GRADE,가상강의(보조강의)
여가레크리에이션,전공(기초),사범대학 체육교육과,수11:00~13:00(체조장),이수근,GRADE,가상강의(보조강의)
요가,교양(소양),사범대학 체육교육과,월14:00~16:00(체조장),김동화,GRADE,가상강의(보조강의)
요가,교양(소양),사범대학 체육교육과,화16:00~18:00(체조장),김동화,GRADE,가상강의(보조강의)
요가,교양(소양),사범대학 체육교육과,화14:00~16:00(체조장),오선정,GRADE,가상강의(보조강의)
축구,교양(소양),사범대학 체육교육과,월11:00~13:00(북부운동장),박경호,GRADE,가상강의(보조강의)
축구,교양(소양),사범대학 체육교육과,월13:00~15:00(북부운동장),박경호,GRADE,가상강의(보조강의)
배드민턴,교양(소양),사범대학 체육교육과,"수13:00~14:00(체202), 목11:00~13:00(체109(경기장))",이주욱,GRADE,가상강의(보조강의)
배드민턴,교양(소양),사범대학 체육교육과,"월09:00~11:00(체109(경기장)-01), 수13:00~14:00(자1309)",이채민,GRADE,가상강의(보조강의)
배드민턴,교양(소양),사범대학 체육교육과,"화09:00~11:00(체109(경기장)-01), 목13:00~14:00(자2415)",신의수,GRADE,가상강의(보조강의)
배드민턴,교양(소양),사범대학 체육교육과,"화13:00~14:00(자1309), 목09:00~11:00(체109(경기장))",이채민,GRADE,가상강의(보조강의)
운동방법의 실제,교양(소양),사범대학 체육교육과,화14:00~16:00(체109(경기장)),김동화,GRADE,가상강의(보조강의)
운동방법의 실제,교양(소양),사범대학 체육교육과,월14:00~16:00(종합운동장),최보나,GRADE,가상강의(보조강의)
운동방법의 실제,교양(소양),사범대학 체육교육과,화14:00~16:00(자2104),이수행,GRADE,가상강의(보조강의)
운동방법의 실제,교양(소양),사범대학 체육교육과,화16:00~18:00(종합운동장),박정민,GRADE,가상강의(보조강의)
운동방법의 실제,교양(소양),사범대학 체육교육과,수09:00~11:00(체조장),이수근,GRADE,가상강의(보조강의)
운동방법의 실제,교양(소양),사범대학 체육교육과,수14:00~16:00(체조장),이수근,GRADE,가상강의(보조강의)
운동방법의 실제,교양(소양),사범대학 체육교육과,목14:00~16:00(자2104),홍수영,GRADE,가상강의(보조강의)
테니스,교양(소양),사범대학 체육교육과,"월13:00~14:00(체202), 화14:00~16:00(테니스장(종합))",현광석,GRADE,가상강의(보조강의)
테니스,교양(소양),사범대학 체육교육과,"월13:00~14:00(자1309), 수11:00~13:00(테니스장(종합))",류상균,GRADE,가상강의(보조강의)
피트니스 트레이닝,교양(소양),사범대학 체육교육과,"월10:00~12:00(자2104), 화13:00~14:00(자2104)",오정환,GRADE,가상강의(보조강의)
피트니스 트레이닝,교양(소양),사범대학 체육교육과,"화10:00~12:00(자2104), 수13:00~14:00(자2104)",오정환,GRADE,가상강의(보조강의)
피트니스 트레이닝,교양(소양),사범대학 체육교육과,"월13:00~14:00(자2104), 목10:00~12:00(자2104)",신의수,GRADE,가상강의(보조강의)
골프,교양(소양),사범대학 체육교육과,월14:00~16:00(골프학습장),이정흔,GRADE,가상강의(보조강의)
골프,교양(소양),사범대학 체육교육과,화11:00~13:00(골프학습장),이정흔,GRADE,가상강의(보조강의)
골프,교양(소양),사범대학 체육교육과,월11:00~13:00(골프학습장),이채민,GRADE,가상강의(보조강의)
농구,교양(소양),사범대학 체육교육과,수11:00~13:00(체109(경기장)),이원찬,GRADE,가상강의(보조강의)
미래설계상담3,전공(기초),사범대학 체육교육과,,이주욱,PASS/FAIL,가상강의(보조강의)
야외교육,전공(핵심),사범대학 체육교육과,수18:00~20:00(자2415),홍수영,GRADE,가상강의(보조강의)
핸드볼,전공(핵심),사범대학 체육교육과,화09:00~11:00(체109(경기장)),김민영,GRADE,가상강의(보조강의)
체조 3,전공(심화),사범대학 체육교육과,목09:00~11:00(체조장),김동화,GRADE,가상강의(보조강의)
육상경기 2,전공(기초),사범대학 체육교육과,목11:00~13:00(종합운동장),전덕형,GRADE,가상강의(보조강의)
건강교육론,전공(핵심),사범대학 체육교육과,수09:00~11:00(자1309),류상균,GRADE,가상강의(보조강의)
배드민턴,전공(기초),사범대학 체육교육과,월14:00~16:00(체109(경기장)),황성하,GRADE,가상강의(보조강의)
수영 2,전공(심화),사범대학 체육교육과,수13:00~15:00(수영장),현광석,GRADE,가상강의(보조강의)
축구지도법,전공(심화),사범대학 체육교육과,"화08:00~09:00(자2415), 금09:00~11:00(북부운동장)",황명구,GRADE,가상강의(보조강의)
탁구지도법,전공(심화),사범대학 체육교육과,"월09:00~11:00(체109(경기장)), 목13:00~14:00(체202)",이정흔,GRADE,가상강의(보조강의)
운동생리학,전공(핵심),사범대학 체육교육과,"월11:00~13:00(자1304), 화13:00~14:00(자1304)",현광석,GRADE,가상강의(보조강의)
뉴스포츠,전공(핵심),사범대학 체육교육과,목14:00~16:00(체109(경기장)),이주욱,GRADE,가상강의(보조강의)
미래설계상담5,전공(기초),사범대학 체육교육과,,이주욱,PASS/FAIL,가상강의(보조강의)
배구,전공(심화),사범대학 체육교육과,금14:00~16:00(체109(경기장)-01),이기범,GRADE,가상강의(보조강의)
종합실기 1,전공(핵심),사범대학 체육교육과,수14:00~16:00(체109(경기장)),황성하,GRADE,가상강의(보조강의)
골프지도법,전공(심화),사범대학 체육교육과,"화13:00~14:00(골프학습장), 목11:00~13:00(골프학습장)",이승민,GRADE,가상강의(보조강의)
체육측정평가,전공(핵심),사범대학 체육교육과,"월11:00~13:00(자1309), 목08:00~09:00(자1309)",김동화,GRADE,가상강의(보조강의)
운동역학,전공(핵심),사범대학 체육교육과,"화08:00~09:00(자1309), 목14:00~16:00(자1309)",오정환,GRADE,가상강의(보조강의)
체육교육론,전공(핵심),사범대학 체육교육과,"월14:00~16:00(자2415), 수08:00~09:00(자2415)",이주욱,GRADE,가상강의(보조강의)
운동학습,전공(핵심),사범대학 체육교육과,"화11:00~13:00(자1309), 목13:00~14:00(자1309)",이승민,GRADE,가상강의(보조강의)
동계스포츠,전공(핵심),사범대학 체육교육과,,오정환,GRADE,가상강의(보조강의)
수영 3,전공(심화),사범대학 체육교육과,화15:00~17:00(수영장),이승민,GRADE,가상강의(보조강의)
태권도,전공(심화),사범대학 체육교육과,화11:00~13:00(태권도장),신의수,GRADE,가상강의(보조강의)
농구지도법,전공(심화),사범대학 체육교육과,"수09:00~11:00(체109(경기장)), 금08:00~09:00(체202)",이원찬,GRADE,가상강의(보조강의)
수영지도법,전공(심화),사범대학 체육교육과,"화08:00~09:00(체202), 목15:00~17:00(수영장)",현광석,GRADE,가상강의(보조강의)
체조지도법,전공(심화),사범대학 체육교육과,"수08:00~09:00(체조장), 목13:00~15:00(체조장)",김동화,GRADE,가상강의(보조강의)
뉴스포츠 지도법,전공(심화),사범대학 체육교육과,"월11:00~13:00(체109(경기장)), 화13:00~14:00(체202)",이주욱,GRADE,가상강의(보조강의)
건축계획학,전공(핵심),사범대학 건설공학교육과,"화16:00~18:00(글로벌309), 수08:00~09:00(글로벌309)",김선우,GRADE,가상강의(보조강의)
미래설계상담1,전공(기초),사범대학 건설공학교육과,,김선우,PASS/FAIL,가상강의(보조강의)
공업수학,전공(기초),사범대학 건설공학교육과,"수11:00~12:00(글로벌309), 목14:00~16:00(글로벌309)",정갑용,GRADE,가상강의(보조강의)
공업물리,전공(기초),사범대학 건설공학교육과,"월14:00~16:00(글로벌309), 화10:00~11:00(글로벌309)",김정은,GRADE,가상강의(보조강의)
대학생활과 진로설계,교양(소양필수),사범대학 건설공학교육과,화11:00~12:00(글로벌309),김선우,GRADE,가상강의(보조강의)
건설재료학,전공(핵심),사범대학 건설공학교육과,수09:00~12:00(글로벌302),배준영,GRADE,가상강의(보조강의)
측량학,전공(기초),사범대학 건설공학교육과,"화10:00~11:00(글로벌302), 목10:00~12:00(글로벌302)",정갑용,GRADE,가상강의(보조강의)
구조역학1,전공(기초),사범대학 건설공학교육과,"월16:00~17:00(글로벌309), 화14:00~16:00(글로벌309)",박완신,GRADE,가상강의(보조강의)
미래설계상담3,전공(기초),사범대학 건설공학교육과,,박완신,PASS/FAIL,가상강의(보조강의)
건축응용설계1,전공(심화),사범대학 건설공학교육과,"목13:00~16:00(글로벌410), 목16:00~17:00(글로벌410)",김정은,GRADE,가상강의(보조강의)
건축시공실습,전공(기초),사범대학 건설공학교육과,수13:00~19:00(글로벌415),김선우,GRADE,가상강의(보조강의)
건설교육론,전공(핵심),사범대학 건설공학교육과,월12:00~15:00(글로벌312),송낙현,GRADE,가상강의(보조강의)
건축시공학,전공(심화),사범대학 건설공학교육과,"월16:00~18:00(글로벌302), 목08:00~09:00(글로벌302)",김선우,GRADE,가상강의(보조강의)
미래설계상담5,전공(기초),사범대학 건설공학교육과,,송낙현,PASS/FAIL,가상강의(보조강의)
철근콘크리트구조설계1,전공(핵심),사범대학 건설공학교육과,"월14:00~16:00(글로벌302), 화16:00~17:00(글로벌302)",박완신,GRADE,가상강의(보조강의)
측량실습,전공(핵심),사범대학 건설공학교육과,수13:00~19:00(글로벌410),정갑용,GRADE,가상강의(보조강의)
건설교육과정및교재연구,전공(핵심),사범대학 건설공학교육과,화13:00~16:00(글로벌312),송낙현,GRADE,가상강의(보조강의)
건축도서 및 적산,전공(심화),사범대학 건설공학교육과,"월10:00~12:00(글로벌309), 목10:00~12:00(글로벌309)",김정은,GRADE,가상강의(보조강의)
토목시공학,전공(심화),사범대학 건설공학교육과,수14:00~18:00(글로벌302),배준영,GRADE,가상강의(보조강의)
토목설계(캡스톤디자인),전공(심화),사범대학 건설공학교육과,"월16:00~18:00(글로벌312), 화14:00~16:00(글로벌302)",김정환,GRADE,가상강의(보조강의)
구조해석및실습,전공(심화),사범대학 건설공학교육과,"월19:00~21:00(글로벌302), 화08:00~10:00(글로벌302)",박완신,GRADE,가상강의(보조강의)
미래설계상담1,전공(기초),사범대학 전기·전자·통신공학교육과,,김태훈,PASS/FAIL,가상강의(보조강의)
창의공학설계프로젝트,전공(핵심),사범대학 전기·전자·통신공학교육과,목13:00~16:00(글로벌301),서형업,GRADE,가상강의(보조강의)
미적분학,전공(핵심),사범대학 전기·전자·통신공학교육과,"화17:00~18:00(글로벌301), 수16:00~18:00(글로벌301)",조지인,GRADE,가상강의(보조강의)
대학생활과 진로설계,교양(소양필수),사범대학 전기·전자·통신공학교육과,월13:00~14:00(글로벌301),김태훈,GRADE,가상강의(보조강의)
전기자기학1,전공(기초),사범대학 전기·전자·통신공학교육과,"월10:00~12:00(글로벌301), 화14:00~15:00(글로벌301)",김정일,GRADE,가상강의(보조강의)
미래설계상담3,전공(기초),사범대학 전기·전자·통신공학교육과,,김태훈,PASS/FAIL,가상강의(보조강의)
컴퓨터프로그래밍,전공(핵심),사범대학 전기·전자·통신공학교육과,"수13:00~14:00(글로벌312), 목10:00~12:00(글로벌312)",장은상,GRADE,가상강의(보조강의)
논리회로실험,전공(심화),사범대학 전기·전자·통신공학교육과,"화18:00~21:00(글로벌504), 목18:00~21:00(글로벌504)",장은상,GRADE,가상강의(보조강의)
전기·전자·통신교육론,전공(핵심),사범대학 전기·전자·통신공학교육과,"월16:00~17:00(글로벌305), 수14:00~16:00(글로벌305)",김태훈,GRADE,가상강의(보조강의)
회로이론1,전공(기초),사범대학 전기·전자·통신공학교육과,"화13:00~14:00(글로벌301), 수10:00~12:00(글로벌301)",조한욱,GRADE,가상강의(보조강의)
물리전자,전공(핵심),사범대학 전기·전자·통신공학교육과,"월10:00~12:00(글로벌305), 수09:00~10:00(글로벌305)",나준희,GRADE,가상강의(보조강의)
전자회로 1,전공(핵심),사범대학 전기·전자·통신공학교육과,"월16:00~18:00(글로벌301), 화09:00~10:00(글로벌301)",나준희,GRADE,가상강의(보조강의)
통신이론,전공(핵심),사범대학 전기·전자·통신공학교육과,"화15:00~16:00(글로벌301), 수14:00~16:00(글로벌301)",김정일,GRADE,가상강의(보조강의)
미래설계상담5,전공(기초),사범대학 전기·전자·통신공학교육과,,김정일,PASS/FAIL,가상강의(보조강의)
교육자료설계와 개발,전공(핵심),사범대학 전기·전자·통신공학교육과,화13:00~15:00(글로벌305),서형업,GRADE,가상강의(보조강의)
데이터통신(캡스톤디자인),전공(핵심),사범대학 전기·전자·통신공학교육과,"목13:30~15:30(글로벌312), 금14:00~15:00(글로벌312)",김정일,GRADE,가상강의(보조강의)
전자에너지변환,전공(핵심),사범대학 전기·전자·통신공학교육과,"화10:00~12:00(글로벌301), 수13:00~14:00(글로벌301)",조한욱,GRADE,가상강의(보조강의)
전력공학,전공(핵심),사범대학 전기·전자·통신공학교육과,"화16:00~17:30(글로벌305), 수16:00~17:30(글로벌305)",,GRADE,가상강의(보조강의)
전기·전자·통신교육과정및교재연구,전공(핵심),사범대학 전기·전자·통신공학교육과,월14:00~16:00(글로벌305),김태훈,GRADE,가상강의(보조강의)
디지털시스템,전공(심화),사범대학 전기·전자·통신공학교육과,"화10:00~12:00(글로벌504), 수10:00~12:00(글로벌504)",장은상,GRADE,가상강의(보조강의)
전기설비설계 및 법규,전공(심화),사범대학 전기·전자·통신공학교육과,"수09:00~10:00(글로벌301), 목09:00~12:00(글로벌301)",조한욱,GRADE,가상강의(보조강의)
미래설계상담1,전공(기초),사범대학 화학공학교육과,,김태근,PASS/FAIL,가상강의(보조강의)
공업수학,전공(기초),사범대학 화학공학교육과,금09:00~12:00(공1409),박지혜,GRADE,가상강의(보조강의)
진로계발,전공(핵심),사범대학 화학공학교육과,수13:00~15:00(공1412),이규녀,GRADE,가상강의(보조강의)
화학개론,전공(기초),사범대학 화학공학교육과,화09:00~12:00(공1409),김태근,GRADE,가상강의(보조강의)
교육자료의 이해,전공(핵심),사범대학 화학공학교육과,수16:00~18:00(공1409),이규녀,GRADE,가상강의(보조강의)
대학생활과 진로설계,교양(소양필수),사범대학 화학공학교육과,월12:00~13:00(공1412),김소연,GRADE,가상강의(보조강의)
섬유화학,전공(핵심),사범대학 화학공학교육과,"화16:00~18:00(공1412), 수18:00~19:00(공1412)",박지혜,GRADE,가상강의(보조강의)
공학수학 1,전공(핵심),사범대학 화학공학교육과,목09:00~12:00(공1412),김태근,GRADE,가상강의(보조강의)
화공양론1,전공(기초),사범대학 화학공학교육과,월13:00~16:00(공1412),김소연,GRADE,가상강의(보조강의)
공업분석화학,전공(핵심),사범대학 화학공학교육과,목09:00~12:00(공1414),박지혜,GRADE,가상강의(보조강의)
미래설계상담3,전공(기초),사범대학 화학공학교육과,,김소연,PASS/FAIL,가상강의(보조강의)
유기화학1,전공(기초),사범대학 화학공학교육과,월09:00~12:00(공1412),김소연,GRADE,가상강의(보조강의)
물리화학,전공(기초),사범대학 화학공학교육과,수09:00~12:00(공1414),김태근,GRADE,가상강의(보조강의)
화공·섬유교육론,전공(핵심),사범대학 화학공학교육과,금13:00~16:00(공1409),이규녀,GRADE,가상강의(보조강의)
화공수학,전공(핵심),사범대학 화학공학교육과,"월18:00~20:00(공1414), 화18:00~19:00",,GRADE,가상강의(보조강의)
반응공학1,전공(핵심),사범대학 화학공학교육과,월13:00~16:00(공1414),이광복,GRADE,가상강의(보조강의)
미래설계상담5,전공(기초),사범대학 화학공학교육과,,이광복,PASS/FAIL,가상강의(보조강의)
현장실습,전공(핵심),사범대학 화학공학교육과,,김소연,PASS/FAIL,가상강의(보조강의)
공업화학실험,전공(핵심),사범대학 화학공학교육과,"목13:00~14:00(공1409), 목14:00~18:00(공1409)",김태근,GRADE,가상강의(보조강의)
기능성섬유가공,전공(심화),사범대학 화학공학교육과,화09:00~12:00(공1412),박지혜,GRADE,가상강의(보조강의)
교사리더십과창의성,전공(심화),사범대학 화학공학교육과,월16:00~18:00(공1409),이규녀,GRADE,가상강의(보조강의)
화공·섬유교육과정및교재연구,전공(핵심),사범대학 화학공학교육과,화13:00~16:00(공1412),김소연,GRADE,가상강의(보조강의)
유기공업화학,전공(핵심),사범대학 화학공학교육과,수13:00~16:00(공1409),박지혜,GRADE,가상강의(보조강의)
공업교육행정및시설,전공(심화),사범대학 화학공학교육과,"수08:00~09:00(공1414), 금16:00~18:00(공1409)",이규녀,GRADE,가상강의(보조강의)
화공·섬유교육프로젝트,전공(심화),사범대학 화학공학교육과,,김소연,GRADE,가상강의(보조강의)
미래설계상담1,전공(기초),사범대학 기술교육과,,최유현,PASS/FAIL,가상강의(보조강의)
공업물리,전공(기초),사범대학 기술교육과,"월10:30~12:00(글로벌406), 수10:30~12:00(글로벌303)",유영준,GRADE,가상강의(보조강의)
창의공학설계입문,전공(기초),사범대학 기술교육과,월17:00~19:00(글로벌406),이태윤,GRADE,가상강의(보조강의)
설계제도,전공(기초),사범대학 기술교육과,"월13:00~17:00(글로벌406), 목16:00~18:00(글로벌406)",이태윤,GRADE,가상강의(보조강의)
융합지식과미래교육리더십,교양(소양),사범대학 기술교육과,"화13:00~14:00(글로벌303), 수13:00~15:00(글로벌303)",이승원,GRADE,가상강의(보조강의)
융합지식과미래교육리더십,교양(소양),사범대학 기술교육과,"화13:00~14:00(자2415), 수13:00~15:00(자2415)",이승민,GRADE,가상강의(보조강의)
창의발명과 팀 문제해결,교양(소양),사범대학 기술교육과,"화17:00~18:00(글로벌303), 수15:00~17:00(글로벌303)",이승원,GRADE,가상강의(보조강의)
디자인싱킹과 교육혁신,교양(균형),사범대학 기술교육과,화14:00~16:00(글로벌303),최유현,GRADE,가상강의(보조강의)
대학생활과 진로설계,교양(소양필수),사범대학 기술교육과,화09:00~10:00(글로벌406),김용성,GRADE,가상강의(보조강의)
미래설계상담3,전공(기초),사범대학 기술교육과,,최유현,PASS/FAIL,가상강의(보조강의)
발명과특허,전공(심화),사범대학 기술교육과,"화09:00~10:00(글로벌303), 목14:00~16:00(글로벌303)",최유현,GRADE,가상강의(보조강의)
컴퓨터프로그래밍,전공(심화),사범대학 기술교육과,"월14:00~16:00(글로벌304), 목13:00~14:00(글로벌304)",노경숙,GRADE,가상강의(보조강의)
기계기술,전공(핵심),사범대학 기술교육과,"월09:00~11:00(글로벌307), 금09:00~10:00(글로벌307)",이태윤,GRADE,가상강의(보조강의)
컴퓨터기술,전공(핵심),사범대학 기술교육과,"화10:00~12:00(글로벌303), 수09:00~10:00(글로벌303)",김용성,GRADE,가상강의(보조강의)
기술교육론,전공(심화),사범대학 기술교육과,수10:00~12:00(글로벌307),최유현,GRADE,가상강의(보조강의)
미래설계상담5,전공(기초),사범대학 기술교육과,,최유현,PASS/FAIL,가상강의(보조강의)
전자기술,전공(심화),사범대학 기술교육과,"화14:00~16:00(글로벌407), 수13:00~14:00(글로벌407)",이명훈,GRADE,가상강의(보조강의)
기술교육실천사례,전공(심화),사범대학 기술교육과,,,GRADE,가상강의(보조강의)
토목기술,전공(심화),사범대학 기술교육과,화09:00~12:00(글로벌307),조두용,GRADE,가상강의(보조강의)
수송기술,전공(핵심),사범대학 기술교육과,월09:00~12:00(글로벌303),오동진,GRADE,가상강의(보조강의)
제조기술실습,전공(핵심),사범대학 기술교육과,목14:00~20:00(공5214),우연재,GRADE,가상강의(보조강의)
목재가공실습,전공(심화),사범대학 기술교육과,"수09:00~13:00(공5107), 목09:00~11:00(공5107)",이정아,GRADE,가상강의(보조강의)
기술교육과정및교재연구,전공(핵심),사범대학 기술교육과,"수14:00~16:00(글로벌307), 목11:00~12:00(글로벌307)",최유현,GRADE,가상강의(보조강의)
디지털활용교육,전공(심화),사범대학 기술교육과,,,GRADE,가상강의(보조강의)
에너지와동력,전공(핵심),사범대학 기술교육과,목14:00~18:00(글로벌307),임석연,GRADE,가상강의(보조강의)
정보통신기술,전공(핵심),사범대학 기술교육과,"화14:00~17:00(글로벌307), 목09:00~10:00(글로벌307)",김용성,GRADE,가상강의(보조강의)
전기전자응용실습,전공(심화),사범대학 기술교육과,화09:00~14:00(글로벌407),이명훈,GRADE,가상강의(보조강의)
교과지도와생활상담,전공(심화),사범대학 기술교육과,"수09:00~11:00(글로벌407), 목11:00~12:00(글로벌407)",이명훈,GRADE,가상강의(보조강의)
융합기술프로젝트,전공(심화),사범대학 기술교육과,화18:00~24:00(글로벌307),이명훈,GRADE,가상강의(보조강의)
미래설계상담1,전공(기초),사범대학 기계공학교육과,,이창훈,PASS/FAIL,가상강의(보조강의)
공업수학,전공(기초),사범대학 기계공학교육과,"월15:00~16:00(글로벌104), 월17:00~19:00(글로벌104)",김충환,GRADE,가상강의(보조강의)
공업물리,전공(기초),사범대학 기계공학교육과,"목17:00~18:00(글로벌104), 금10:00~12:00(글로벌104)",강태규,GRADE,가상강의(보조강의)
창의공학설계입문,전공(핵심),사범대학 기계공학교육과,금13:00~16:00(글로벌101),송교원,GRADE,가상강의(보조강의)
융합학문탐구프로젝트,교양(소양),사범대학 기계공학교육과,화15:00~17:00(글로벌104),임나영,GRADE,가상강의(보조강의)
대학생활과 진로설계,교양(소양필수),사범대학 기계공학교육과,화17:00~18:00(글로벌104),이창훈,GRADE,가상강의(보조강의)
열역학,전공(핵심),사범대학 기계공학교육과,화14:00~17:00(글로벌101),임석연,GRADE,가상강의(보조강의)
고체역학,전공(핵심),사범대학 기계공학교육과,"월11:00~12:00(글로벌104), 월13:00~15:00(글로벌104)",김충환,GRADE,가상강의(보조강의)
미래설계상담3,전공(기초),사범대학 기계공학교육과,,이창훈,PASS/FAIL,가상강의(보조강의)
설계와제도,전공(핵심),사범대학 기계공학교육과,"목09:00~11:00(공5210), 목11:00~13:00(공5210)",이후승,GRADE,가상강의(보조강의)
기계공작실습,전공(기초),사범대학 기계공학교육과,금13:00~19:00(공5214),이후승,GRADE,가상강의(보조강의)
기계·재료교육론,전공(핵심),사범대학 기계공학교육과,수10:00~13:00(글로벌104),정훈섭,GRADE,가상강의(보조강의)
재료과학실무,전공(기초),사범대학 기계공학교육과,금09:00~12:00(글로벌101),문광호,GRADE,가상강의(보조강의)
CNC가공 및 실습,전공(심화),사범대학 기계공학교육과,"화09:00~11:00(공5214), 화11:00~13:00(공5214)",이후승,GRADE,가상강의(보조강의)
재료강도학,전공(핵심),사범대학 기계공학교육과,"수14:00~16:00(글로벌104), 목16:00~17:00(글로벌104)",강태규,GRADE,가상강의(보조강의)
미래설계상담5,전공(기초),사범대학 기계공학교육과,,이창훈,PASS/FAIL,가상강의(보조강의)
기계·재료 교육과정 및 교재연구,전공(핵심),사범대학 기계공학교육과,목13:00~16:00(글로벌101),이상현,GRADE,가상강의(보조강의)
기계·재료 교수법 및 평가,전공(핵심),사범대학 기계공학교육과,수10:00~12:00(글로벌101),송교원,GRADE,가상강의(보조강의)
내연기관실무,전공(심화),사범대학 기계공학교육과,월14:00~17:00(글로벌101),오동진,GRADE,가상강의(보조강의)
자동제어,전공(핵심),사범대학 기계·재료공학교육과,"화10:00~12:00(글로벌104), 화13:00~15:00(글로벌104)",김충환,GRADE,가상강의(보조강의)
소성가공학,전공(심화),사범대학 기계·재료공학교육과,"수16:00~18:00(글로벌104), 목14:00~16:00(글로벌104)",강태규,GRADE,가상강의(보조강의)
산학협동교육,전공(심화),사범대학 기계·재료공학교육과,수13:00~16:00(글로벌101),이상현,GRADE,가상강의(보조강의)
기계·재료교육세미나,전공(심화),사범대학 기계·재료공학교육과,목09:00~13:00(공1409),이창훈,GRADE,가상강의(보조강의)
생활지도와상담의이론과실제,전공(심화),사범대학 기계·재료공학교육과,월10:00~13:00(글로벌101),이상현,GRADE,가상강의(보조강의)
미래설계상담1,전공(기초),간호대학 간호학과,,정미숙,PASS/FAIL,가상강의(보조강의)
간호학개론,전공(핵심),간호대학 간호학과,금13:00~15:00(201 대형강의실),서현주,GRADE,가상강의(보조강의)
간호학개론,전공(핵심),간호대학 간호학과,금10:00~12:00(201 대형강의실),서현주,GRADE,가상강의(보조강의)
기초건강과학1(인체구조와 기능),전공(기초),간호대학 간호학과,금09:00~12:00(101 대형강의실),이현정,GRADE,가상강의(보조강의)
기초건강과학1(인체구조와 기능),전공(기초),간호대학 간호학과,금13:00~16:00(101 대형강의실),이현정,GRADE,가상강의(보조강의)
대학생의성건강,교양(소양),간호대학 간호학과,,송라윤,GRADE,가상강의(보조강의)
대학생활과 진로설계,교양(소양필수),간호대학 간호학과,금16:00~17:00(101 대형강의실),송라윤,GRADE,가상강의(보조강의)
대학생활과 진로설계,교양(소양필수),간호대학 간호학과,금16:00~17:00(201 대형강의실),송라윤,GRADE,가상강의(보조강의)
미래설계상담3,전공(기초),간호대학 간호학과,,정미숙,PASS/FAIL,가상강의(보조강의)
의사소통론,전공(심화),간호대학 간호학과,월16:00~18:00(306강의실),강문희,GRADE,가상강의(보조강의)
비판적사고 및 간호과정,전공(핵심),간호대학 간호학과,화17:00~18:00(305 강의실),박문경,GRADE,가상강의(보조강의)
비판적사고 및 간호과정,전공(핵심),간호대학 간호학과,화16:00~17:00(305 강의실),박문경,GRADE,가상강의(보조강의)
보건교육론,전공(심화),간호대학 간호학과,월16:00~18:00(305 강의실),정미숙,GRADE,가상강의(보조강의)
기본간호학1,전공(핵심),간호대학 간호학과,월10:00~12:00(305 강의실),박세연,GRADE,가상강의(보조강의)
기본간호학1,전공(핵심),간호대학 간호학과,월13:00~15:00(305 강의실),박세연,GRADE,가상강의(보조강의)
기본간호학실습1,전공(핵심),간호대학 간호학과,화09:00~11:00(401기본간호학실습실),박세연,GRADE,가상강의(보조강의)
기본간호학실습1,전공(핵심),간호대학 간호학과,화11:00~13:00(401기본간호학실습실),박세연,GRADE,가상강의(보조강의)
기본간호학실습1,전공(핵심),간호대학 간호학과,화13:00~15:00(401기본간호학실습실),박세연,GRADE,가상강의(보조강의)
기본간호학실습1,전공(핵심),간호대학 간호학과,화15:00~17:00(401기본간호학실습실),박세연,GRADE,가상강의(보조강의)
기본간호학실습1,전공(핵심),간호대학 간호학과,화17:00~19:00(401기본간호학실습실),박세연,GRADE,가상강의(보조강의)
건강사정법및실습,전공(핵심),간호대학 간호학과,"월09:00~10:00(401기본간호학실습실), 월10:00~12:00(401기본간호학실습실)",ko geumbo,GRADE,가상강의(보조강의)
건강사정법및실습,전공(핵심),간호대학 간호학과,"월13:00~14:00(401기본간호학실습실), 월14:00~16:00(401기본간호학실습실)",박세연,GRADE,가상강의(보조강의)
건강사정법및실습,전공(핵심),간호대학 간호학과,"수09:00~11:00(401기본간호학실습실), 수11:00~12:00(401기본간호학실습실)",박세연,GRADE,가상강의(보조강의)
건강사정법및실습,전공(핵심),간호대학 간호학과,"수12:00~13:00(401기본간호학실습실), 수13:00~15:00(401기본간호학실습실)",박세연,GRADE,가상강의(보조강의)
건강사정법및실습,전공(핵심),간호대학 간호학과,"수15:00~16:00(401기본간호학실습실), 수16:00~18:00(401기본간호학실습실)",박세연,GRADE,가상강의(보조강의)
간호약리학,전공(기초),간호대학 간호학과,화09:00~11:00(305 강의실),서경산,GRADE,가상강의(보조강의)
간호약리학,전공(기초),간호대학 간호학과,화13:00~15:00(305 강의실),서경산,GRADE,가상강의(보조강의)
글로벌 건강,전공(심화),간호대학 간호학과,월16:00~18:00(407 분반강의실),차은석,GRADE,가상강의(보조강의)
성인간호학 1,전공(핵심),간호대학 간호학과,"수16:00~17:00(305 강의실), 수17:00~18:00(305 강의실)",염현이,GRADE,가상강의(보조강의)
성인간호학 1,전공(핵심),간호대학 간호학과,화15:00~16:00(305 강의실),김정련,GRADE,가상강의(보조강의)
미래설계상담5,전공(기초),간호대학 간호학과,,정미숙,PASS/FAIL,가상강의(보조강의)
재활간호학,전공(심화),간호대학 간호학과,"수15:00~16:00(201 대형강의실), 수16:00~17:00(201 대형강의실), 목16:00~17:00(201 대형강의실), 목16:00~17:00(306강의실), 목17:00~18:00(201 대형강의실), 목17:00~18:00(306강의실), 금13:00~14:00(306강의실), 금14:00~15:00(306강의실)",송영신,GRADE,가상강의(보조강의)
아동간호학 2,전공(핵심),간호대학 간호학과,"월09:00~10:00(101 대형강의실), 월09:00~10:00(201 대형강의실), 월10:00~11:00(101 대형강의실), 월10:00~11:00(201 대형강의실), 월11:00~12:00(101 대형강의실), 월11:00~12:00(201 대형강의실), 목09:00~10:00(201 대형강의실), 목10:00~11:00(201 대형강의실), 목11:00~12:00(201 대형강의실)",박문경,GRADE,가상강의(보조강의)
아동간호학 2,전공(핵심),간호대학 간호학과,"월09:00~10:00(201 대형강의실), 월09:00~10:00(306강의실), 월10:00~11:00(201 대형강의실), 월10:00~11:00(306강의실), 월11:00~12:00(201 대형강의실), 월11:00~12:00(306강의실), 목09:00~10:00(201 대형강의실), 목09:00~10:00(306강의실), 목10:00~11:00(201 대형강의실), 목10:00~11:00(306강의실), 목11:00~12:00(201 대형강의실), 목11:00~12:00(306강의실), 목12:00~13:00(201 대형강의실), 목13:00~14:00(201 대형강의실), 목14:00~15:00(201 대형강의실), 금15:00~16:00(306강의실), 금16:00~17:00(306강의실), 금17:00~18:00(306강의실)",박문경,GRADE,가상강의(보조강의)
지역사회공중보건학,전공(핵심),간호대학 간호학과,"수09:00~10:00(101 대형강의실), 수09:00~10:00(201 대형강의실), 수10:00~11:00(101 대형강의실), 수10:00~11:00(201 대형강의실), 수11:00~12:00(101 대형강의실), 수11:00~12:00(201 대형강의실), 목15:00~16:00(201 대형강의실), 목16:00~17:00(201 대형강의실), 목17:00~18:00(201 대형강의실), 금09:00~10:00(305 강의실), 금10:00~11:00(305 강의실), 금11:00~12:00(305 강의실)",정미숙,GRADE,가상강의(보조강의)
지역사회공중보건학,전공(핵심),간호대학 간호학과,"수09:00~10:00(201 대형강의실), 수09:00~10:00(306강의실), 수10:00~11:00(201 대형강의실), 수10:00~11:00(306강의실), 수11:00~12:00(201 대형강의실), 수11:00~12:00(306강의실), 수15:00~16:00(305 강의실), 수16:00~17:00(305 강의실), 수17:00~18:00(305 강의실), 목15:00~16:00(201 대형강의실), 목16:00~17:00(201 대형강의실), 목17:00~18:00(201 대형강의실), 금09:00~10:00(306강의실), 금10:00~11:00(306강의실), 금11:00~12:00(306강의실)",김현리,GRADE,가상강의(보조강의)
보건 교육과정 및 교재연구,전공(심화),간호대학 간호학과,"토09:00~10:00(306강의실), 토10:00~11:00(306강의실), 토11:00~12:00(306강의실), 토12:00~13:00(306강의실)",정미숙,GRADE,가상강의(보조강의)
아동간호학실습,전공(핵심),간호대학 간호학과,,박문경,GRADE,가상강의(보조강의)
아동간호학실습,전공(핵심),간호대학 간호학과,,박문경,GRADE,가상강의(보조강의)
아동간호학실습,전공(핵심),간호대학 간호학과,,박문경,GRADE,가상강의(보조강의)
아동간호학실습,전공(핵심),간호대학 간호학과,,박문경,GRADE,가상강의(보조강의)
아동간호학실습,전공(핵심),간호대학 간호학과,,박문경,GRADE,가상강의(보조강의)
보건정책 및 간호,전공(심화),간호대학 간호학과,"화15:00~16:00(201 대형강의실), 화15:00~16:00(306강의실), 화16:00~17:00(201 대형강의실), 화16:00~17:00(306강의실), 수13:00~14:00(201 대형강의실), 수13:00~14:00(306강의실), 수14:00~15:00(201 대형강의실), 수14:00~15:00(306강의실), 수15:00~16:00(201 대형강의실)",서현주,GRADE,가상강의(보조강의)
증상간호학,전공(심화),간호대학 간호학과,"화16:00~17:00(201 대형강의실), 화17:00~18:00(201 대형강의실), 수13:00~14:00(201 대형강의실), 수14:00~15:00(201 대형강의실), 수15:00~16:00(201 대형강의실), 목13:00~14:00(101 대형강의실), 목13:00~14:00(201 대형강의실), 목14:00~15:00(101 대형강의실), 목14:00~15:00(201 대형강의실), 목15:00~16:00(201 대형강의실)",김정련,GRADE,가상강의(보조강의)
성인간호학실습 1,전공(핵심),간호대학 간호학과,,송라윤,GRADE,가상강의(보조강의)
성인간호학실습 1,전공(핵심),간호대학 간호학과,,송라윤,GRADE,가상강의(보조강의)
성인간호학실습 1,전공(핵심),간호대학 간호학과,,송라윤,GRADE,가상강의(보조강의)
성인간호학실습 1,전공(핵심),간호대학 간호학과,,송라윤,GRADE,가상강의(보조강의)
성인간호학실습 1,전공(핵심),간호대학 간호학과,,송라윤,GRADE,가상강의(보조강의)
성인간호학 3,전공(핵심),간호대학 간호학과,"월15:00~16:00(201 대형강의실), 월16:00~17:00(201 대형강의실), 화09:00~10:00(201 대형강의실), 화10:00~11:00(101 대형강의실), 화10:00~11:00(201 대형강의실)",송라윤,GRADE,가상강의(보조강의)
성인간호학 3,전공(핵심),간호대학 간호학과,"월15:00~16:00(201 대형강의실), 월15:00~16:00(408분반강의실), 월16:00~17:00(201 대형강의실), 월16:00~17:00(408분반강의실), 월17:00~18:00(201 대형강의실), 화09:00~10:00(201 대형강의실), 화09:00~10:00(306강의실), 화10:00~11:00(201 대형강의실), 화10:00~11:00(306강의실), 화16:00~17:00(201 대형강의실), 화17:00~18:00(201 대형강의실), 금15:00~16:00(306강의실), 금16:00~17:00(306강의실)",송라윤,GRADE,가상강의(보조강의)
성인간호학 4,전공(핵심),간호대학 간호학과,"월13:00~14:00(201 대형강의실), 월14:00~15:00(201 대형강의실), 화13:00~14:00(201 대형강의실), 화14:00~15:00(201 대형강의실), 화15:00~16:00(201 대형강의실), 수15:00~16:00(101 대형강의실)",염현이,GRADE,가상강의(보조강의)
성인간호학 4,전공(핵심),간호대학 간호학과,"월13:00~14:00(201 대형강의실), 월13:00~14:00(306강의실), 월14:00~15:00(201 대형강의실), 월14:00~15:00(306강의실), 월15:00~16:00(201 대형강의실), 화13:00~14:00(201 대형강의실), 화13:00~14:00(306강의실), 화14:00~15:00(201 대형강의실), 화14:00~15:00(306강의실), 목13:00~14:00(201 대형강의실), 목14:00~15:00(201 대형강의실), 목15:00~16:00(201 대형강의실)",김정련,GRADE,가상강의(보조강의)
미래설계상담7,전공(기초),간호대학 간호학과,,정미숙,PASS/FAIL,가상강의(보조강의)
노인간호학,전공(심화),간호대학 간호학과,"월18:00~19:00(101 대형강의실), 월16:00~17:00(101 대형강의실), 월17:00~18:00(101 대형강의실), 화18:00~19:00(101 대형강의실), 화16:00~17:00(101 대형강의실), 화17:00~18:00(101 대형강의실), 수18:00~19:00(101 대형강의실), 수16:00~17:00(101 대형강의실), 수17:00~18:00(101 대형강의실), 금09:00~10:00(305 강의실), 금10:00~11:00(305 강의실), 금11:00~12:00(305 강의실)",박명화,GRADE,가상강의(보조강의)
정신간호학실습 1,전공(핵심),간호대학 간호학과,,강문희,GRADE,가상강의(보조강의)
정신간호학실습 1,전공(핵심),간호대학 간호학과,,강문희,GRADE,가상강의(보조강의)
정신간호학실습 1,전공(핵심),간호대학 간호학과,,강문희,GRADE,가상강의(보조강의)
정신간호학실습 1,전공(핵심),간호대학 간호학과,,강문희,GRADE,가상강의(보조강의)
정신간호학실습 1,전공(핵심),간호대학 간호학과,,강문희,GRADE,가상강의(보조강의)
보건통계,전공(심화),간호대학 간호학과,"화09:00~10:00(301 강의실), 화10:00~11:00(301 강의실), 목09:00~10:00(301 강의실), 목10:00~11:00(301 강의실), 목11:00~12:00(301 강의실), 금09:00~10:00(301 강의실), 금10:00~11:00(301 강의실), 금11:00~12:00(301 강의실), 금13:00~14:00(301 강의실), 금14:00~15:00(301 강의실), 금15:00~16:00(301 강의실)",조유민,GRADE,가상강의(보조강의)
여성건강간호학실습 1,전공(핵심),간호대학 간호학과,,차은석,GRADE,가상강의(보조강의)
여성건강간호학실습 1,전공(핵심),간호대학 간호학과,,차은석,GRADE,가상강의(보조강의)
여성건강간호학실습 1,전공(핵심),간호대학 간호학과,,차은석,GRADE,가상강의(보조강의)
여성건강간호학실습 1,전공(핵심),간호대학 간호학과,,차은석,GRADE,가상강의(보조강의)
여성건강간호학실습 1,전공(핵심),간호대학 간호학과,,차은석,GRADE,가상강의(보조강의)
호스피스간호,전공(심화),간호대학 간호학과,"화09:00~10:00(201 대형강의실), 화09:00~10:00(306강의실), 화10:00~11:00(306강의실), 화11:00~12:00(306강의실), 금09:00~10:00(305 강의실), 금09:00~10:00(306강의실), 금10:00~11:00(305 강의실), 금10:00~11:00(306강의실), 금11:00~12:00(305 강의실), 금11:00~12:00(306강의실), 금13:00~14:00(305 강의실), 금13:00~14:00(306강의실), 금14:00~15:00(305 강의실), 금14:00~15:00(306강의실), 금15:00~16:00(305 강의실), 금15:00~16:00(306강의실)",조유민,GRADE,가상강의(보조강의)
간호관리학 2,전공(핵심),간호대학 간호학과,"화18:00~19:00(101 대형강의실), 화13:00~14:00(101 대형강의실), 화14:00~15:00(101 대형강의실), 화15:00~16:00(101 대형강의실), 화16:00~17:00(101 대형강의실), 화17:00~18:00(101 대형강의실), 목08:00~09:00(101 대형강의실), 목09:00~10:00(101 대형강의실), 목10:00~11:00(101 대형강의실), 목11:00~12:00(101 대형강의실), 목12:00~13:00(101 대형강의실), 목13:00~14:00(101 대형강의실), 목14:00~15:00(101 대형강의실)",박명화,GRADE,가상강의(보조강의)
간호관리학 2,전공(핵심),간호대학 간호학과,"화18:00~19:00(101 대형강의실), 화18:00~19:00(407 분반강의실), 화13:00~14:00(101 대형강의실), 화14:00~15:00(101 대형강의실), 화15:00~16:00(101 대형강의실), 화16:00~17:00(101 대형강의실), 화16:00~17:00(407 분반강의실), 화17:00~18:00(101 대형강의실), 화17:00~18:00(407 분반강의실), 목08:00~09:00(201 대형강의실), 목09:00~10:00(101 대형강의실), 목10:00~11:00(101 대형강의실), 목10:00~11:00(201 대형강의실), 목11:00~12:00(101 대형강의실), 목12:00~13:00(201 대형강의실)",박명화,GRADE,가상강의(보조강의)
정신간호학 2,전공(핵심),간호대학 간호학과,"월12:00~13:00(101 대형강의실), 월13:00~14:00(101 대형강의실), 월14:00~15:00(101 대형강의실), 화12:00~13:00(101 대형강의실), 화13:00~14:00(101 대형강의실), 화14:00~15:00(101 대형강의실), 화16:00~17:00(101 대형강의실), 화17:00~18:00(101 대형강의실), 수09:00~10:00(101 대형강의실), 수10:00~11:00(101 대형강의실), 수11:00~12:00(101 대형강의실)",강문희,GRADE,가상강의(보조강의)
정신간호학 2,전공(핵심),간호대학 간호학과,"월12:00~13:00(101 대형강의실), 월12:00~13:00(201 대형강의실), 월12:00~13:00(306강의실), 월13:00~14:00(101 대형강의실), 월13:00~14:00(201 대형강의실), 월13:00~14:00(306강의실), 월14:00~15:00(101 대형강의실), 월14:00~15:00(201 대형강의실), 월14:00~15:00(306강의실), 화12:00~13:00(101 대형강의실), 화12:00~13:00(201 대형강의실), 화12:00~13:00(306강의실), 화13:00~14:00(101 대형강의실), 화13:00~14:00(201 대형강의실), 화13:00~14:00(306강의실), 화14:00~15:00(101 대형강의실), 화14:00~15:00(201 대형강의실), 화14:00~15:00(306강의실), 화16:00~17:00(201 대형강의실), 화17:00~18:00(201 대형강의실), 수09:00~10:00(101 대형강의실), 수09:00~10:00(306강의실), 수18:00~19:00(305 강의실), 수10:00~11:00(101 대형강의실), 수10:00~11:00(201 대형강의실), 수10:00~11:00(306강의실), 수11:00~12:00(101 대형강의실), 수11:00~12:00(306강의실), 수16:00~17:00(305 강의실), 수17:00~18:00(305 강의실)",강문희,GRADE,가상강의(보조강의)
여성건강간호학 2,전공(핵심),간호대학 간호학과,"월09:00~10:00(101 대형강의실), 월10:00~11:00(101 대형강의실), 월11:00~12:00(101 대형강의실), 목18:00~19:00(101 대형강의실), 목16:00~17:00(101 대형강의실), 목17:00~18:00(101 대형강의실), 금18:00~19:00(305 강의실), 금16:00~17:00(305 강의실), 금17:00~18:00(305 강의실)",차은석,GRADE,가상강의(보조강의)
여성건강간호학 2,전공(핵심),간호대학 간호학과,"월09:00~10:00(101 대형강의실), 월09:00~10:00(201 대형강의실), 월09:00~10:00(306강의실), 월10:00~11:00(101 대형강의실), 월10:00~11:00(201 대형강의실), 월10:00~11:00(306강의실), 월11:00~12:00(101 대형강의실), 월11:00~12:00(201 대형강의실), 월11:00~12:00(306강의실), 목13:00~14:00(101 대형강의실), 목13:00~14:00(201 대형강의실), 목13:00~14:00(306강의실), 목14:00~15:00(101 대형강의실), 목14:00~15:00(306강의실), 목15:00~16:00(101 대형강의실), 목15:00~16:00(306강의실), 목16:00~17:00(306강의실)",조현진,GRADE,가상강의(보조강의)
성인간호학 4,전공(핵심),간호대학 간호학과,"월18:00~19:00(101 대형강의실), 월16:00~17:00(101 대형강의실), 월17:00~18:00(101 대형강의실), 화09:00~10:00(101 대형강의실), 화10:00~11:00(101 대형강의실), 수13:00~14:00(101 대형강의실), 수14:00~15:00(101 대형강의실), 수15:00~16:00(101 대형강의실), 목13:00~14:00(101 대형강의실), 목14:00~15:00(101 대형강의실), 목15:00~16:00(101 대형강의실)",염현이,GRADE,가상강의(보조강의)
성인간호학 4,전공(핵심),간호대학 간호학과,"월18:00~19:00(101 대형강의실), 월18:00~19:00(201 대형강의실), 월18:00~19:00(408분반강의실), 월16:00~17:00(101 대형강의실), 월16:00~17:00(201 대형강의실), 월16:00~17:00(408분반강의실), 월17:00~18:00(101 대형강의실), 월17:00~18:00(201 대형강의실), 월17:00~18:00(408분반강의실), 화09:00~10:00(101 대형강의실), 화09:00~10:00(201 대형강의실), 화09:00~10:00(306강의실), 화10:00~11:00(101 대형강의실), 화10:00~11:00(201 대형강의실), 화10:00~11:00(306강의실), 화13:00~14:00(201 대형강의실), 화14:00~15:00(201 대형강의실), 수13:00~14:00(101 대형강의실), 수13:00~14:00(201 대형강의실), 수13:00~14:00(306강의실), 수14:00~15:00(101 대형강의실), 수14:00~15:00(201 대형강의실), 수14:00~15:00(306강의실), 수15:00~16:00(101 대형강의실), 수15:00~16:00(201 대형강의실), 수15:00~16:00(306강의실)",김정련,GRADE,가상강의(보조강의)
지역사회간호학실습1 (캡스톤디자인),전공(핵심),간호대학 간호학과,,정미숙,GRADE,가상강의(보조강의)
지역사회간호학실습1 (캡스톤디자인),전공(핵심),간호대학 간호학과,,정미숙,GRADE,가상강의(보조강의)
지역사회간호학실습1 (캡스톤디자인),전공(핵심),간호대학 간호학과,,정미숙,GRADE,가상강의(보조강의)
지역사회간호학실습1 (캡스톤디자인),전공(핵심),간호대학 간호학과,,정미숙,GRADE,가상강의(보조강의)
지역사회간호학실습1 (캡스톤디자인),전공(핵심),간호대학 간호학과,,정미숙,GRADE,가상강의(보조강의)
보건 교수법 및 평가,전공(심화),간호대학 간호학과,"토09:00~10:00(306강의실), 토10:00~11:00(306강의실), 토11:00~12:00(306강의실), 토12:00~13:00(306강의실)",정미숙,GRADE,가상강의(보조강의)
미래설계상담1,전공(기초),생명시스템과학대학 생명정보융합학과,,김승균,PASS/FAIL,가상강의(보조강의)
생명과학실험1,전공(기초),생명시스템과학대학 생명정보융합학과,월14:00~18:00(공동205),김승균,GRADE,가상강의(보조강의)
생명과학실험1,전공(기초),생명시스템과학대학 생명정보융합학과,목14:00~18:00(공동205),김준,GRADE,가상강의(보조강의)
기초생명과학,전공(기초),생명시스템과학대학 생명정보융합학과,"월10:30~12:00(생명103), 수15:00~16:30(생명103)",허지원,GRADE,가상강의(보조강의)
대학생활과 진로설계,교양(소양필수),생명시스템과학대학 생명정보융합학과,월09:30~10:30(생명103),김승균,GRADE,가상강의(보조강의)
미래설계상담3,전공(기초),생명시스템과학대학 생명정보융합학과,,,PASS/FAIL,가상강의(보조강의)
생물정보학개론,전공(기초),생명시스템과학대학 생명정보융합학과,"월10:30~12:00(환경관102-1), 수09:00~10:30(생명105)",이한길,GRADE,가상강의(보조강의)
세포생물학,전공(핵심),생명시스템과학대학 생명정보융합학과,"화10:30~12:00(환경관102-1), 금10:30~12:00(환경관102-1)",김승균,GRADE,가상강의(보조강의)
생물다양성정보학,전공(심화),생명시스템과학대학 생명정보융합학과,"월15:00~16:30(생명105), 목16:30~18:00(생명108)",김승범,GRADE,가상강의(보조강의)
고급생명과학실험,전공(핵심),생명시스템과학대학 생명정보융합학과,화14:00~18:00(생명210),이한길,GRADE,가상강의(보조강의)
고급생명과학실험,전공(핵심),생명시스템과학대학 생명정보융합학과,목09:00~13:00(생명210),김현수,GRADE,가상강의(보조강의)
식물과학개론,전공(핵심),생명시스템과학대학 생명정보융합학과,"수10:30~12:00(생명106), 금13:30~15:00(생명106)",이한길,GRADE,가상강의(보조강의)
미래설계상담5,전공(기초),생명시스템과학대학 생명정보융합학과,,,PASS/FAIL,가상강의(보조강의)
생명공학,전공(심화),생명시스템과학대학 생명정보융합학과,"월13:30~15:00(생명106), 금09:00~10:30(생명106)",이한길,GRADE,가상강의(보조강의)
바이오빅데이터,전공(핵심),생명시스템과학대학 생명정보융합학과,"수10:30~12:00(환경관102-1), 목13:30~15:00(환경관102-1)",김현수,GRADE,가상강의(보조강의)
바이오빅데이터실습,전공(핵심),생명시스템과학대학 생명정보융합학과,화09:00~13:00(생명104),김준,GRADE,가상강의(보조강의)
기능유전체학,전공(심화),생명시스템과학대학 생명정보융합학과,"화13:30~15:00(환경관102-1), 목09:00~10:30(환경관102-1)",김준,GRADE,가상강의(보조강의)
생체기능정보학,전공(심화),생명시스템과학대학 생명정보융합학과,"화15:00~16:30(환경관102-1), 금13:30~15:00(환경관102-1)",허지원,GRADE,가상강의(보조강의)
미래설계상담7,전공(기초),생명시스템과학대학 생명정보융합학과,,,PASS/FAIL,가상강의(보조강의)
마이크로바이옴,전공(심화),생명시스템과학대학 생명정보융합학과,"목10:30~12:00(환경관102-1), 금09:00~10:30(환경관102-1)",허지원,GRADE,가상강의(보조강의)
의생명정보과학,전공(심화),생명시스템과학대학 생명정보융합학과,"월13:30~15:00(생명105), 금11:00~12:30(생명105)",김현수,GRADE,가상강의(보조강의)
캡스톤디자인2,전공(심화),생명시스템과학대학 생명정보융합학과,"월18:00~21:00(환경관102-1), 목18:00~21:00(환경관102-1)",이한길,GRADE,가상강의(보조강의)
미래설계상담1,전공(기초),생명시스템과학대학 미생물·분자생명과학과,,김건우,PASS/FAIL,가상강의(보조강의)
생물학 1,전공(기초),생명시스템과학대학 미생물·분자생명과학과,"수15:00~16:30(생명101), 금09:00~10:30(생명101)",김건우,GRADE,가상강의(보조강의)
대학생활과 진로설계,교양(소양필수),생명시스템과학대학 미생물·분자생명과학과,금11:00~12:00(생명103),김건우,GRADE,가상강의(보조강의)
미래설계상담3,전공(기초),생명시스템과학대학 미생물·분자생명과학과,,김건우,PASS/FAIL,가상강의(보조강의)
생물유기화학,전공(기초),생명시스템과학대학 미생물·분자생명과학과,"화09:00~10:30(생명103), 목10:30~12:00(생명103)",김건우,GRADE,가상강의(보조강의)
기초 세포생물학,전공(핵심),생명시스템과학대학 미생물·분자생명과학과,"화10:30~12:00(생명103), 목13:30~15:00(생명103)",이수진,GRADE,가상강의(보조강의)
미생물학실험1,전공(기초),생명시스템과학대학 미생물·분자생명과학과,금13:00~19:00(생명206),한재일,GRADE,가상강의(보조강의)
미생물학실험1,전공(기초),생명시스템과학대학 미생물·분자생명과학과,금13:00~19:00(생명204),김건우,GRADE,가상강의(보조강의)
일반미생물학기초,전공(기초),생명시스템과학대학 미생물·분자생명과학과,"수10:30~12:00(생명108), 금09:00~10:30(생명108)",김정윤,GRADE,가상강의(보조강의)
미래설계상담5,전공(기초),생명시스템과학대학 미생물·분자생명과학과,,김건우,PASS/FAIL,가상강의(보조강의)
면역학,전공(심화),생명시스템과학대학 미생물·분자생명과학과,"화09:00~10:30(생명108), 목10:30~12:00(생명108)",노재랑,GRADE,가상강의(보조강의)
균학,전공(심화),생명시스템과학대학 미생물·분자생명과학과,"수10:30~12:00(생명103), 금15:00~16:30(생명103)",김성훈,GRADE,가상강의(보조강의)
생리생화학,전공(핵심),생명시스템과학대학 미생물·분자생명과학과,"수09:00~10:30(생명108), 금10:30~12:00(생명108)",김성진,GRADE,가상강의(보조강의)
기초세균학,전공(심화),생명시스템과학대학 미생물·분자생명과학과,"화10:30~12:00(생명108), 목09:00~10:30(생명108)",김승범,GRADE,가상강의(보조강의)
분자생명과학실험1,전공(핵심),생명시스템과학대학 미생물·분자생명과학과,수13:00~19:00(생명206),이수진,GRADE,가상강의(보조강의)
분자생명과학실험1,전공(핵심),생명시스템과학대학 미생물·분자생명과학과,수13:00~19:00(생명204),노재랑,GRADE,가상강의(보조강의)
환경미생물학,전공(심화),생명시스템과학대학 미생물·분자생명과학과,"화13:30~15:00(생명108), 목13:30~15:00(생명108)",김민수,GRADE,가상강의(보조강의)
분자세포생물학,전공(심화),생명시스템과학대학 미생물·분자생명과학과,"화15:00~16:30(생명103), 목15:00~16:30(생명103)",한재일,GRADE,가상강의(보조강의)
미생물학연구종합설계1,전공(심화),생명시스템과학대학 미생물·분자생명과학과,"월09:00~13:00(생명101), 화19:00~20:00(생명108)",김성진,GRADE,가상강의(보조강의)
미생물학연구종합설계1,전공(심화),생명시스템과학대학 미생물·분자생명과학과,"월09:00~13:00(생명108), 화19:00~20:00(생명103)",김정윤,GRADE,가상강의(보조강의)
미생물학논문실험,전공(심화),생명시스템과학대학 미생물·분자생명과학과,월18:00~22:00(생명204),김성훈,GRADE,가상강의(보조강의)
미래설계상담1,전공(기초),생명시스템과학대학 생물과학과,,김경미,PASS/FAIL,가상강의(보조강의)
생물학실험,전공(기초),생명시스템과학대학 생물과학과,화14:00~18:00(공동205),심동환,GRADE,가상강의(보조강의)
생물학실험,전공(기초),생명시스템과학대학 생물과학과,수14:00~18:00(공동205),노현주,GRADE,가상강의(보조강의)
생물학실험,전공(기초),생명시스템과학대학 생물과학과,금09:00~13:00(공동205),김철희,GRADE,가상강의(보조강의)
생물학 1,전공(기초),생명시스템과학대학 생물과학과,"월13:30~15:00(생명101), 수09:00~10:30(생명101)",박연일,GRADE,가상강의(보조강의)
생명의 이해,교양(균형),생명시스템과학대학 생물과학과,"화16:30~18:00(교202A), 목15:00~16:30(교202A)",박연일,GRADE,가상강의(보조강의)
환경과학,교양(소양),생명시스템과학대학 생물과학과,"월10:30~12:00(교202A), 수09:00~10:30(교202A)",정미윤,GRADE,가상강의(보조강의)
필수생물학,교양(균형),생명시스템과학대학 생물과학과,"화13:30~15:00(농1101), 목12:00~13:30(농1101)",장태수,GRADE,가상강의(보조강의)
필수생물학,교양(균형),생명시스템과학대학 생물과학과,"화13:30~15:00(농1102), 목12:00~13:30(농1102)",노현주,GRADE,가상강의(보조강의)
생물학,교양(균형),생명시스템과학대학 생물과학과,"월13:30~15:00(공5102), 화10:00~11:30(공5102)",심동환,GRADE,가상강의(보조강의)
생물학,교양(균형),생명시스템과학대학 생물과학과,"월10:30~12:00(공1316), 수09:00~10:30(공1316)",오지연,GRADE,가상강의(보조강의)
생물학,교양(균형),생명시스템과학대학 생물과학과,"월13:30~15:00(공1312), 수10:30~12:00(공1312)",오지연,GRADE,가상강의(보조강의)
대학생활과 진로설계,교양(소양필수),생명시스템과학대학 생물과학과,수10:30~11:30(생명101),김경미,GRADE,가상강의(보조강의)
기초뇌과학,교양(소양),생명시스템과학대학 생물과학과,"수12:00~13:30(교205), 금13:30~15:00(교205)",한경석,GRADE,가상강의(보조강의)
미래설계상담3,전공(기초),생명시스템과학대학 생물과학과,,,PASS/FAIL,가상강의(보조강의)
동물분류학,전공(핵심),생명시스템과학대학 생물과학과,"화10:30~12:00(생명101), 목10:30~12:00(생명101)",안기정,GRADE,가상강의(보조강의)
유전·발생생물학 실험,전공(기초),생명시스템과학대학 생물과학과,월14:00~18:00(생명208),김경미,GRADE,가상강의(보조강의)
유전·발생생물학 실험,전공(기초),생명시스템과학대학 생물과학과,수09:00~13:00(생명208),김철희,GRADE,가상강의(보조강의)
유전·발생생물학 실험,전공(기초),생명시스템과학대학 생물과학과,금09:00~13:00(생명208),권준태,GRADE,가상강의(보조강의)
인체생물학,전공(심화),생명시스템과학대학 생물과학과,"화13:30~15:00(생명101), 금13:30~15:00(생명101)",김경미,GRADE,가상강의(보조강의)
조류학,전공(심화),생명시스템과학대학 생물과학과,"화15:00~16:30(생명105), 수13:30~15:00(생명105)",신웅기,GRADE,가상강의(보조강의)
바이오빅데이터학,전공(심화),생명시스템과학대학 생물과학과,"월10:30~12:00(생명106), 수16:30~18:00(생명106)",심동환,GRADE,가상강의(보조강의)
야외생물학,전공(심화),생명시스템과학대학 생물과학과,"화16:30~18:30(생명208), 목15:00~17:00(생명105)",정미윤,GRADE,가상강의(보조강의)
생화학,전공(핵심),생명시스템과학대학 생물과학과,"월09:00~10:30(생명106), 수15:00~16:30(생명106)",심동환,GRADE,가상강의(보조강의)
미래설계상담5,전공(기초),생명시스템과학대학 생물과학과,,,PASS/FAIL,가상강의(보조강의)
동물생리학,전공(핵심),생명시스템과학대학 생물과학과,"목15:00~16:30(생명101), 금10:30~12:00(생명101)",노현주,GRADE,가상강의(보조강의)
분자생물학,전공(핵심),생명시스템과학대학 생물과학과,"화15:00~16:30(생명101), 목09:00~10:30(생명101)",김남식,GRADE,가상강의(보조강의)
곤충학,전공(심화),생명시스템과학대학 생물과학과,"화13:30~15:00(생명105), 수15:00~16:30(생명105)",안기정,GRADE,가상강의(보조강의)
분자생물·생화학 실험,전공(기초),생명시스템과학대학 생물과학과,월14:00~18:00(생명210),김남식,GRADE,가상강의(보조강의)
분자생물·생화학 실험,전공(기초),생명시스템과학대학 생물과학과,수09:00~13:00(생명210),오만호,GRADE,가상강의(보조강의)
분자생물·생화학 실험,전공(기초),생명시스템과학대학 생물과학과,금14:00~18:00(생명210),박연일,GRADE,가상강의(보조강의)
바이오의약산업,전공(심화),생명시스템과학대학 생물과학과,"월10:30~12:00(생명105), 화09:00~10:30(생명105)",권준태,GRADE,가상강의(보조강의)
식물분자발달학,전공(심화),생명시스템과학대학 생물과학과,"화10:30~12:00(생명105), 목10:30~12:00(생명105)",오만호,GRADE,가상강의(보조강의)
분자유전학,전공(심화),생명시스템과학대학 생물과학과,"수13:30~15:00(생명101), 목13:30~15:00(생명101)",김철희,GRADE,가상강의(보조강의)
과학논술,전공(심화),생명시스템과학대학 생물과학과,"화15:00~18:00(생명106), 목15:00~18:00(생명106)",오만호,GRADE,가상강의(보조강의)
미래설계상담7,전공(기초),생명시스템과학대학 생물과학과,,,PASS/FAIL,가상강의(보조강의)
진화생물학,전공(심화),생명시스템과학대학 생물과학과,"화10:30~12:00(생명106), 수13:30~15:00(생명106)",장태수,GRADE,가상강의(보조강의)
캡스톤디자인2,전공(심화),생명시스템과학대학 생물과학과,"월18:00~21:00(생명105), 수18:00~21:00(생명105)",정미윤,GRADE,가상강의(보조강의)
신경생물학,전공(심화),생명시스템과학대학 생물과학과,"월15:00~16:30(생명106), 수09:00~10:30(생명106)",한경석,GRADE,가상강의(보조강의)
식물과학,전공(심화),생명시스템과학대학 생물과학과,"화13:30~15:00(생명106), 목10:30~12:00(생명106)",박연일,GRADE,가상강의(보조강의)
미래설계상담3,전공(기초),자유전공학부 공공안전학,,서영식,PASS/FAIL,가상강의(보조강의)
국가조직론,전공(핵심),자유전공학부 공공안전학,"월17:00~18:00(법2346), 화16:00~18:00(법2346)",김희정,GRADE,가상강의(보조강의)
형법총론,전공(핵심),자유전공학부 공공안전학,"수13:00~15:00(법2340), 목14:00~15:00(법2340)",김남희,GRADE,가상강의(보조강의)
조직과커뮤니케이션,전공(핵심),자유전공학부 공공안전학,"월16:00~17:00(다2343), 수15:00~17:00(다2343)",김성중,GRADE,가상강의(보조강의)
미래설계상담5,전공(기초),자유전공학부 공공안전학,,서영식,PASS/FAIL,가상강의(보조강의)
민법각론,전공(심화),자유전공학부 공공안전학,"화11:00~12:00(다2354), 목10:00~12:00(다2354)",최윤석,GRADE,가상강의(보조강의)
행정법일반,전공(심화),자유전공학부 공공안전학,"화13:00~15:00(법2346), 수11:00~12:00(법2346)",김희정,GRADE,가상강의(보조강의)
형사소송법,전공(심화),자유전공학부 공공안전학,"수15:00~16:00(법2340), 목15:00~17:00(법2340)",김남희,GRADE,가상강의(보조강의)
미래설계상담7,전공(기초),자유전공학부 공공안전학,,서영식,PASS/FAIL,가상강의(보조강의)
소송과강제집행,전공(심화),자유전공학부 공공안전학,목14:00~17:00(다2354),유일현,GRADE,가상강의(보조강의)
형사종합사례연습,전공(심화),자유전공학부 공공안전학,"수16:00~18:00(법2340), 목13:00~14:00(법2340)",김남희,GRADE,가상강의(보조강의)
헌법종합사례연습,전공(심화),자유전공학부 공공안전학,"수13:00~14:00(다2358), 목10:00~12:00(다2358)",김희정,GRADE,가상강의(보조강의)
미래설계상담3,전공(기초),자유전공학부 리더십과 조직과학,,서영식,PASS/FAIL,가상강의(보조강의)
경제학의이론과쟁점,전공(핵심),자유전공학부 리더십과 조직과학,목15:00~18:00(법2346),구본우,GRADE,가상강의(보조강의)
회계원리,전공(핵심),자유전공학부 리더십과 조직과학,"화10:00~12:00(다2341), 수17:00~18:00(다2358)",이지영,GRADE,가상강의(보조강의)
미래설계상담5,전공(기초),자유전공학부 리더십과 조직과학,,서영식,PASS/FAIL,가상강의(보조강의)
상담심리학,전공(심화),자유전공학부 리더십과 조직과학,"수16:30~18:00(다2352), 목10:30~12:00(다2356)",고홍월,GRADE,가상강의(보조강의)
소비자트렌드와마케팅,전공(심화),자유전공학부 리더십과 조직과학,수10:00~13:00(다2341),박서니,GRADE,가상강의(보조강의)
미래설계상담7,전공(기초),자유전공학부 리더십과 조직과학,,서영식,PASS/FAIL,가상강의(보조강의)
조직의의사결정,전공(심화),자유전공학부 리더십과 조직과학,"화10:00~12:00(다2352), 수17:00~18:00(다2354)",김은미,GRADE,가상강의(보조강의)
경영분석,전공(심화),자유전공학부 리더십과 조직과학,"화13:00~15:00(다2354), 수16:00~17:00(다2354)",이지영,GRADE,가상강의(보조강의)
비즈니스영어,전공(심화),자유전공학부 리더십과 조직과학,"월10:00~12:00(다2358), 수11:00~12:00(다2358)",구유선,GRADE,가상강의(보조강의)
미래설계상담3,전공(기초),자유전공학부 인문·사회과학,,서영식,PASS/FAIL,가상강의(보조강의)
문학텍스트읽기,전공(핵심),자유전공학부 인문·사회과학,"월11:00~12:00(다2354), 화13:00~15:00(다2341)",김정숙,GRADE,가상강의(보조강의)
사회학의이해,전공(핵심),자유전공학부 인문·사회과학,목10:00~13:00(다2341),김민정,GRADE,가상강의(보조강의)
추리기법,전공(핵심),자유전공학부 인문·사회과학,"화16:00~18:00(다2343), 수11:00~12:00(다2343)",박준용,GRADE,가상강의(보조강의)
미래설계상담5,전공(기초),자유전공학부 인문·사회과학,,서영식,PASS/FAIL,가상강의(보조강의)
문화과학의이해,전공(심화),자유전공학부 인문·사회과학,"화16:00~18:00(다2354), 목15:00~16:00(다2343)",조흥만,GRADE,가상강의(보조강의)
직무역량영어,전공(심화),자유전공학부 인문·사회과학,"월14:00~16:00(다2352), 수10:00~11:00(다2356)",구유선,GRADE,가상강의(보조강의)
과학기술과윤리,전공(핵심),자유전공학부 인문·사회과학,"화15:00~16:00(다2343), 목13:00~15:00(다2343)",조흥만,GRADE,가상강의(보조강의)
미래설계상담7,전공(기초),자유전공학부 인문·사회과학,,서영식,PASS/FAIL,가상강의(보조강의)
국제정치론,전공(심화),자유전공학부 인문·사회과학,월13:00~16:00(다2341),송윤진,GRADE,가상강의(보조강의)
커뮤니케이션,전공(심화),자유전공학부 인문·사회과학,"월17:00~18:00(다2343), 수13:00~15:00(다2343)",김성중,GRADE,가상강의(보조강의)
동양고전과현대,전공(심화),자유전공학부 인문·사회과학,"화13:00~15:00(다2356), 수15:00~16:00(다2356)",서영식,GRADE,가상강의(보조강의)
미래설계상담3,전공(기초),자유전공학부 리더십과 조직과학(재직자 과정),,서영식,PASS/FAIL,가상강의(보조강의)
경제학원론,전공(핵심),자유전공학부 리더십과 조직과학(재직자 과정),월19:00~22:00(다2354),구본우,GRADE,가상강의(보조강의)
문화과학의이해,전공(핵심),자유전공학부 리더십과 조직과학(재직자 과정),화19:00~22:00(다2343),조흥만,GRADE,가상강의(보조강의)
재무회계,전공(핵심),자유전공학부 리더십과 조직과학(재직자 과정),수19:00~22:00(다2354),이지영,GRADE,가상강의(보조강의)
소비자트렌드분석,전공(핵심),자유전공학부 리더십과 조직과학(재직자 과정),토13:00~16:00(다2356),박서니,GRADE,가상강의(보조강의)
언어와문화론,전공(핵심),자유전공학부 리더십과 조직과학(재직자 과정),토16:00~19:00(다2356),구유선,GRADE,가상강의(보조강의)
미래설계상담5,전공(기초),자유전공학부 리더십과 조직과학(재직자 과정),,서영식,PASS/FAIL,가상강의(보조강의)
시민사회와법의원리,전공(심화),자유전공학부 리더십과 조직과학(재직자 과정),수19:00~22:00(다2356),김희정,GRADE,가상강의(보조강의)
전략과정보의경제학,전공(심화),자유전공학부 리더십과 조직과학(재직자 과정),화19:00~22:00(다2354),구본우,GRADE,가상강의(보조강의)
대중문화와미디어,전공(심화),자유전공학부 리더십과 조직과학(재직자 과정),월19:00~22:00(다2343),김성중,GRADE,가상강의(보조강의)
문학과사회읽기,전공(심화),자유전공학부 리더십과 조직과학(재직자 과정),토13:00~16:00(다2354),김정숙,GRADE,가상강의(보조강의)
서양고전과현대사회,전공(심화),자유전공학부 리더십과 조직과학(재직자 과정),토16:00~19:00(다2354),서영식,GRADE,가상강의(보조강의)
미래설계상담7,전공(기초),자유전공학부 리더십과 조직과학(재직자 과정),,서영식,PASS/FAIL,가상강의(보조강의)
조직의의사결정,전공(심화),자유전공학부 리더십과 조직과학(재직자 과정),수19:00~22:00(다2358),김은미,GRADE,가상강의(보조강의)
비즈니스영어,전공(심화),자유전공학부 리더십과 조직과학(재직자 과정),토13:00~16:00(다2352),구유선,GRADE,가상강의(보조강의)
주제심화세미나,전공(심화),자유전공학부 리더십과 조직과학(재직자 과정),토16:00~19:00(다2352),고홍월,GRADE,가상강의(보조강의)
연구방법과논문작성,전공(심화),자유전공학부 리더십과 조직과학(재직자 과정),화19:00~22:00(다2358),김정숙,GRADE,가상강의(보조강의)
6.25 전쟁사,교양(소양),충남대학교 국가안보융합학부,"화13:30~15:00(교202A), 목13:30~15:00(교202A)",임문균,GRADE,가상강의(보조강의)
국가안보론,교양(균형),충남대학교 국가안보융합학부,"화15:00~16:30(교204A), 수16:30~18:00(교204A)",김종서,GRADE,가상강의(보조강의)
미래설계상담1,전공(기초),국가안보융합학부 국토안보학,,정용기,PASS/FAIL,가상강의(보조강의)
국가안보론,전공(기초),국가안보융합학부 국토안보학,"화10:30~12:00(자2118), 목10:30~12:00(자2118)",임문균,GRADE,가상강의(보조강의)
6·25전쟁사,전공(기초),국가안보융합학부 국토안보학,"화13:30~15:00(자2118), 금13:30~15:00(자2118)",권영현,GRADE,가상강의(보조강의)
군사체육1,전공(핵심),국가안보융합학부 국토안보학,수09:00~11:00(종합운동장),권영현,GRADE,가상강의(보조강의)
대학생활과 진로설계,교양(소양필수),국가안보융합학부 국토안보학,수17:00~18:00(자2118),정용기,GRADE,가상강의(보조강의)
미래설계상담3,전공(기초),국가안보융합학부 국토안보학,,정용기,PASS/FAIL,가상강의(보조강의)
군사학방법론,전공(기초),국가안보융합학부 국토안보학,"화13:30~15:00(자2113), 목13:30~15:00(자2113)",정용기,GRADE,가상강의(보조강의)
국가위기관리론,전공(심화),국가안보융합학부 국토안보학,"화10:30~12:00(자2113), 금13:30~15:00(자2113)",최정수,GRADE,가상강의(보조강의)
군사법규,전공(심화),국가안보융합학부 국토안보학,"월15:00~16:30(자2118), 목15:00~16:30(자2118)",도중진,GRADE,가상강의(보조강의)
군사체육2,전공(핵심),국가안보융합학부 국토안보학,수09:00~11:00(북부운동장),최정수,GRADE,가상강의(보조강의)
군리더십론,전공(핵심),국가안보융합학부 국토안보학,"월13:30~15:00(자2118), 수13:30~15:00(자2118)",전기석,GRADE,가상강의(보조강의)
군사혁신론,전공(심화),국가안보융합학부 국토안보학,"수15:00~16:30(자2118), 금10:30~12:00(자2118)",권영현,GRADE,가상강의(보조강의)
미래설계상담5,전공(기초),국가안보융합학부 국토안보학,,정용기,PASS/FAIL,가상강의(보조강의)
군사영어,전공(핵심),국가안보융합학부 국토안보학,"화15:00~16:30(자2114), 목15:00~16:30(자2114)",전기석,GRADE,가상강의(보조강의)
무기체계,전공(심화),국가안보융합학부 국토안보학,"화16:30~18:00(자2114), 목16:30~18:00(자2114)",정용기,GRADE,가상강의(보조강의)
군상담심리,전공(심화),국가안보융합학부 국토안보학,"월10:30~12:00(자2113), 수15:00~16:30(자2113)",최정수,GRADE,가상강의(보조강의)
국방운영분석,전공(핵심),국가안보융합학부 국토안보학,"월13:30~15:00(자2113), 수13:30~15:00(자2113)",설현주,GRADE,가상강의(보조강의)
미래설계상담7,전공(기초),국가안보융합학부 국토안보학,,정용기,PASS/FAIL,가상강의(보조강의)
현대전략론,전공(심화),국가안보융합학부 국토안보학,"화13:30~15:00(전산1106), 금10:30~12:00(전산1106)",최정수,GRADE,가상강의(보조강의)
국방조직론,전공(심화),국가안보융합학부 국토안보학,"화10:30~12:00(전산1106), 목10:30~12:00(전산1106)",권영현,GRADE,가상강의(보조강의)
미래설계상담1,전공(기초),국가안보융합학부 해양안보학,,길병옥,PASS/FAIL,가상강의(보조강의)
국가안보론,전공(기초),국가안보융합학부 해양안보학,"화12:00~13:00(전산1101), 수13:00~15:00(전산1101)",길병옥,GRADE,가상강의(보조강의)
군사학개론,전공(기초),국가안보융합학부 해양안보학,"화10:30~12:00(전산1101), 목10:30~12:00(전산1101)",권세원,GRADE,가상강의(보조강의)
해양체육1,전공(핵심),국가안보융합학부 해양안보학,"화14:00~16:00(종합운동장), 목14:00~16:00(종합운동장)",함태호,GRADE,가상강의(보조강의)
대학생활과 진로설계,교양(소양필수),국가안보융합학부 해양안보학,수17:00~18:00(자2119),설현주,GRADE,가상강의(보조강의)
미래설계상담3,전공(기초),국가안보융합학부 해양안보학,,김장현,PASS/FAIL,가상강의(보조강의)
군사혁신론,전공(심화),국가안보융합학부 해양안보학,"수10:30~12:00(자2119), 금13:30~15:00(자2119)",김장현,GRADE,가상강의(보조강의)
군사전략론,전공(핵심),국가안보융합학부 해양안보학,"화13:30~15:00(자2119), 목13:30~15:00(자2119)",김승일,GRADE,가상강의(보조강의)
충무공과 해군인물,전공(기초),국가안보융합학부 해양안보학,"월13:30~15:00(자2119), 수13:30~15:00(자2119)",권세원,GRADE,가상강의(보조강의)
군사사,전공(심화),국가안보융합학부 해양안보학,"화15:00~16:30(자2119), 목10:30~12:00(자2119)",김장현,GRADE,가상강의(보조강의)
국방정보론,전공(심화),국가안보융합학부 해양안보학,"화10:30~12:00(자2119), 목15:00~16:30(자2119)",김승일,GRADE,가상강의(보조강의)
해양체육2,전공(핵심),국가안보융합학부 해양안보학,금10:00~12:00(종합운동장),함태호,GRADE,가상강의(보조강의)
군사통계,전공(심화),국가안보융합학부 해양안보학,"월15:00~16:30(자2119), 수15:00~16:30(자2119)",설현주,GRADE,가상강의(보조강의)
미래설계상담5,전공(기초),국가안보융합학부 해양안보학,,함태호,PASS/FAIL,가상강의(보조강의)
선박조종론,전공(심화),국가안보융합학부 해양안보학,"수10:30~12:00(자2115), 금13:30~15:00(자2115)",함태호,GRADE,가상강의(보조강의)
세계전쟁사,전공(심화),국가안보융합학부 해양안보학,"화13:30~15:00(전산1101), 목13:30~15:00(전산1101)",권세원,GRADE,가상강의(보조강의)
국제해양분쟁,전공(핵심),국가안보융합학부 해양안보학,"화10:30~12:00(자2115), 목10:30~12:00(자2115)",함태호,GRADE,가상강의(보조강의)
군사영어,전공(핵심),국가안보융합학부 해양안보학,"수13:30~15:00(자2115), 금10:30~12:00(자2115)",김장현,GRADE,가상강의(보조강의)
미래설계상담7,전공(기초),국가안보융합학부 해양안보학,,김승일,PASS/FAIL,가상강의(보조강의)
함정공학,전공(심화),국가안보융합학부 해양안보학,"수13:30~15:00(자2114), 금13:30~15:00(자2114)",김승일,GRADE,가상강의(보조강의)
미래설계상담1,전공(기초),국제학부 국제학부,,강성우,PASS/FAIL,
글로벌 경영,전공(기초),국제학부 국제학부,월14:00~17:00(교302B),김종석,GRADE,가상강의(보조강의)
경제학입문,전공(기초),국제학부 국제학부,화09:00~12:00(교303A),이이림,GRADE,가상강의(보조강의)
정치학개론,전공(기초),국제학부 국제학부,목14:00~17:00(교303A),이효빈,GRADE,가상강의(보조강의)
한국어 읽기1,전공(기초),국제학부 국제학부,목14:00~17:00(교302B),김정인,GRADE,가상강의(보조강의)
한국어 말하기1,전공(기초),국제학부 국제학부,화10:00~13:00(교302B),송미영,GRADE,가상강의(보조강의)
K-Culture로 만나는 한국 한국인1,전공(기초),국제학부 국제학부,"화16:00~18:00(교303B), 수10:00~11:00(교303B)",윤석진,GRADE,가상강의(보조강의)
미래설계상담3,전공(기초),국제학부 국제학부,,강성우,PASS/FAIL,
무역실무,전공(핵심),국제학부 국제학부,"화17:00~18:00(경N105), 수14:00~16:00(경N105)",강지훈,GRADE,가상강의(보조강의)
비즈니스중국어Ⅰ,전공(핵심),국제학부 국제학부,수09:00~12:00(경N314),이이림,GRADE,가상강의(보조강의)
미시경제학이해,전공(핵심),국제학부 국제학부,금10:00~13:00(교303A),브느트스카마르타,GRADE,가상강의(보조강의)
글로벌 문화 및 커뮤니케이션의 이해,전공(심화),국제학부 국제학부,"월13:00~15:00(교303A), 화12:00~13:00(교303A)",강성우,GRADE,가상강의(보조강의)
국제정치경제,전공(핵심),국제학부 국제학부,"화13:00~14:00(교303A), 목10:00~12:00(교303A)",강성우,GRADE,가상강의(보조강의)
한국어 읽기2,전공(기초),국제학부 국제학부,화10:00~13:00(교303B),유세진,GRADE,가상강의(보조강의)
한국어 말하기2,전공(기초),국제학부 국제학부,"화13:00~14:00(교303B), 금10:00~12:00(교303B)",김덕신,GRADE,가상강의(보조강의)
K-Culture로 만나는 한국 한국인2,전공(기초),국제학부 국제학부,"수11:00~12:00(교303B), 목10:00~12:00(교303B)",김정인,GRADE,가상강의(보조강의)
한국문화사,전공(핵심),국제학부 국제학부,"월15:00~16:00(교303B), 화14:00~16:00(교303B)",강성우,GRADE,가상강의(보조강의)
미래설계상담5,전공(기초),국제학부 국제학부 국제학,,강성우,PASS/FAIL,
국제운송관리론,전공(심화),국제학부 국제학부 국제학,월10:00~13:00(경N314),강봉주,GRADE,가상강의(보조강의)
국제금융이해,전공(심화),국제학부 국제학부 국제학,금14:00~17:00(경N314),방만기,GRADE,가상강의(보조강의)
남북관계와 통일,전공(심화),국제학부 국제학부 국제학,목10:00~13:00(경N314),이효빈,GRADE,가상강의(보조강의)
글로벌운영관리,전공(심화),국제학부 국제학부 국제학,월14:00~17:00(경N314),강봉주,GRADE,가상강의(보조강의)
국제금융과 재무관리,전공(심화),국제학부 국제학부 국제학,금10:00~13:00(경N314),방만기,GRADE,가상강의(보조강의)
E-커머스,전공(심화),국제학부 국제학부 국제학,화10:00~13:00(경N314),브느트스카마르타,GRADE,가상강의(보조강의)
국제개발협력의 이해,전공(심화),국제학부 국제학부 국제학,화14:00~17:00(경N314),최현이,GRADE,가상강의(보조강의)
미래설계상담5,전공(기초),국제학부 국제학부 한국문화학,,강성우,PASS/FAIL,
한국사회론,전공(핵심),국제학부 국제학부 한국문화학,목11:00~14:00(교302B),이서영,GRADE,가상강의(보조강의)
K-소비트렌드,전공(심화),국제학부 국제학부 한국문화학,수11:00~14:00(교302B),이화옥,GRADE,가상강의(보조강의)
인물로 보는 한국의 철학,전공(심화),국제학부 국제학부 한국문화학,"월10:00~12:00(교302B), 화16:00~17:00(교302B)",김세정,GRADE,가상강의(보조강의)
한국의 옛노래,전공(심화),국제학부 국제학부 한국문화학,금14:00~17:00(교303B),이상숙,GRADE,가상강의(보조강의)
한국어탐색,전공(심화),국제학부 국제학부 한국문화학,"화14:00~15:00(교303A), 목14:00~16:00(교303B)",이금영,GRADE,가상강의(보조강의)
미래설계상담1,전공(기초),지식융합학부 문화와사회융합전공,,서영식,PASS/FAIL,가상강의(보조강의)
현대사회와심리,전공(핵심),지식융합학부 문화와사회융합전공,"화13:00~15:00(다2352), 목13:00~14:00(다2352)",고홍월,GRADE,가상강의(보조강의)
인간·생명·윤리,전공(핵심),지식융합학부 문화와사회융합전공,"월10:00~12:00(다2352), 화10:00~11:00(다2356)",서영식,GRADE,가상강의(보조강의)
학술적글쓰기1,전공(핵심),지식융합학부 문화와사회융합전공,"화16:00~18:00(다2352), 목11:00~12:00(법2346)",김정숙,GRADE,가상강의(보조강의)
논리적사고,전공(핵심),지식융합학부 문화와사회융합전공,"월14:00~16:00(다2343), 수13:00~14:00(다2354)",박준용,GRADE,가상강의(보조강의)
대학생활과 진로설계,교양(소양필수),지식융합학부 문화와사회융합전공,월12:00~13:00(다2352),서영식,GRADE,가상강의(보조강의)
미래설계상담1,전공(기초),지식융합학부 리더십과조직과학전공,,서영식,PASS/FAIL,가상강의(보조강의)
경영학개론,전공(핵심),지식융합학부 리더십과조직과학전공,월13:00~16:00(다2358),이주연,GRADE,가상강의(보조강의)
조직과학개론,전공(핵심),지식융합학부 리더십과조직과학전공,"화17:00~18:00(다2358), 수10:00~12:00(다2354)",김도영,GRADE,가상강의(보조강의)
리더십의이론과실제,전공(핵심),지식융합학부 리더십과조직과학전공,"화15:00~17:00(다2341), 목14:00~15:00(다2352)",고홍월,GRADE,가상강의(보조강의)
리더십과윤리,전공(핵심),지식융합학부 리더십과조직과학전공,"수13:00~14:00(다2352), 목10:00~12:00(다2352)",서영식,GRADE,가상강의(보조강의)
대학생활과 진로설계,교양(소양필수),지식융합학부 리더십과조직과학전공,목12:00~13:00(다2352),서영식,GRADE,가상강의(보조강의)
미래설계상담1,전공(기초),지식융합학부 공공안전융합전공,,서영식,PASS/FAIL,가상강의(보조강의)
공공안전학개론,전공(핵심),지식융합학부 공공안전융합전공,"화10:00~11:00(법2346), 수15:00~17:00(법2346)",김희정,GRADE,가상강의(보조강의)
논리적추론입문,전공(핵심),지식융합학부 공공안전융합전공,"화13:00~15:00(다2343), 수17:00~18:00(다2343)",박준용,GRADE,가상강의(보조강의)
공공성의이해,전공(핵심),지식융합학부 공공안전융합전공,"월13:00~15:00(다2354), 목10:00~11:00(법2346)",김정숙,GRADE,가상강의(보조강의)
공공안전과시민윤리,전공(핵심),지식융합학부 공공안전융합전공,"수10:00~12:00(다2352), 목13:00~14:00(다2356)",서영식,GRADE,가상강의(보조강의)
대학생활과 진로설계,교양(소양필수),지식융합학부 공공안전융합전공,수12:00~13:00(다2352),서영식,GRADE,가상강의(보조강의)
미래설계상담1,전공(기초),지식융합학부 리더십과조직학전공(재직자과정),,서영식,PASS/FAIL,가상강의(보조강의)
학술적글쓰기,전공(핵심),지식융합학부 리더십과조직학전공(재직자과정),월19:00~22:00(다2352),김정숙,GRADE,가상강의(보조강의)
논리와사고,전공(핵심),지식융합학부 리더십과조직학전공(재직자과정),토13:00~16:00(다2358),정영기,GRADE,가상강의(보조강의)
경력개발과관리,전공(핵심),지식융합학부 리더십과조직학전공(재직자과정),수19:00~22:00(다2352),고홍월,GRADE,가상강의(보조강의)
조직과학론,전공(핵심),지식융합학부 리더십과조직학전공(재직자과정),화19:00~22:00(다2352),김도영,GRADE,가상강의(보조강의)
대학생활과 진로설계,교양(소양필수),지식융합학부 리더십과조직학전공(재직자과정),토19:00~20:00(다2358),서영식,GRADE,가상강의(보조강의)
창의융합세미나1,교양(소양필수),충남대학교 창의융합대학,금09:00~10:00(융합301),황효정,GRADE,가상강의(보조강의)
창의융합세미나1,교양(소양필수),충남대학교 창의융합대학,금14:00~15:00(융합303),황효정,GRADE,가상강의(보조강의)
창의융합세미나1,교양(소양필수),충남대학교 창의융합대학,금16:00~17:00(융합301),황효정,GRADE,가상강의(보조강의)
창의융합세미나1,교양(소양필수),충남대학교 창의융합대학,금14:00~15:00(융합201),김기덕,GRADE,가상강의(보조강의)
창의융합세미나1,교양(소양필수),충남대학교 창의융합대학,금15:00~16:00(융합201),김기덕,GRADE,가상강의(보조강의)
창의융합세미나1,교양(소양필수),충남대학교 창의융합대학,금16:00~17:00(융합201),김기덕,GRADE,가상강의(보조강의)
창의융합세미나1,교양(소양필수),충남대학교 창의융합대학,금15:00~16:00(융합303),정우철,GRADE,가상강의(보조강의)
창의융합세미나1,교양(소양필수),충남대학교 창의융합대학,금16:00~17:00(융합303),정우철,GRADE,가상강의(보조강의)
창의융합세미나1,교양(소양필수),충남대학교 창의융합대학,금09:00~10:00(융합201),손다미,GRADE,가상강의(보조강의)
창의융합세미나1,교양(소양필수),충남대학교 창의융합대학,금10:00~11:00(융합201),손다미,GRADE,가상강의(보조강의)
창의융합세미나1,교양(소양필수),충남대학교 창의융합대학,금11:00~12:00(융합201),손다미,GRADE,가상강의(보조강의)
창의융합세미나1,교양(소양필수),충남대학교 창의융합대학,금13:00~14:00(융합201),정우철,GRADE,가상강의(보조강의)
창의융합세미나1,교양(소양필수),충남대학교 창의융합대학,금09:00~10:00(융합303),정우철,GRADE,가상강의(보조강의)
창의융합세미나1,교양(소양필수),충남대학교 창의융합대학,수13:00~14:00(농1101),황효정,GRADE,가상강의(보조강의)
창의융합세미나1,교양(소양필수),충남대학교 창의융합대학,수14:00~15:00(농1101),황효정,GRADE,가상강의(보조강의)
창의융합세미나1,교양(소양필수),충남대학교 창의융합대학,,,GRADE,가상강의(보조강의)
창의융합세미나1,교양(소양필수),충남대학교 창의융합대학,,,GRADE,가상강의(보조강의)
창의융합세미나1,교양(소양필수),충남대학교 창의융합대학,,,GRADE,가상강의(보조강의)
주제탐구세미나1(자율),교양(소양필수),창의융합대학 자율전공융합학부,금10:00~13:00(융합301),김정숙,GRADE,가상강의(보조강의)
주제탐구세미나1(자율),교양(소양필수),창의융합대학 자율전공융합학부,금10:00~13:00(융합303),김정숙,GRADE,가상강의(보조강의)
주제탐구세미나1(자율),교양(소양필수),창의융합대학 자율전공융합학부,금13:00~16:00(융합301),김정숙,GRADE,가상강의(보조강의)
과학기술과 지식재산,전공(기초),연계대학 연계전공학과 지식재산융합전공,,김태훈,GRADE,가상강의(보조강의)
지식재산 법과 제도,전공(기초),연계대학 연계전공학과 지식재산융합전공,,김태만,GRADE,가상강의(보조강의)
지식재산과 창업,전공(심화),연계대학 연계전공학과 지식재산융합전공,,김태훈,GRADE,가상강의(보조강의)
지식재산 캡스톤디자인 1,전공(심화),연계대학 연계전공학과 지식재산융합전공,,김영아,GRADE,가상강의(보조강의)
K-culture와 상표,전공(심화),연계대학 연계전공학과 지식재산융합전공,화15:00~18:00(공2332),김태만,GRADE,가상강의(보조강의)
K-culture와 디자인,전공(심화),연계대학 연계전공학과 지식재산융합전공,화10:00~13:00(공2332),한상훈,GRADE,가상강의(보조강의)
지식재산 연구개발의 이해,전공(핵심),연계대학 연계전공학과 지식재산융합전공,월10:00~13:00(공2332),김영아,GRADE,가상강의(보조강의)
특허정보조사와 분석,전공(심화),연계대학 연계전공학과 지식재산융합전공,수19:00~22:00(산학연0210),김영아,GRADE,가상강의(보조강의)
지식재산 금융의 이해,전공(핵심),연계대학 연계전공학과 지식재산융합전공,수14:00~17:00(공2332),민인홍,GRADE,가상강의(보조강의)
지식재산 서비스 실무,전공(심화),연계대학 연계전공학과 지식재산융합전공,"목15:00~17:00(공2332), 목17:00~19:00(공2332)",박기문,GRADE,가상강의(보조강의)
지식재산실무 캡스톤디자인,전공(심화),연계대학 연계전공학과 지식재산융합전공,"목09:00~11:00(공2332), 목11:00~13:00(공2332)",박기문,GRADE,가상강의(보조강의)
서양윤리사상,전공(심화),연계대학 연계전공학과 도덕.윤리,"화17:00~18:00(인0130), 목14:00~16:00(인0130)",김경배,GRADE,가상강의(보조강의)
한국윤리사상,전공(심화),연계대학 연계전공학과 도덕.윤리,"화18:00~19:00(인0123), 목19:00~21:00(인0123)",이영자,GRADE,가상강의(보조강의)
시민교육론,전공(심화),연계대학 연계전공학과 도덕.윤리,"월19:00~21:00(인0123), 목18:00~19:00(인0123)",김승영,GRADE,가상강의(보조강의)
도덕윤리 논술,전공(심화),연계대학 연계전공학과 도덕.윤리,금15:00~17:00(인0130),김창경,GRADE,가상강의(보조강의)
통일교육론,전공(심화),연계대학 연계전공학과 도덕.윤리,"화20:00~21:00(인0130), 목19:00~21:00(인0130)",임윤정,GRADE,가상강의(보조강의)
직업윤리와지구공동체윤리,전공(심화),연계대학 연계전공학과 도덕.윤리,수18:00~21:00(인0130),조지선,GRADE,가상강의(보조강의)
동서윤리고전강독,전공(심화),연계대학 연계전공학과 도덕.윤리,"월18:00~19:00(인0130), 화18:00~20:00(인0130)",황인선,GRADE,가상강의(보조강의)
도덕윤리 교수법 및 평가,전공(심화),연계대학 연계전공학과 도덕.윤리,금17:00~19:00(인0130),김창경,GRADE,가상강의(보조강의)
반도체 산학특강1,전공(심화),연계대학 연계전공학과 반도체 소재·부품·장비 융합전공,화19:00~22:00(공동107),곽동화,PASS/FAIL,가상강의(보조강의)
반도체 소재·공정 융합 개론,전공(핵심),연계대학 연계전공학과 반도체 소재·부품·장비 융합전공,수19:00~22:00(공동107),이종원,GRADE,가상강의(보조강의)
디지털 문화유산,전공(기초),연계대학 연계전공학과 인문사회 디지털 융합전공,목09:00~12:00(인0216),박양진,GRADE,가상강의(보조강의)
디지털 커뮤니케이션 분석과 언어변화,전공(심화),연계대학 연계전공학과 인문사회 디지털 융합전공,"월11:00~13:00(인0102), 금10:00~11:00(인0102)",최재훈,GRADE,가상강의(보조강의)
인지과학 및 언어 데이터 처리를 위한 큐레이션,전공(심화),연계대학 연계전공학과 인문사회 디지털 융합전공,월15:00~16:00(인0128),강아름,GRADE,가상강의(보조강의)
디지털 융합 캡스톤디자인 기초,전공(심화),연계대학 연계전공학과 인문사회 디지털 융합전공,"화17:00~19:00(인0246), 목17:00~19:00(인0246)",한석원,GRADE,가상강의(보조강의)
창업실습Ⅰ,전공(기초),연계대학 연계전공학과 창업경영학,"월10:00~12:00(마루빌(인재개발원3층)), 금18:00~20:00(마루빌(인재개발원3층))",박지원,PASS/FAIL,가상강의(보조강의)
처음만나는 창업,전공(기초),연계대학 연계전공학과 창업경영학,금09:00~12:00(경S342),안기돈,GRADE,가상강의(보조강의)
창업연계캡스톤디자인,전공(핵심),연계대학 연계전공학과 창업경영학,목18:00~21:00(마루빌(인재개발원3층)),양승호,GRADE,가상강의(보조강의)
창업현장실습,전공(심화),연계대학 연계전공학과 창업경영학,,유태우,GRADE,가상강의(보조강의)
창업마케팅,전공(핵심),연계대학 연계전공학과 창업경영학,목15:00~18:00(마루빌(인재개발원3층)),유태우,GRADE,가상강의(보조강의)
정신장애와가상현실치료,전공(심화),연계대학 연계전공학과 감성인지소프트웨어,"화19:00~20:30(사강305), 목10:30~12:00(사강305)",노수림,GRADE,가상강의(보조강의)
영농창업입문,전공(기초),연계대학 연계전공학과 과채·특용작물영농창업,금10:00~12:00(농1401),김영아,GRADE,가상강의(보조강의)
양액재배실습,전공(핵심),연계대학 연계전공학과 과채·특용작물영농창업,금14:00~18:00(농1401),박종석,GRADE,가상강의(보조강의)
영농창업실무,전공(심화),연계대학 연계전공학과 과채·특용작물영농창업,"금14:00~16:00(농1410), 금16:00~18:00(농1410)",오상근,GRADE,가상강의(보조강의)
농장경영기록및관리실습,전공(심화),연계대학 연계전공학과 과채·특용작물영농창업,"목09:00~11:00(농1401), 목11:00~13:00(농1401)",천종필,GRADE,가상강의(보조강의)
수확후품질관리실습,전공(심화),연계대학 연계전공학과 과채·특용작물영농창업,"목14:00~16:00(농1314), 목16:00~18:00(농1314)",천종필,GRADE,가상강의(보조강의)
경제학원론,전공(핵심),연계대학 연계전공학과 스마트이트레이드,"월14:00~16:00(경S345), 화16:00~17:00(경S345)",백운,GRADE,가상강의(보조강의)
무역학원론,전공(핵심),연계대학 연계전공학과 스마트이트레이드,"화10:00~11:00(경N105), 목14:00~16:00(경N105)",백은영,GRADE,가상강의(보조강의)
JAVA 프로그래밍기초,전공(기초),연계대학 연계전공학과 스마트이트레이드,"월18:00~20:00(공5416), 화18:00~20:00(공5404)",홍인숙,GRADE,가상강의(보조강의)
자료구조와 알고리즘,전공(핵심),연계대학 연계전공학과 스마트이트레이드,"월20:00~22:00(공5416), 화20:00~22:00(공5404)",홍인숙,GRADE,가상강의(보조강의)
웹프로그래밍,전공(핵심),연계대학 연계전공학과 스마트이트레이드,"수20:00~22:00(공5404), 목20:00~22:00(공5416)",문현수,GRADE,가상강의(보조강의)
SW 종합설계 프로젝트,전공(심화),연계대학 연계전공학과 스마트이트레이드,월19:00~22:00(공5102),이홍로,GRADE,가상강의(보조강의)
모바일프로그래밍,전공(핵심),연계대학 연계전공학과 스마트이트레이드,"수18:00~20:00(공5404), 목18:00~20:00(공5416)",문현수,GRADE,가상강의(보조강의)
회계원리,전공(기초),연계대학 연계전공학과 아시아비즈니스,"화14:00~15:00(경S135), 목13:00~15:00(경S135)",최동준,GRADE,가상강의(보조강의)
무역학원론,전공(기초),연계대학 연계전공학과 아시아비즈니스,"화10:00~11:00(경N316), 목14:00~16:00(경N316)",백은영,GRADE,가상강의(보조강의)
글로벌매너와에티켓,전공(핵심),연계대학 연계전공학과 아시아비즈니스,금10:00~13:00(인0465),박유미,GRADE,가상강의(보조강의)
거시경제학,전공(핵심),연계대학 연계전공학과 아시아비즈니스,수14:00~17:00(경N313),심완섭,GRADE,가상강의(보조강의)
동남아지역언어와역사,전공(핵심),연계대학 연계전공학과 아시아비즈니스,"월13:00~15:00(인0124), 수15:00~16:00(인0124)",이준형,GRADE,가상강의(보조강의)
무역중국어,전공(심화),연계대학 연계전공학과 아시아비즈니스,"화10:00~12:00(인0119), 수13:00~14:00(인0119)",성나영,GRADE,가상강의(보조강의)
언어정보처리개론,전공(핵심),연계대학 연계전공학과 언어정보처리,"월11:00~13:00(인0246), 수15:00~16:00(인0246)",유현조,GRADE,가상강의(보조강의)
디지털콘텐츠제작실습기초,전공(핵심),연계대학 연계전공학과 인문콘텐츠,"금09:00~11:00(예디자3208), 금11:00~13:00(예디자3208)",김명미,GRADE,가상강의(보조강의)
인문콘텐츠입문,전공(핵심),연계대학 연계전공학과 인문콘텐츠,"화13:00~15:00(인0254), 목09:00~10:00(인0254)",오수연,GRADE,가상강의(보조강의)
트랜스미디어 스토리텔링,전공(핵심),연계대학 연계전공학과 인문콘텐츠,"월14:00~16:00(인0254), 목14:00~15:00(인0254)",윤석진,GRADE,가상강의(보조강의)
온라인 영상 플랫폼과 기획론,전공(심화),연계대학 연계전공학과 인문콘텐츠,"화10:00~12:00(인0254), 수09:00~10:00(인0254)",오수연,GRADE,가상강의(보조강의)
대중매체와언어,전공(핵심),연계대학 연계전공학과 인문콘텐츠,"화09:00~10:00(인0254), 목10:00~12:00(인0254)",이윤희,GRADE,가상강의(보조강의)
동아시아의고대도시,전공(핵심),연계대학 연계전공학과 인문콘텐츠,"월13:00~14:00(인0254), 목12:00~14:00(인0254)",우재병,GRADE,가상강의(보조강의)
디지털문학,전공(핵심),연계대학 연계전공학과 인문콘텐츠,"화15:00~17:00(인0254), 수12:00~13:00(인0254)",서경숙,GRADE,가상강의(보조강의)
대전학과 디지털콘텐츠,전공(핵심),연계대학 연계전공학과 인문콘텐츠,"월10:00~12:00(인0254), 목17:00~18:00(인0254)",이영자,GRADE,가상강의(보조강의)
메타버스와 디지털 스토리텔링,전공(심화),연계대학 연계전공학과 인문콘텐츠,"화12:00~13:00(인0254), 수10:00~12:00(인0254)",서경숙,GRADE,가상강의(보조강의)
인공지능기초,전공(심화),연계대학 연계전공학과 지식생태,"월15:00~16:30(사강102), 화15:00~16:30(사강102)",이석형,GRADE,가상강의(보조강의)
전산열유체기초,전공(기초),연계대학 연계전공학과 환경ICT,수12:00~15:00(공3307),김혜숙,GRADE,가상강의(보조강의)
스마트농업 인공지능 및 코딩,일반선택,마이크로디그리과정 마이크로디그리과정 스마트농업 실무인재 양성과정,"화09:00~10:00(농2205), 금15:00~17:00(농2118)",이규호,GRADE,가상강의(보조강의)
하이브리드태양광기술,일반선택,마이크로디그리과정 마이크로디그리과정 에너지공정공학과정,"월09:00~10:30(산학연0603), 화09:00~10:30(산학연0603)",임종철,GRADE,가상강의(보조강의)
에너지소재전산설계기술,일반선택,마이크로디그리과정 마이크로디그리과정 에너지소재공학과정,"수09:00~10:30(산학연0603), 목10:30~12:00(산학연0603)",신혜영,GRADE,가상강의(보조강의)
센서와 에너지 소재 진단,전공(핵심),마이크로디그리과정 마이크로디그리과정 센서와 에너지 전기화학분석 과정,"목09:00~10:30(분2467), 금09:00~10:30(분2467)",정범균,GRADE,가상강의(보조강의)
센서와 에너지 소자 검측,전공(핵심),마이크로디그리과정 마이크로디그리과정 센서와 에너지 전기화학분석 과정,"목10:30~12:00(분2467), 금10:30~12:00(분2467)",배제현,GRADE,가상강의(보조강의)
이차전지 융합공학 기술,일반선택,마이크로디그리과정 마이크로디그리과정 이차전지기술 특화 첨단과정,월16:30~19:30(공1316),송승완,GRADE,가상강의(보조강의)
생물학으로 읽는 질병,전공(핵심),마이크로디그리과정 마이크로디그리과정 질병분석 과정,"목15:00~16:30(분2467), 금15:00~16:30(분2467)",이주용,GRADE,가상강의(보조강의)
행정법 기초개념의 이해,일반선택,마이크로디그리과정 마이크로디그리과정 행정법 융합인재 양성과정,월09:00~12:00(교105),김규형,GRADE,가상강의(보조강의)
행정기본법의 이해,일반선택,마이크로디그리과정 마이크로디그리과정 행정법 융합인재 양성과정,금15:00~18:00(법106),김규형,GRADE,가상강의(보조강의)
정책학입문,전공(핵심),마이크로디그리과정 마이크로디그리과정 미래 융합 정책인재 양성과정 ,"월16:30~18:00(생415), 수15:00~16:30(생415)",고영준,GRADE,가상강의(보조강의)
미래 농림축산식품과학 입문,일반선택,마이크로디그리과정 마이크로디그리과정 융합푸드시스템 입문,목15:00~18:00(농2203),정희곤,GRADE,가상강의(보조강의)
바이오신기술,일반선택,마이크로디그리과정 마이크로디그리과정 지능형 정밀 육종 입문,수16:00~19:00(농2402),최인철,GRADE,가상강의(보조강의)
방위산업의 이해,일반선택,마이크로디그리과정 마이크로디그리과정 방위산업과정,"월16:30~18:00(전산1106), 수16:30~18:00(전산1106)",길병옥,GRADE,가상강의(보조강의)
방위사업과 의사결정,일반선택,마이크로디그리과정 마이크로디그리과정 방위산업과정,"화16:30~18:00(자2119), 목16:30~18:00(자2119)",설현주,GRADE,가상강의(보조강의)
산업보안학,일반선택,마이크로디그리과정 마이크로디그리과정 산업보안과정,월09:00~12:00(자2119),남궁록,GRADE,가상강의(보조강의)
산업보안 관련법의 이해,일반선택,마이크로디그리과정 마이크로디그리과정 산업보안과정,금15:00~18:00(교204A),김현우,GRADE,가상강의(보조강의)
철도교통학,전공(심화),마이크로디그리과정 마이크로디그리과정 스마트철도교통과정,"금09:00~10:00(공2229), 금10:00~11:00(공2229), 금11:00~12:00(공2229), 금12:00~13:00(공2229)",임남형,GRADE,가상강의(보조강의)
신교통시스템세미나,전공(심화),마이크로디그리과정 마이크로디그리과정 스마트철도교통과정,"금13:00~14:00(공2127), 금14:00~15:00(공2127), 금15:00~16:00(공2127), 금16:00~17:00(공2127)",임남형,GRADE,가상강의(보조강의)
친환경수소기술,일반선택,마이크로디그리과정 마이크로디그리과정 차세대에너지공학과정,"화13:30~15:00(산학연0603), 목13:30~15:00(산학연0603)",정남기,GRADE,가상강의(보조강의)
스마트농업생산응용,일반선택,마이크로디그리과정 디지털 AI 스마트파밍 응용 과정,금09:00~12:00(농1403),천종필,GRADE,가상강의(보조강의)
작물보호와 분자생명공학의 이해,전공(핵심),마이크로디그리과정 디지털 AI 스마트파밍 심화 과정,"화09:00~11:00(농1408), 수17:00~18:00(농1403)",오상근,GRADE,가상강의(보조강의)
에코바이오신소재 고급,일반선택,마이크로디그리과정 에코바이오신소재 심화 과정,목16:00~19:00(농1107-2),한정수,GRADE,가상강의(보조강의)
미래 농림축산식품과학 응용 및 실습,일반선택,마이크로디그리과정 융합푸드시스템 응용 과정,"금09:00~11:00(농2201), 금11:00~13:00(농2201)",강태영,GRADE,가상강의(보조강의)
융합 푸드시스템 설계와 개발,일반선택,마이크로디그리과정 융합푸드시스템 심화 과정,"수18:00~20:00(농2201), 수20:00~22:00(농2201)",김희택,GRADE,가상강의(보조강의)
농생명 데이터 활용,일반선택,마이크로디그리과정 지능형 정밀 육종 응용 과정,"목18:00~20:00(농2402), 목16:00~18:00(농2402)",이승환,GRADE,가상강의(보조강의)
친환경 농업과 경제,일반선택,마이크로디그리과정 친환경 Ag-Tech 응용 과정,금09:00~12:00(농3406),황정인,GRADE,가상강의(보조강의)
친환경농업현장관리기술,일반선택,마이크로디그리과정 친환경 Ag-Tech 심화 과정,금09:00~12:00(농1402),이기범,GRADE,가상강의(보조강의)
자원순환과 농업비지니스,일반선택,마이크로디그리과정 탄소중립과 바이오비지니스 응용 과정,금14:00~17:00(농1402),오택근,GRADE,가상강의(보조강의)
국산목재생산 및 활용 고급,일반선택,마이크로디그리과정 탄소중립과 바이오비지니스 심화 과정,금15:00~18:00(농1128),강석구,GRADE,가상강의(보조강의)
모빌리티 CAE,전공(핵심),DSC공유대학 모빌리티소재부품장비융합학부 친환경동력시스템,,,GRADE,
모빌리티 캡스톤디자인 Ⅰ,전공(기초),DSC공유대학 모빌리티소재부품장비융합학부 친환경동력시스템,,,GRADE,
모빌리티 캡스톤디자인 Ⅰ,전공(기초),DSC공유대학 모빌리티소재부품장비융합학부 친환경동력시스템,,,GRADE,
모빌리티 요소설계,전공(핵심),DSC공유대학 모빌리티소재부품장비융합학부 친환경동력시스템,,,GRADE,
전기차 구동 파워일렉트릭 시스템,전공(심화),DSC공유대학 모빌리티소재부품장비융합학부 친환경동력시스템,,,GRADE,
센서공학,전공(핵심),DSC공유대학 모빌리티소재부품장비융합학부 지능형전장제어시스템,,,GRADE,
지능형제어공학,전공(핵심),DSC공유대학 모빌리티소재부품장비융합학부 지능형전장제어시스템,,,GRADE,
자동차제조공학,전공(핵심),DSC공유대학 모빌리티소재부품장비융합학부 지능형전장제어시스템,,,GRADE,
모터이론및제어,전공(핵심),DSC공유대학 모빌리티소재부품장비융합학부 지능형전장제어시스템,,,GRADE,
고급 XR프로그래밍,전공(핵심),DSC공유대학 모빌리티소재부품장비융합학부 지능형전장제어시스템,,,GRADE,
첨단센서융합 캡스톤디자인1,전공(기초),DSC공유대학 모빌리티소재부품장비융합학부 첨단센서융합디바이스,,,GRADE,
첨단센서융합 캡스톤디자인1,전공(기초),DSC공유대학 모빌리티소재부품장비융합학부 첨단센서융합디바이스,,,GRADE,
첨단센서융합 캡스톤디자인1,전공(기초),DSC공유대학 모빌리티소재부품장비융합학부 첨단센서융합디바이스,,,GRADE,
아날로그 센서 회로,전공(핵심),DSC공유대학 모빌리티소재부품장비융합학부 첨단센서융합디바이스,,,GRADE,
무선통신,전공(핵심),DSC공유대학 모빌리티소재부품장비융합학부 첨단센서융합디바이스,,,GRADE,
MATLAB/Simulink를 이용한 제어 프로그래밍,전공(심화),DSC공유대학 모빌리티소재부품장비융합학부 첨단센서융합디바이스,,,GRADE,
디스플레이 소자 및 공정실습,전공(핵심),DSC공유대학 모빌리티소재부품장비융합학부 디스플레이-시스템반도체소부장,,,GRADE,
반도체 소자 및 공정실습,전공(핵심),DSC공유대학 모빌리티소재부품장비융합학부 디스플레이-시스템반도체소부장,,,GRADE,
열유체 공학 개론,전공(핵심),DSC공유대학 모빌리티소재부품장비융합학부 디스플레이-시스템반도체소부장,,,GRADE,
광전자공학,전공(핵심),DSC공유대학 모빌리티소재부품장비융합학부 디스플레이-시스템반도체소부장,,,GRADE,
자율주행 시스템 개론,전공(기초),DSC공유대학 모빌리티ICT융합학부 자율주행시스템,,,GRADE,
자율주행 시뮬레이션 응용,전공(핵심),DSC공유대학 모빌리티ICT융합학부 자율주행시스템,,,GRADE,
자율주행 통신시스템,전공(핵심),DSC공유대학 모빌리티ICT융합학부 자율주행시스템,,,GRADE,
이동로봇 운행시스템,전공(핵심),DSC공유대학 모빌리티ICT융합학부 자율주행시스템,,,GRADE,
스마트제품디자인,전공(기초),DSC공유대학 모빌리티ICT융합학부 스마트휴먼인터페이스,,,GRADE,
XR인터페이스,전공(핵심),DSC공유대학 모빌리티ICT융합학부 스마트휴먼인터페이스,,,GRADE,
컴퓨터비전및응용,전공(핵심),DSC공유대학 모빌리티ICT융합학부 스마트휴먼인터페이스,,,GRADE,
UX디자인,전공(핵심),DSC공유대학 모빌리티ICT융합학부 스마트휴먼인터페이스,,,GRADE,
스마트모빌리티 신기술 세미나,전공(기초),DSC공유대학 모빌리티ICT융합학부 차세대통신융합,,,GRADE,
V2X 무선네트워크,전공(핵심),DSC공유대학 모빌리티ICT융합학부 차세대통신융합,,,GRADE,
V2X 네트워크 프로그래밍,전공(핵심),DSC공유대학 모빌리티ICT융합학부 차세대통신융합,,,GRADE,
V2X  통신시스템,전공(핵심),DSC공유대학 모빌리티ICT융합학부 차세대통신융합,,,GRADE,
모빌리티 캡스톤디자인Ⅰ,전공(기초),DSC공유대학 모빌리티ICT융합학부 차세대통신융합,,,GRADE,
모빌리티 캡스톤디자인Ⅰ,전공(기초),DSC공유대학 모빌리티ICT융합학부 차세대통신융합,,,GRADE,
모빌리티 캡스톤디자인Ⅰ,전공(기초),DSC공유대학 모빌리티ICT융합학부 차세대통신융합,,,GRADE,
딥러닝,전공(기초),DSC공유대학 모빌리티ICT융합학부 모빌리티SW/AI융합,,,GRADE,
임베디드소프트웨어,전공(핵심),DSC공유대학 모빌리티ICT융합학부 모빌리티SW/AI융합,,,GRADE,
센서처리와 모터제어,전공(핵심),DSC공유대학 모빌리티ICT융합학부 모빌리티SW/AI융합,,,GRADE,
모빌리티 서비스,전공(핵심),DSC공유대학 모빌리티ICT융합학부 모빌리티SW/AI융합,,,GRADE,
모빌리티 캡스톤디자인Ⅰ,전공(핵심),DSC공유대학 모빌리티ICT융합학부 모빌리티SW/AI융합,,,GRADE,
첨단과학기술로 지키는 충청의 문화유산,일반선택,DSC공유대학 미래인재융합학부,,,GRADE,
글로벌 리더와 정의,일반선택,DSC공유대학 미래인재융합학부,,,GRADE,
"디지털경제시대의 기업, 시장, 정부",일반선택,DSC공유대학 미래인재융합학부,,,GRADE,
상상이 현실이 되는 Flying Mobility,일반선택,DSC공유대학 미래인재융합학부,,,GRADE,
KT 연계 AI 실무인재 양성 기초교육,일반선택,DSC공유대학 미래인재융합학부,,,GRADE,
오픈소스 SW 활용,전공(기초),융합학과 블록체인,,김상형,GRADE,가상강의(보조강의)
블록체인 개론,전공(기초),융합학과 블록체인,,최향창,GRADE,가상강의(보조강의)
알고리즘 설계와 분석,전공(기초),융합학과 블록체인,,이만호,GRADE,가상강의(보조강의)
디지털 자산과 블록체인,전공(핵심),융합학과 블록체인,,최기용,GRADE,가상강의(보조강의)
블록체인 프로그래밍,전공(핵심),융합학과 블록체인,,엄기진,GRADE,가상강의(보조강의)
바이오의약생화학,전공(기초),융합학과 바이오의약품 실무,월14:00~17:00(국제105),강은혜,GRADE,가상강의(보조강의)
바이오의약품개론,전공(핵심),융합학과 바이오의약품 실무,화14:00~17:00(국제105),강은혜,GRADE,가상강의(보조강의)
바이오공정단위조작,전공(핵심),융합학과 바이오의약품 실무,화19:00~22:00(농2201),강태영,GRADE,가상강의(보조강의)
바이오의약품인허가실무,전공(핵심),융합학과 바이오의약품 실무,수19:00~22:00(국제105),안현주,GRADE,가상강의(보조강의)
전문실무교육PBL,전공(심화),융합학과 바이오의약품 실무,"월19:00~23:00(국제105), 목18:00~22:00(국제105), 금18:00~22:00(국제105)",박종태,GRADE,가상강의(보조강의)
바이오소재생산및실습,전공(심화),융합학과 바이오의약품 실무,"목12:00~14:00(농2201), 목14:00~16:00(농2201)",강은혜,GRADE,가상강의(보조강의)
그린바이오 산업과 가치창출,전공(기초),융합학과 그린바이오,,이승현,GRADE,가상강의(보조강의)
첨단한우실무,전공(핵심),융합학과 그린바이오,,,GRADE,가상강의(보조강의)
스마트팜작물보호,전공(핵심),융합학과 그린바이오,,,GRADE,가상강의(보조강의)
그린바이오 진로설계,전공(핵심),융합학과 그린바이오,월16:00~22:00(농3101),김희택,GRADE,가상강의(보조강의)
스마트팜영양관리,전공(심화),융합학과 그린바이오,,,GRADE,가상강의(보조강의)
CAD,전공(기초),충남대학교 기술경영건설학부,토09:00~12:00(공4413),이후승,GRADE,가상강의(보조강의)
건설재료학,전공(핵심),충남대학교 기술경영건설학부,금13:00~16:00(공2202),신경수,GRADE,가상강의(보조강의)
경영실습(캡스톤디자인),전공(핵심),충남대학교 기술경영건설학부,토13:00~16:00(경E201),김태중,GRADE,가상강의(보조강의)
건설사업관리1,전공(핵심),충남대학교 기술경영건설학부,금16:00~19:00(공2421),이민재,GRADE,가상강의(보조강의)
경영학원론,전공(기초),기술경영건설학부 경영,금13:00~16:00(경E203),김태중,GRADE,가상강의(보조강의)
회계학원론,전공(기초),기술경영건설학부 경영,토09:00~12:00(경E203),강선아,GRADE,가상강의(보조강의)
조직구조론,전공(심화),기술경영건설학부 경영,금13:00~16:00(경E201),강신형,GRADE,가상강의(보조강의)
경영전략,전공(핵심),기술경영건설학부 경영,금16:00~19:00(경E201),이주일,GRADE,가상강의(보조강의)
소비자행동론,전공(심화),기술경영건설학부 경영,토09:00~12:00(경E201),석준희,GRADE,가상강의(보조강의)
철근콘크리트구조 및 설계,전공(핵심),기술경영건설학부 건축,토13:00~16:00(공2202),박완신,GRADE,가상강의(보조강의)
수치해석 ,전공(심화),기술경영건설학부 건축,토09:00~12:00(공2202),황순규,GRADE,가상강의(보조강의)
기계재료학,전공(핵심),기술경영건설학부 기계,금13:00~16:00(공4417),정덕현,GRADE,가상강의(보조강의)
유체역학,전공(핵심),기술경영건설학부 기계,토13:00~16:00(공4417),임석연,GRADE,가상강의(보조강의)
기계공작법,전공(심화),기술경영건설학부 기계,금13:00~16:00(공4416),이원균,GRADE,가상강의(보조강의)
전기전자공학개론,전공(기초),기술경영건설학부 전기,금13:00~16:00(경E301),김완재,GRADE,가상강의(보조강의)
전기기기론,전공(심화),기술경영건설학부 전기,토13:00~16:00(공2205),최장영,GRADE,가상강의(보조강의)
전력전자공학,전공(심화),기술경영건설학부 전기,토09:00~12:00(공2205),차한주,GRADE,가상강의(보조강의)
제어공학,전공(심화),기술경영건설학부 전기,금13:00~16:00(공2137),천관호,GRADE,가상강의(보조강의)
정역학,전공(핵심),기술경영건설학부 토목,금13:00~16:00(공2421),신경준,GRADE,가상강의(보조강의)
측량학,전공(핵심),기술경영건설학부 토목,토13:00~16:00(공2421),윤희천,GRADE,가상강의(보조강의)
철근콘크리트공학1,전공(핵심),기술경영건설학부 토목,토09:00~12:00(공2421),김윤용,GRADE,가상강의(보조강의)
실내조경식물,전공(핵심),기술경영건설학부 조경,금13:00~16:00(경E202),김영아,GRADE,가상강의(보조강의)
스포츠심리상담의 이해,전공(심화),자기설계대학 자기설계 스포츠심리상담,"월12:00~14:00(자1315), 화10:00~11:00(자1315)",최옥숙,GRADE,가상강의(보조강의)
운동발달론,전공(기초),자기설계대학 자기설계 스포츠심리상담,"월16:00~17:00(자1315), 수14:00~16:00(자1315)",박세윤,GRADE,가상강의(보조강의)
심리기술훈련,전공(심화),자기설계대학 자기설계 스포츠심리상담,"월10:00~12:00(자1315), 화11:00~12:00(자1315)",최옥숙,GRADE,가상강의(보조강의)
스포츠심리검사 및 평가,전공(심화),자기설계대학 자기설계 스포츠심리상담,"월17:00~18:00(자1315), 수16:00~18:00(자1315)",박세윤,GRADE,가상강의(보조강의)
